N_cycles,Load,eyy,exx,Specimen_name
0,-12.272808,0.0,0.0,T1-FC-10-B5
0,-12.973199,-2.56e-05,-1.37e-05,
0,-11.123201,-2.5e-05,-5.43e-06,
0,-12.185863,-5.28e-05,-1.78e-05,
0,-12.171372,-8.83e-06,5.82e-06,
0,-12.369414,4.55e-05,-1.4e-05,
1,465.944768,-0.001226,0.00322419,
1,473.204704,-0.00125664,0.00328665,
1,478.778867,-0.00125844,0.00331015,
1,477.624426,-0.00125934,0.00330403,
1,475.387998,-0.00124878,0.00328391,
1,470.567362,-0.00124135,0.00323888,
1,458.061725,-0.00120425,0.00315302,
1,445.483637,-0.0011764,0.00306783,
1,428.664553,-0.00112542,0.00295962,
1,417.593521,-0.00109128,0.00287703,
1,403.406952,-0.00106661,0.00278971,
1,392.988014,-0.00103646,0.00272491,
1,386.138661,-0.00102899,0.0027075,
1,386.45263,-0.00103357,0.00271713,
1,390.485923,-0.001047,0.00275565,
1,402.70173,-0.00108,0.00284605,
1,416.555008,-0.0011265,0.00294651,
1,437.00164,-0.00118594,0.00309158,
1,458.361204,-0.00122848,0.00322947,
1,476.465154,-0.00127456,0.00334755,
2,494.631905,-0.00132858,0.00347326,
2,510.127505,-0.00135964,0.00354542,
2,514.460284,-0.00137205,0.00358159,
2,514.972296,-0.00136653,0.00357051,
2,507.6399,-0.00134017,0.00351303,
2,492.120149,-0.00129749,0.00339048,
2,473.050134,-0.00124485,0.0032642,
2,449.188473,-0.00117115,0.00308301,
2,419.588432,-0.00110557,0.00290379,
2,398.851987,-0.00104824,0.00275667,
2,373.594397,-0.000991404,0.00259203,
2,351.843605,-0.000956917,0.00250239,
2,352.394258,-0.000958736,0.00250771,
2,352.795172,-0.00095272,0.00250694,
2,358.939299,-0.00098635,0.00258172,
2,385.539705,-0.00104701,0.00276645,
2,405.68202,-0.00110451,0.00289111,
2,429.761029,-0.00119219,0.00310616,
2,472.871413,-0.00129012,0.00335482,
3,494.921722,-0.00134328,0.00350795,
3,522.710437,-0.00142255,0.00369815,
3,544.113506,-0.00146429,0.00381644,
3,550.421882,-0.00147622,0.00384044,
3,550.566791,-0.00147528,0.00382572,
3,540.539081,-0.00144041,0.00373365,
3,514.948144,-0.00136428,0.00354282,
3,485.154859,-0.00129061,0.00334202,
3,450.082077,-0.00119744,0.00309839,
3,411.956569,-0.00109962,0.0028493,
3,375.352623,-0.00100486,0.0025992,
3,338.627936,-0.000926486,0.00240414,
3,323.866577,-0.00089656,0.00232279,
3,314.587596,-0.000869553,0.00225186,
3,313.703653,-0.000887324,0.00229018,
3,330.493731,-0.000936975,0.00242478,
3,357.722066,-0.00102204,0.00263114,
3,395.924831,-0.0011134,0.00287402,
3,430.089489,-0.00121653,0.00312419,
3,476.513457,-0.00133225,0.00343434,
4,518.58536,-0.00144012,0.00370646,
4,551.291336,-0.00151339,0.00390503,
4,575.389727,-0.00157485,0.00406285,
4,588.523331,-0.00160185,0.00410959,
4,586.30622,-0.00158245,0.00407324,
4,570.931355,-0.00153681,0.00394228,
4,538.491033,-0.00144575,0.00369839,
4,496.602666,-0.00133609,0.0034133,
4,452.41028,-0.00122644,0.00311335,
4,401.450684,-0.00109715,0.00277416,
4,349.496085,-0.000966688,0.00243522,
4,314.708353,-0.000893641,0.00225177,
4,288.750395,-0.000830428,0.00207214,
4,274.882646,-0.000824388,0.00203652,
4,281.56776,-0.000848555,0.0020943,
4,299.874543,-0.000905544,0.00223483,
4,334.67193,-0.00100857,0.0025031,
4,384.597799,-0.0011342,0.00283329,
4,430.041186,-0.00125823,0.00313859,
4,487.685936,-0.00141076,0.00353284,
5,539.7131,-0.00154814,0.0038624,
5,580.070294,-0.0016512,0.00411958,
5,609.757367,-0.00171713,0.00429686,
5,623.784589,-0.00175024,0.00436941,
5,621.94424,-0.00173371,0.00431699,
5,598.493087,-0.00167067,0.00414108,
5,562.459,-0.00157371,0.00384898,
5,510.668498,-0.00142618,0.00347577,
5,452.004535,-0.00128378,0.0030916,
5,394.118302,-0.00113759,0.00269193,
5,328.856264,-0.000980731,0.00229214,
5,286.13238,-0.000887329,0.00203471,
5,256.64349,-0.000822017,0.00185208,
5,238.723136,-0.000797165,0.00177991,
5,243.249112,-0.000913131,0.00204961,
5,311.935768,-0.00103913,0.00234991,
5,370.440218,-0.00120526,0.00277012,
5,431.630353,-0.00136086,0.00314906,
5,493.786602,-0.00152633,0.0035839,
6,560.502726,-0.0016941,0.00400265,
6,608.429032,-0.00181329,0.00430035,
6,643.463281,-0.00190087,0.00452897,
6,661.224347,-0.0019337,0.00459868,
6,655.389327,-0.00190826,0.00452504,
6,631.508257,-0.00182996,0.00431659,
6,583.345242,-0.00170648,0.00396293,
6,525.386424,-0.00154913,0.00353052,
6,453.40532,-0.00136238,0.00304942,
6,382.767119,-0.00117564,0.00257569,
6,310.462531,-0.00100136,0.0021215,
6,257.025083,-0.000886069,0.00180884,
6,222.015186,-0.000799712,0.00160224,
6,202.240007,-0.000774471,0.00152023,
6,209.596528,-0.00081132,0.00160264,
6,240.249506,-0.000903223,0.00184986,
6,291.71619,-0.00103911,0.00220409,
6,355.562927,-0.00122597,0.00266521,
6,431.142493,-0.00141979,0.00315918,
6,504.355297,-0.00160869,0.00365779,
7,579.316766,-0.00179442,0.00413901,
7,636.246794,-0.00192579,0.00449389,
7,676.83593,-0.00202467,0.0047456,
7,698.939468,-0.00207225,0.00484889,
7,693.597135,-0.00202303,0.00475596,
7,660.789619,-0.00192808,0.00449331,
7,606.777067,-0.00177395,0.00410083,
7,539.172106,-0.00158167,0.00359659,
7,454.579082,-0.0011466,0.00247432,
7,289.474938,-0.000958043,0.00197788,
7,229.42484,-0.000807337,0.00161314,
7,185.54172,-0.000709593,0.00136354,
7,167.867717,-0.000685289,0.00129993,
7,174.161575,-0.000725731,0.00138147,
7,207.548488,-0.000820802,0.00165548,
7,269.158758,-0.000984975,0.00207851,
7,341.902871,-0.00118981,0.00259336,
7,434.673438,-0.00142146,0.00319897,
7,514.909502,-0.00162642,0.00374235,
8,596.010308,-0.00183392,0.00428673,
8,668.257287,-0.0020002,0.00473164,
8,711.942692,-0.00210281,0.00499418,
8,732.041666,-0.00213355,0.00509397,
8,728.360959,-0.0021021,0.00501093,
8,691.437982,-0.00198247,0.00469363,
8,628.725998,-0.00181317,0.00425285,
8,551.320318,-0.00159792,0.00367543,
8,453.574381,-0.00134226,0.00302802,
8,362.214235,-0.00110132,0.002407,
8,269.738392,-0.000883959,0.0018497,
8,202.684393,-0.000719256,0.00143155,
8,152.299718,-0.000600763,0.00115287,
8,130.133556,-0.000567016,0.00106924,
8,140.793987,-0.000611834,0.00119524,
8,180.933631,-0.00072707,0.00147534,
8,242.785405,-0.000905806,0.001953,
8,333.66723,-0.00114806,0.00257617,
8,431.625523,-0.00139016,0.00320583,
8,521.111608,-0.00163301,0.00384245,
9,620.702851,-0.00187666,0.00448681,
9,695.046231,-0.00205219,0.00493812,
9,742.808461,-0.00216552,0.00525579,
9,771.558572,-0.00221639,0.00538186,
9,760.898036,-0.00215647,0.00525041,
9,720.588969,-0.00203737,0.00491289,
9,650.6846,-0.00183313,0.00439825,
9,561.758606,-0.00159125,0.00374809,
9,455.376081,-0.00131525,0.0030412,
9,354.191125,-0.00104554,0.00234397,
9,249.229004,-0.000792036,0.00170211,
9,175.27737,-0.0006166,0.00126502,
9,119.212289,-0.000478825,0.000937063,
9,93.510361,-0.000440931,0.000848483,
9,106.35408,-0.000503917,0.000994295,
9,151.927787,-0.000629479,0.00132945,
9,220.691688,-0.000828615,0.0018275,
9,319.582112,-0.00110023,0.00252868,
9,432.388709,-0.00138347,0.00324953,
9,530.095968,-0.0016405,0.00393665,
10,640.101383,-0.00192156,0.00466058,
10,725.501408,-0.00210958,0.00518433,
10,778.601194,-0.00223232,0.00551476,
10,812.167179,-0.00230232,0.00568988,
10,794.628235,-0.0022174,0.00545407,
10,740.364316,-0.00207197,0.00509542,
10,674.686439,-0.00187056,0.00455795,
10,569.752761,-0.00158178,0.00380136,
10,455.173209,-0.00130151,0.00306351,
10,347.74269,-0.00100245,0.00229797,
10,233.028232,-0.00074069,0.00162685,
10,158.656369,-0.000565029,0.00118009,
10,100.5191,-0.000413412,0.000828234,
10,73.599942,-0.000385903,0.00075208,
10,94.408794,-0.000460319,0.000934704,
10,136.736551,-0.000580176,0.0012514,
10,212.934253,-0.000810695,0.00182437,
10,317.104175,-0.00107965,0.00252524,
10,428.993013,-0.00136242,0.00325236,
10,533.530313,-0.00164877,0.00399005,
210,640.04825,-0.00188433,0.00495249,
210,723.907401,-0.0020742,0.00545695,
210,773.099447,-0.0021969,0.00576943,
210,801.574255,-0.00224976,0.00591465,
210,788.522694,-0.00216848,0.00570731,
210,738.282446,-0.00202984,0.005358,
210,667.701801,-0.00182211,0.00478512,
210,562.565266,-0.00153973,0.00405394,
210,453.830386,-0.00127149,0.00332548,
210,349.732769,-0.000974526,0.00257765,
210,236.57366,-0.000710144,0.00189937,
210,161.511066,-0.000531786,0.00146517,
210,106.759823,-0.000402039,0.0011242,
210,79.869647,-0.000368559,0.00104054,
210,95.988296,-0.000421925,0.00118619,
210,141.562002,-0.000566687,0.0015482,
210,218.121977,-0.000776175,0.00207789,
210,317.910833,-0.00105596,0.00278635,
210,430.408289,-0.00133175,0.00351307,
210,530.535526,-0.00160037,0.00423279,
410,640.521621,-0.00200795,0.00501486,
410,725.100491,-0.00220557,0.00553264,
410,774.480922,-0.00231467,0.00581777,
410,798.999687,-0.00237322,0.00596362,
410,788.116947,-0.00230675,0.00578126,
410,737.214944,-0.0021602,0.00540165,
410,666.16576,-0.00195038,0.00484075,
410,563.207697,-0.00167162,0.00410879,
410,454.651537,-0.00138702,0.00337997,
410,347.897259,-0.00110113,0.00263144,
410,236.955253,-0.000840305,0.00196585,
410,161.723598,-0.000662785,0.00151071,
410,106.590764,-0.000531656,0.00118218,
410,80.294712,-0.000487566,0.00110079,
410,96.74665,-0.000556863,0.00125965,
410,143.300903,-0.000698304,0.00160419,
410,215.189996,-0.000919173,0.00214305,
410,318.712661,-0.00118255,0.002845,
410,431.152154,-0.00147125,0.0035836,
410,533.530313,-0.0017355,0.00428856,
610,639.169133,-0.0019851,0.00500415,
610,724.48704,-0.00218712,0.00554219,
610,774.852857,-0.00230402,0.00582027,
610,798.685715,-0.00234663,0.0059657,
610,789.986285,-0.00227905,0.0057859,
610,738.287276,-0.00213119,0.00539099,
610,663.71196,-0.00192254,0.0048315,
610,453.825556,-0.00165175,0.00410536,
610,346.549609,-0.00137031,0.00336797,
610,235.998856,-0.00107662,0.00263176,
610,159.211852,-0.000809718,0.00194889,
610,106.648727,-0.000641828,0.00150617,
610,78.72004,-0.000507392,0.00116962,
610,96.036599,-0.000468954,0.00108936,
610,140.431716,-0.000534777,0.00124191,
610,220.54678,-0.000679429,0.00160043,
610,316.732243,-0.000889053,0.0021449,
610,430.422779,-0.00144508,0.00356749,
610,535.597682,-0.00172119,0.00430236,
810,641.337943,-0.00169264,0.00434611,
810,726.404678,-0.00195009,0.00504395,
810,774.413297,-0.00214535,0.00558015,
810,800.414974,-0.00224912,0.00586056,
810,787.865769,-0.00230625,0.00602039,
810,737.364684,-0.00222621,0.00581831,
810,664.489641,-0.00208374,0.00543624,
810,562.487982,-0.00187126,0.00487333,
810,453.453623,-0.00158328,0.00414108,
810,346.042428,-0.00130554,0.00341553,
810,236.539848,-0.00100925,0.00266007,
810,160.346968,-0.000753191,0.00199858,
810,104.716614,-0.000561586,0.00154511,
810,79.120953,-0.000430745,0.00121406,
810,97.128242,-0.000403238,0.00113919,
810,142.006388,-0.000459301,0.00129401,
810,218.991428,-0.000597203,0.00164544,
810,319.949214,-0.000816692,0.00220034,
810,431.499935,-0.00109162,0.00289365,
810,534.776531,-0.00137206,0.00362569,
1010,642.898135,-0.00199281,0.00509529,
1010,725.998931,-0.00218829,0.00560709,
1010,776.345429,-0.0023127,0.0059206,
1010,800.530902,-0.00235026,0.0060373,
1010,785.436112,-0.00228073,0.00583549,
1010,739.127753,-0.00213562,0.00548452,
1010,663.639505,-0.00192171,0.00489108,
1010,559.92309,-0.00164003,0.00416388,
1010,454.501797,-0.00136864,0.00345585,
1010,344.839687,-0.00107094,0.00268143,
1010,234.902382,-0.000812448,0.00201786,
1010,162.230778,-0.000637793,0.00158049,
1010,102.132414,-0.000500098,0.00123309,
1010,81.545754,-0.00048299,0.00117907,
1010,97.002655,-0.000533622,0.0013202,
1010,139.9825,-0.000675806,0.00167532,
1010,221.218189,-0.000893348,0.00224288,
1010,319.070102,-0.00115448,0.00291954,
1010,432.045758,-0.00144929,0.00366974,
1010,537.341421,-0.00172085,0.00439065,
1210,643.75793,-0.00200837,0.00509452,
1210,725.197097,-0.00220649,0.00560268,
1210,774.988106,-0.00231935,0.00590327,
1210,803.448424,-0.0023683,0.00605369,
1210,784.977231,-0.00228372,0.00581568,
1210,735.37459,-0.00215017,0.00546847,
1210,665.875941,-0.00193809,0.00489552,
1210,558.396714,-0.00164973,0.00414355,
1210,452.299183,-0.00137957,0.00344674,
1210,345.506266,-0.0010875,0.00268008,
1210,232.173272,-0.000822371,0.00200145,
1210,160.264853,-0.000650708,0.00158337,
1210,104.929147,-0.00051605,0.00123525,
1210,79.570169,-0.000484407,0.00116581,
1210,97.838294,-0.000551892,0.00131774,
1210,143.527927,-0.000691042,0.00168574,
1210,221.40174,-0.000907933,0.00223619,
1210,319.659397,-0.00117285,0.00291853,
1210,432.610902,-0.00145501,0.00366403,
1210,538.669754,-0.00173417,0.00439394,
1410,643.579209,-0.00200922,0.00513068,
1410,726.047234,-0.0022089,0.00565727,
1410,776.64974,-0.00231378,0.00593979,
1410,797.294579,-0.00235498,0.00605883,
1410,787.286129,-0.00230158,0.00588816,
1410,737.036222,-0.00214651,0.00549685,
1410,660.306587,-0.00193027,0.00490222,
1410,559.348284,-0.00166261,0.00420422,
1410,451.574639,-0.00138053,0.00346424,
1410,342.825456,-0.00108884,0.00270298,
1410,234.395202,-0.000838882,0.00206103,
1410,159.269815,-0.000654799,0.00159756,
1410,101.093903,-0.000524231,0.00127098,
1410,81.64236,-0.000501735,0.00122253,
1410,95.577722,-0.000556998,0.00135597,
1410,141.972576,-0.00069999,0.00172323,
1410,221.715708,-0.00092235,0.00229173,
1410,321.263052,-0.0011807,0.00296395,
1410,432.852417,-0.00146775,0.00371379,
1410,536.723143,-0.00174432,0.00443528,
1610,644.68052,-0.00196894,0.00514778,
1610,726.221126,-0.00215945,0.0056549,
1610,777.016845,-0.00227096,0.00594807,
1610,801.410023,-0.00231651,0.0060809,
1610,786.262099,-0.00224349,0.00587116,
1610,737.137659,-0.0020992,0.005504,
1610,662.296677,-0.00187914,0.00491876,
1610,556.261719,-0.0015929,0.00417655,
1610,449.816411,-0.00133254,0.00346754,
1610,343.844647,-0.00103919,0.0027152,
1610,230.231498,-0.000773923,0.00203447,
1610,159.424384,-0.000609666,0.00161266,
1610,103.571838,-0.00046398,0.00126159,
1610,78.101764,-0.000445022,0.00120323,
1610,98.437248,-0.000505062,0.00136282,
1610,144.77897,-0.000655344,0.00172067,
1610,220.711009,-0.000859808,0.002278,
1610,321.683287,-0.00112965,0.00297283,
1610,432.707508,-0.00141505,0.00371181,
1610,539.534379,-0.00169901,0.00444284,
1810,643.801403,-0.00216156,0.00524365,
1810,727.3321,-0.00235738,0.00575183,
1810,777.22938,-0.00245673,0.00604662,
1810,801.777129,-0.00249657,0.00616747,
1810,785.948127,-0.00243016,0.00596462,
1810,736.417941,-0.00228826,0.00559088,
1810,660.693013,-0.00207087,0.00500445,
1810,557.464465,-0.00178793,0.00427525,
1810,449.657011,-0.00151722,0.00355721,
1810,340.758093,-0.00121716,0.0027954,
1810,232.178102,-0.000959535,0.00214246,
1810,158.245795,-0.000780993,0.00169252,
1810,102.605781,-0.000649586,0.00136672,
1810,81.241447,-0.000621634,0.00130882,
1810,96.350567,-0.000682469,0.00145187,
1810,144.648552,-0.000834011,0.00184077,
1810,222.652783,-0.00104105,0.00238111,
1810,322.644514,-0.00131192,0.00307704,
1810,435.567042,-0.00160387,0.00382224,
1810,538.587639,-0.00187001,0.00454867,
2010,646.153766,-0.00201725,0.0051792,
2010,728.351299,-0.00222027,0.00571026,
2010,778.654327,-0.00232161,0.00597733,
2010,798.961044,-0.00236613,0.00609926,
2010,787.938224,-0.00230351,0.00591643,
2010,737.142489,-0.00214556,0.00552837,
2010,659.379167,-0.00192469,0.00492879,
2010,557.889532,-0.0016585,0.00422877,
2010,449.318891,-0.00137354,0.0034913,
2010,339.821017,-0.00107951,0.00273415,
2010,233.917004,-0.00084026,0.00209017,
2010,156.168774,-0.000646494,0.00161777,
2010,100.741293,-0.00051936,0.00129903,
2010,81.318731,-0.00050151,0.00124963,
2010,96.992994,-0.000560083,0.00139115,
2010,143.378188,-0.00071005,0.00176682,
2010,322.528588,-0.000921813,0.00233005,
2010,433.659076,-0.00118496,0.00301995,
2010,540.278245,-0.00146148,0.00374915,
2210,646.892804,-0.00210599,0.00525136,
2210,728.245032,-0.00230337,0.00574955,
2210,775.229623,-0.00240695,0.00603593,
2210,799.714576,-0.00245513,0.0061629,
2210,784.624617,-0.00238396,0.00595173,
2210,732.69376,-0.00224402,0.00557496,
2210,660.639879,-0.00202056,0.00498969,
2210,556.068507,-0.00174415,0.00425684,
2210,445.454655,-0.00146914,0.00353526,
2210,341.516448,-0.00118043,0.0027815,
2210,230.115571,-0.000922318,0.00211806,
2210,156.849844,-0.000749494,0.00168495,
2210,102.982543,-0.000620051,0.00135309,
2210,80.681134,-0.00059787,0.00129542,
2210,98.12328,-0.000664874,0.00145264,
2210,144.648552,-0.000806563,0.00181805,
2210,223.522234,-0.00102774,0.00238156,
2210,323.736159,-0.00130744,0.00307279,
2210,435.963126,-0.00158743,0.00380178,
2210,537.249646,-0.00186538,0.00453845,
2410,645.409898,-0.00203989,0.00519368,
2410,730.124028,-0.00224831,0.00571821,
2410,776.712534,-0.00234892,0.00597789,
2410,800.661322,-0.0023968,0.00610833,
2410,787.242656,-0.00232473,0.00591052,
2410,733.171962,-0.00216946,0.00550579,
2410,660.475649,-0.00196423,0.0049409,
2410,555.184561,-0.00168049,0.00420645,
2410,446.647738,-0.00140564,0.00348796,
2410,338.898432,-0.00111002,0.00272836,
2410,230.521315,-0.000851468,0.00206815,
2410,156.820862,-0.00068123,0.00163252,
2410,100.68816,-0.000555308,0.00130136,
2410,77.86508,-0.000532617,0.00124044,
2410,99.137639,-0.000591561,0.0014054,
2410,145.179883,-0.000742261,0.0017815,
2410,223.44978,-0.000959119,0.00234265,
2410,325.204567,-0.00122844,0.00303522,
2410,435.161298,-0.00150813,0.00376062,
2410,540.104354,-0.00178998,0.00450462,
2610,646.83967,-0.00209823,0.00521391,
2610,730.495963,-0.00228818,0.00572678,
2610,776.35509,-0.00239019,0.00599903,
2610,800.93182,-0.00244576,0.00612796,
2610,783.65855,-0.00236527,0.00590875,
2610,733.118829,-0.00221946,0.00553799,
2610,658.393783,-0.00199707,0.00493532,
2610,551.426585,-0.00172211,0.00420575,
2610,447.241864,-0.00145385,0.00349815,
2610,338.69556,-0.00114713,0.00273067,
2610,229.535937,-0.000902096,0.00208735,
2610,158.410025,-0.000717793,0.00163817,
2610,99.32119,-0.000585563,0.00130927,
2610,81.994971,-0.000585943,0.00127508,
2610,97.635422,-0.000634894,0.00141861,
2610,143.368527,-0.000787073,0.00179781,
2610,227.227061,-0.0010052,0.00236952,
2610,324.291642,-0.00126617,0.00303853,
2610,436.098375,-0.00155132,0.00378319,
2610,542.374597,-0.00183921,0.00452311,
2810,649.278979,-0.00205245,0.00522076,
2810,730.297919,-0.00224364,0.00571535,
2810,777.562672,-0.00235171,0.00600569,
2810,803.974931,-0.0023962,0.0061343,
2810,783.383221,-0.00230949,0.00589813,
2810,733.799905,-0.00217631,0.00553753,
2810,658.190909,-0.00194512,0.00492677,
2810,551.682591,-0.00167315,0.00419849,
2810,446.715362,-0.0014063,0.00349712,
2810,338.806657,-0.00110328,0.00272942,
2810,228.869358,-0.000850268,0.00207794,
2810,157.052716,-0.00067906,0.00163836,
2810,99.794558,-0.000549738,0.00131531,
2810,82.463508,-0.000528926,0.00127411,
2810,98.857483,-0.000590128,0.00142724,
2810,146.068655,-0.000738599,0.00180478,
2810,226.86479,-0.000964415,0.00237494,
2810,325.977413,-0.0015123,0.00379192,
2810,543.442094,-0.00179191,0.00453254,
3010,646.21173,-0.00207647,0.00521133,
3010,732.162425,-0.0022827,0.00573641,
3010,777.649618,-0.00236826,0.00598459,
3010,799.366792,-0.0024161,0.00610582,
3010,786.208965,-0.00234576,0.00591401,
3010,734.133197,-0.00219345,0.00550686,
3010,654.326657,-0.00197186,0.00491558,
3010,553.624373,-0.0017014,0.00419119,
3010,443.73507,-0.00142137,0.00346745,
3010,337.995168,-0.00113631,0.00272072,
3010,230.27014,-0.000873548,0.00205931,
3010,153.067733,-0.000695784,0.00161656,
3010,102.620272,-0.000575016,0.00130829,
3010,80.000064,-0.000561535,0.00124356,
3010,98.698084,-0.00062313,0.00141759,
3010,148.2133,-0.000774453,0.00179535,
3010,225.956697,-0.000985154,0.00235121,
3010,326.561877,-0.00126248,0.00304742,
3010,439.131799,-0.00153874,0.00378042,
3010,542.930081,-0.00181801,0.00451263,
3210,649.071275,-0.00210547,0.00524919,
3210,730.843746,-0.00230193,0.00574084,
3210,778.876522,-0.00240611,0.00602069,
3210,801.100882,-0.00244456,0.00613809,
3210,783.441185,-0.00236142,0.0059177,
3210,732.601984,-0.00221917,0.00554164,
3210,655.263739,-0.0019904,0.00493509,
3210,550.610264,-0.00171574,0.00421219,
3210,444.503087,-0.0014384,0.00349494,
3210,336.763445,-0.0011389,0.00272864,
3210,227.111135,-0.000889641,0.00208703,
3210,154.420212,-0.000711553,0.00164225,
3210,99.649649,-0.000585454,0.00132206,
3210,81.487791,-0.000568881,0.00127917,
3210,99.210094,-0.000622985,0.00143503,
3210,147.474267,-0.000772627,0.00181968,
3210,226.758524,-0.000988291,0.0023791,
3210,327.421669,-0.00126026,0.00308128,
3210,439.769398,-0.00155241,0.00381426,
3210,543.07499,-0.00181281,0.00453508,
3410,650.481727,-0.00207048,0.00526437,
3410,731.239833,-0.00226078,0.00577131,
3410,780.291809,-0.00237343,0.00604723,
3410,799.110784,-0.00239861,0.00614483,
3410,782.257754,-0.00232781,0.00594601,
3410,733.476273,-0.00218351,0.0055549,
3410,654.288015,-0.00195279,0.00494046,
3410,552.165621,-0.00168755,0.00423434,
3410,443.08298,-0.00140383,0.00350256,
3410,334.5077,-0.00111177,0.00273656,
3410,228.772752,-0.000861779,0.00210182,
3410,153.207811,-0.000681729,0.00164831,
3410,98.944428,-0.000552592,0.00134039,
3410,81.159332,-0.000540068,0.00130282,
3410,97.321453,-0.000603846,0.00144947,
3410,148.536929,-0.000759831,0.00184711,
3410,229.511786,-0.000981818,0.00241037,
3410,327.769449,-0.00124938,0.00309561,
3410,439.189763,-0.00153397,0.00383815,
3410,546.171215,-0.00181078,0.00457229,
3610,648.559262,-0.00209149,0.00524055,
3610,733.862699,-0.00229263,0.00576019,
3610,777.195567,-0.00238026,0.00600941,
3610,801.129864,-0.00242204,0.00614159,
3610,784.175396,-0.00234168,0.00591706,
3610,730.433168,-0.00220089,0.00552181,
3610,653.162552,-0.00197504,0.00492375,
3610,550.484676,-0.00169911,0.00419755,
3610,443.662616,-0.00143344,0.00347413,
3610,334.937596,-0.00113704,0.00271893,
3610,227.304346,-0.000884877,0.00206978,
3610,152.686141,-0.000707098,0.00163294,
3610,100.3597,-0.000579714,0.00131295,
3610,80.067688,-0.00056476,0.00127623,
3610,99.345341,-0.000630276,0.00144012,
3610,147.213432,-0.000781887,0.00182307,
3610,229.999644,-0.00100948,0.00239032,
3610,327.643862,-0.00127526,0.00308618,
3610,442.797993,-0.00156654,0.00382141,
3610,544.045881,-0.00183052,0.00454145,
3810,652.645708,-0.00211316,0.00523125,
3810,732.0948,-0.00230154,0.00572954,
3810,778.359677,-0.00240353,0.00599297,
3810,802.709383,-0.00245336,0.00612302,
3810,783.663381,-0.00236683,0.00588435,
3810,730.124028,-0.00221744,0.00549982,
3810,655.481103,-0.00200067,0.00489716,
3810,549.4365,-0.00172429,0.00417297,
3810,443.179586,-0.0014499,0.0034497,
3810,332.160181,-0.00115165,0.00268341,
3810,227.053171,-0.000906522,0.00204866,
3810,154.357419,-0.00073324,0.0016088,
3810,99.330851,-0.000604394,0.00129072,
3810,81.091708,-0.000597721,0.0012587,
3810,100.036072,-0.000651912,0.0014115,
3810,149.75416,-0.000811018,0.00181091,
3810,229.975493,-0.00103073,0.00237575,
3810,328.556786,-0.00129641,0.00305691,
3810,443.213398,-0.00158383,0.00380892,
3810,547.103463,-0.00186961,0.00453093,
4010,652.124034,-0.00211318,0.00527951,
4010,732.360468,-0.00230531,0.00577448,
4010,780.079275,-0.00241244,0.00606151,
4010,801.448666,-0.00244246,0.00614985,
4010,781.895479,-0.0023718,0.00595052,
4010,730.674685,-0.00221232,0.00554115,
4010,652.457326,-0.00199182,0.00494446,
4010,549.335063,-0.00171304,0.00422146,
4010,441.411698,-0.00143641,0.00349231,
4010,333.792818,-0.00115346,0.0027443,
4010,226.005,-0.000896419,0.00209229,
4010,152.937316,-0.000724583,0.00165805,
4010,99.562704,-0.000603535,0.00135014,
4010,81.999801,-0.000580333,0.00130731,
4010,97.548477,-0.00064484,0.00146646,
4010,151.942278,-0.00080977,0.00187882,
4010,227.415443,-0.00102415,0.00241982,
4010,329.846473,-0.00129735,0.00313317,
4010,444.440293,-0.00157448,0.00386703,
4010,545.586748,-0.00184447,0.0045909,
4210,651.307711,-0.00211055,0.00527981,
4210,732.176916,-0.00231069,0.00578093,
4210,779.789455,-0.00240817,0.00604859,
4210,799.492381,-0.00244391,0.00615377,
4210,782.847055,-0.00236429,0.00594208,
4210,730.524945,-0.00221627,0.00553763,
4210,650.307836,-0.0017187,0.0042269,
4210,439.581017,-0.00143448,0.00349378,
4210,332.696343,-0.00114169,0.00274081,
4210,225.913224,-0.00089069,0.00209932,
4210,152.314209,-0.000713869,0.00166106,
4210,99.630328,-0.00060345,0.00135465,
4210,81.627869,-0.000580852,0.00132555,
4210,97.973541,-0.000642982,0.00147824,
4210,150.758859,-0.000803611,0.00189292,
4210,230.458521,-0.00101367,0.00244322,
4210,331.778588,-0.00130331,0.00314835,
4210,441.904388,-0.00156249,0.00387325,
4210,547.002027,-0.00185784,0.00462396,
4410,654.012687,-0.00213992,0.00529858,
4410,734.997825,-0.00231544,0.00577921,
4410,776.398563,-0.00240278,0.00602941,
4410,800.49226,-0.00245728,0.00616466,
4410,782.977474,-0.00237376,0.00592176,
4410,728.191898,-0.00222536,0.00552882,
4410,651.776251,-0.00199721,0.00492996,
4410,547.315997,-0.00171735,0.00419857,
4410,439.102818,-0.0014529,0.00347739,
4410,330.653131,-0.0011549,0.00271893,
4410,223.62367,-0.000909027,0.00208643,
4410,151.893975,-0.000724927,0.00165246,
4410,98.442079,-0.000600404,0.00133037,
4410,81.956328,-0.000590867,0.00130725,
4410,98.98307,-0.000655475,0.00147366,
4410,151.043845,-0.000816267,0.00186653,
4410,229.980323,-0.00103294,0.00243174,
4410,332.343731,-0.00130526,0.00314634,
4410,443.889639,-0.00158686,0.00386475,
4410,545.852415,-0.00186538,0.0045982,
4610,653.693886,-0.00212177,0.00532173,
4610,736.297182,-0.00231184,0.00581907,
4610,778.369338,-0.00240434,0.00606613,
4610,802.95573,-0.00244597,0.006191,
4610,782.798751,-0.00236536,0.00595006,
4610,728.660439,-0.00221985,0.00554959,
4610,651.14348,-0.00198959,0.00495623,
4610,546.997197,-0.00170724,0.00421932,
4610,438.759867,-0.00143647,0.00349844,
4610,331.512922,-0.00114851,0.00274967,
4610,224.628369,-0.000889599,0.00209963,
4610,150.527005,-0.0007147,0.00166346,
4610,99.900824,-0.000595439,0.00136235,
4610,80.734267,-0.000582864,0.00132071,
4610,100.292077,-0.000644232,0.00149469,
4610,150.27583,-0.000802983,0.00189839,
4610,232.64664,-0.00102753,0.00246698,
4610,330.923627,-0.00128896,0.00314773,
4610,446.599435,-0.00157823,0.00390085,
4610,550.272142,-0.00185295,0.00462232,
4810,654.553682,-0.00219402,0.00525993,
4810,734.17184,-0.00237168,0.00574618,
4810,779.441671,-0.00246567,0.00600421,
4810,801.574255,-0.00250103,0.00611225,
4810,779.944026,-0.00242183,0.0058769,
4810,730.30758,-0.0022773,0.00549119,
4810,649.588119,-0.00204475,0.0048673,
4810,542.480863,-0.00176767,0.00414474,
4810,441.005954,-0.00150545,0.00344036,
4810,329.271669,-0.00119728,0.00265925,
4810,220.991166,-0.000955134,0.00203281,
4810,152.686141,-0.000782016,0.0015948,
4810,97.447041,-0.000666208,0.00128671,
4810,80.61834,-0.000640143,0.00125709,
4810,100.837898,-0.000716874,0.00143802,
4810,149.140714,-0.000867607,0.00182143,
4810,233.49677,-0.00109411,0.00240863,
4810,332.65287,-0.00135785,0.0030939,
4810,443.836506,-0.00164464,0.00382447,
4810,549.262609,-0.00192867,0.00457408,
5010,655.766091,-0.00215133,0.0053407,
5010,736.186085,-0.00234025,0.00582848,
5010,779.552769,-0.00242974,0.00609005,
5010,800.584036,-0.00246557,0.00618464,
5010,781.890649,-0.00238735,0.00596146,
5010,729.080678,-0.00223736,0.00556264,
5010,649.472192,-0.00200709,0.00493822,
5010,545.2921,-0.00173452,0.00422411,
5010,438.98206,-0.00146301,0.00350996,
5010,328.745167,-0.00116511,0.00273818,
5010,222.160094,-0.000920999,0.0021018,
5010,152.463948,-0.000746248,0.00167982,
5010,97.09443,-0.000623749,0.00136145,
5010,79.864816,-0.000615197,0.00133662,
5010,100.678499,-0.000681994,0.00150844,
5010,153.642537,-0.000848779,0.00191131,
5010,232.405125,-0.00106077,0.00247564,
5010,336.333549,-0.001342,0.00318652,
5010,445.53194,-0.00160933,0.00389223,
5010,550.813136,-0.00189688,0.00466284,
5210,658.176418,-0.0021313,0.00535435,
5210,735.133074,-0.00231254,0.00581681,
5210,779.156682,-0.0024088,0.00608959,
5210,804.467625,-0.00244062,0.0061944,
5210,778.891013,-0.0023555,0.00593757,
5210,728.356129,-0.00221264,0.00556095,
5210,649.100257,-0.00198704,0.00494257,
5210,543.273033,-0.00169769,0.00420159,
5210,437.320439,-0.00143946,0.00350209,
5210,328.600259,-0.00113229,0.00272683,
5210,220.880069,-0.000891519,0.0020987,
5210,150.874785,-0.00071944,0.00166778,
5210,96.679026,-0.000602069,0.00135316,
5210,80.333354,-0.000591102,0.00134234,
5210,101.461005,-0.000658954,0.00151115,
5210,151.348153,-0.000809082,0.00189692,
5210,235.395071,-0.00104828,0.00249889,
5210,336.381852,-0.0013086,0.00317061,
5210,444.672147,-0.00158328,0.00391118,
5210,552.291209,-0.00186763,0.00465249,
5410,658.838172,-0.0021529,0.00536821,
5410,736.818858,-0.00233674,0.00583533,
5410,778.98279,-0.00242703,0.00608941,
5410,800.757928,-0.00247365,0.00619825,
5410,780.00199,-0.00238408,0.00596016,
5410,725.858852,-0.00223322,0.00554828,
5410,647.670484,-0.00200145,0.00495344,
5410,542.393918,-0.00172262,0.00420487,
5410,436.137017,-0.00145946,0.0035089,
5410,330.005872,-0.00115876,0.0027482,
5410,220.121715,-0.000912097,0.00209925,
5410,148.04424,-0.000742191,0.00167517,
5410,96.596911,-0.000620414,0.00137302,
5410,80.714946,-0.000615706,0.00135078,
5410,99.548213,-0.000679998,0.0015151,
5410,154.869428,-0.000843619,0.00192986,
5410,235.849118,-0.0010677,0.00249114,
5410,335.758745,-0.00133144,0.00319716,
5410,446.976198,-0.00161386,0.00393011,
5410,552.083506,-0.0018897,0.00466383,
5610,657.456701,-0.00232581,0.00580596,
5610,781.141948,-0.00243056,0.00607564,
5610,800.980124,-0.00246496,0.00615856,
5610,778.292052,-0.00238844,0.00592332,
5610,728.563833,-0.00223514,0.00553397,
5610,645.704547,-0.00200159,0.00490339,
5610,542.340784,-0.00172697,0.00419301,
5610,436.735973,-0.00145421,0.00346744,
5610,324.58146,-0.00115504,0.00270101,
5610,221.078111,-0.000918528,0.00208692,
5610,149.870087,-0.000738966,0.0016443,
5610,95.03673,-0.000616362,0.00133573,
5610,82.651889,-0.000616638,0.00132936,
5610,102.639593,-0.00068967,0.0015042,
5610,154.299455,-0.000843789,0.0018979,
5610,236.592981,-0.00106626,0.00247965,
5610,335.84086,-0.0013419,0.00317567,
5610,449.855054,-0.00162122,0.00391095,
5610,549.842245,-0.00189526,0.00463445,
5810,658.157097,-0.00216212,0.00533106,
5810,735.741695,-0.00234237,0.00582597,
5810,782.697314,-0.00244708,0.00608141,
5810,801.207149,-0.0024762,0.00617257,
5810,779.518956,-0.00239103,0.0059365,
5810,727.578447,-0.00223897,0.00553878,
5810,646.308336,-0.00200224,0.00490986,
5810,541.688694,-0.0017377,0.0041984,
5810,433.71704,-0.00146255,0.00347363,
5810,324.963052,-0.00116298,0.00271301,
5810,220.04926,-0.000928302,0.00209351,
5810,150.198546,-0.000749991,0.00165194,
5810,93.858142,-0.000622702,0.00134997,
5810,82.941706,-0.000629072,0.0013435,
5810,102.41257,-0.000692252,0.00151436,
5810,153.560422,-0.000846779,0.00191699,
5810,237.911649,-0.0010802,0.00250678,
5810,335.705612,-0.00134851,0.00319136,
5810,447.164579,-0.00163251,0.00393449,
5810,553.426331,-0.00191291,0.00467057,
6010,658.66428,-0.00216087,0.00537508,
6010,739.23402,-0.00234655,0.00585011,
6010,780.093766,-0.00242817,0.00609808,
6010,802.37609,-0.00248011,0.00620376,
6010,778.219597,-0.00237324,0.00594168,
6010,726.235617,-0.00224138,0.00555791,
6010,644.868902,-0.00199966,0.00492599,
6010,541.249136,-0.00172572,0.00421003,
6010,433.581792,-0.00145891,0.00348423,
6010,325.576499,-0.00115583,0.0027293,
6010,219.991297,-0.000916011,0.00210107,
6010,150.203376,-0.000738339,0.00166961,
6010,94.761404,-0.00062407,0.00137005,
6010,81.144841,-0.000616646,0.00135656,
6010,103.368966,-0.00068349,0.00153222,
6010,155.323475,-0.000850675,0.0019415,
6010,237.182276,-0.00107265,0.00251818,
6010,338.801826,-0.00135146,0.00321824,
6010,446.913404,-0.00162125,0.00392947,
6010,554.629076,-0.00191494,0.00469265,
6210,659.905671,-0.00218361,0.00541933,
6210,780.431889,-0.00235766,0.00587597,
6210,803.602995,-0.00245758,0.00615164,
6210,775.504952,-0.0024922,0.00623401,
6210,726.660685,-0.00239697,0.00597276,
6210,644.68052,-0.00225774,0.00559313,
6210,539.548869,-0.0020141,0.0049549,
6210,434.813517,-0.00174554,0.004234,
6210,323.779632,-0.00147531,0.00353464,
6210,218.469758,-0.00117699,0.00275072,
6210,150.903767,-0.000937816,0.00213626,
6210,95.336208,-0.000766222,0.00171314,
6210,80.724607,-0.000643499,0.00139337,
6210,102.852126,-0.000643737,0.00138733,
6210,156.313683,-0.000706064,0.00157036,
6210,237.689456,-0.000877791,0.00198082,
6210,337.768145,-0.00110145,0.00255488,
6210,449.888866,-0.00137203,0.00325151,
6210,554.426204,-0.00165185,0.00398266,
6410,661.002153,-0.00215611,0.00538183,
6410,738.441847,-0.00234459,0.00585381,
6410,780.673406,-0.00243619,0.00610525,
6410,802.9509,-0.00246004,0.00620341,
6410,776.64491,-0.00237038,0.00595058,
6410,726.539927,-0.00222907,0.00555268,
6410,643.540566,-0.00198817,0.004922,
6410,537.631239,-0.00171469,0.00419579,
6410,432.591581,-0.00143955,0.00349342,
6410,323.953522,-0.00114938,0.00272423,
6410,219.421324,-0.000904981,0.00210417,
6410,146.749725,-0.000735446,0.00166395,
6410,94.732423,-0.000611643,0.00137074,
6410,82.246145,-0.000613662,0.00135819,
6410,102.040638,-0.000686738,0.00154333,
6410,156.246059,-0.000848835,0.00195457,
6410,238.824572,-0.00107349,0.00252887,
6410,339.053001,-0.00134679,0.00323289,
6410,448.705443,-0.00161787,0.00395372,
6410,555.870464,-0.00190435,0.0046988,
6610,660.538443,-0.0021748,0.00535812,
6610,739.538331,-0.00235308,0.00582288,
6610,780.180712,-0.0024374,0.00607705,
6610,801.902717,-0.00247714,0.0061695,
6610,778.243749,-0.00224261,0.00552014,
6610,643.173462,-0.00199753,0.00488027,
6610,538.568318,-0.00172572,0.00417528,
6610,434.166257,-0.0014465,0.00345639,
6610,320.862138,-0.00115096,0.00268128,
6610,220.300435,-0.00091839,0.00209118,
6610,149.213168,-0.000747006,0.00164342,
6610,92.225507,-0.000628578,0.00134926,
6610,83.555151,-0.000623532,0.00134254,
6610,103.397948,-0.000688119,0.00151745,
6610,156.250889,-0.000859148,0.00194078,
6610,241.094806,-0.00108721,0.00252742,
6610,339.36214,-0.00134727,0.00319988,
6610,450.144871,-0.00163684,0.00395898,
6610,557.425822,-0.00190988,0.00468286,
6810,662.818351,-0.00219278,0.00537351,
6810,738.760648,-0.00236204,0.00583564,
6810,781.354482,-0.00245504,0.00608333,
6810,803.037846,-0.00249667,0.00618493,
6810,777.992572,-0.00240088,0.00592451,
6810,722.950997,-0.00225074,0.00551438,
6810,643.791743,-0.00201717,0.00490214,
6810,536.988809,-0.00173427,0.00416183,
6810,430.490404,-0.00146695,0.00346024,
6810,323.74099,-0.00117133,0.00269229,
6810,215.107881,-0.000929359,0.00206895,
6810,148.657686,-0.000759406,0.00164837,
6810,92.838952,-0.000634926,0.00134482,
6810,79.802023,-0.00062799,0.00133907,
6810,104.359174,-0.000717656,0.0015424,
6810,155.961072,-0.000865229,0.00193235,
6810,239.28828,-0.00109594,0.00252041,
6810,341.922192,-0.00137097,0.00322908,
6810,451.772681,-0.00164461,0.00395289,
6810,557.372689,-0.00192945,0.00469908,
7010,661.383748,-0.0021939,0.00530429,
7010,739.031146,-0.00237426,0.00577832,
7010,782.393003,-0.00246462,0.00603135,
7010,800.521242,-0.00250187,0.00611134,
7010,778.625345,-0.00240823,0.00587351,
7010,724.433906,-0.00225611,0.00545085,
7010,641.052955,-0.00202206,0.00482314,
7010,538.268839,-0.00174928,0.0041193,
7010,429.60646,-0.00146837,0.00338496,
7010,321.3983,-0.00118247,0.00263984,
7010,217.184902,-0.000938808,0.002006,
7010,146.851161,-0.000767303,0.00158264,
7010,96.625893,-0.000660537,0.00131069,
7010,83.593794,-0.000648128,0.00128495,
7010,104.117659,-0.000726737,0.00147586,
7010,159.414724,-0.000889911,0.00189375,
7010,241.249375,-0.00111255,0.00246727,
7010,340.782244,-0.00138444,0.00316998,
7010,453.284563,-0.00165346,0.00390066,
7010,558.314598,-0.00194017,0.00464112,
7210,663.175795,-0.00219777,0.00541314,
7210,739.982721,-0.00236419,0.00586975,
7210,780.745861,-0.00245719,0.00612115,
7210,802.574134,-0.00249234,0.0062124,
7210,776.06527,-0.00239767,0.00594664,
7210,721.844853,-0.00224627,0.00554452,
7210,641.951393,-0.00200936,0.0049107,
7210,535.892331,-0.00174211,0.00419618,
7210,429.746538,-0.00147256,0.00346943,
7210,320.340467,-0.0011768,0.0027206,
7210,217.585816,-0.000933059,0.00210362,
7210,147.000899,-0.000760335,0.00165933,
7210,92.906576,-0.000651824,0.00139102,
7210,84.448754,-0.000648578,0.00137943,
7210,103.282021,-0.000714085,0.00155904,
7210,159.00415,-0.000879004,0.00198862,
7210,239.887235,-0.00110242,0.00254985,
7210,342.844778,-0.00139471,0.00328485,
7210,455.332608,-0.00165923,0.00398692,
7210,556.165113,-0.00193196,0.00472796,
7410,664.658702,-0.00219993,0.00538628,
7410,739.161565,-0.00236733,0.00582091,
7410,782.098353,-0.00246581,0.00610062,
7410,804.240599,-0.00249904,0.00617584,
7410,773.775693,-0.00238959,0.00589422,
7410,722.105691,-0.00225718,0.00550782,
7410,643.337693,-0.00201217,0.00488256,
7410,535.124312,-0.00173237,0.00413216,
7410,428.432699,-0.00146466,0.00343975,
7410,320.591642,-0.00116921,0.00267701,
7410,216.276809,-0.000926109,0.00205635,
7410,146.66761,-0.000643426,0.00133772,
7410,82.820949,-0.000635016,0.00133864,
7410,105.276927,-0.000713262,0.00152969,
7410,158.303759,-0.000884312,0.00195077,
7410,242.949635,-0.00110517,0.00252893,
7410,343.767363,-0.00137526,0.00323505,
7410,454.661197,-0.00165426,0.00395554,
7410,558.271126,-0.00194065,0.00469667,
7610,662.581666,-0.00219826,0.00547159,
7610,741.914851,-0.00237265,0.00595698,
7610,782.257754,-0.0024661,0.00619104,
7610,801.042918,-0.00248789,0.00627505,
7610,776.591776,-0.00239726,0.00601585,
7610,722.902694,-0.00224602,0.00560182,
7610,639.647334,-0.00200569,0.00497986,
7610,533.994022,-0.00173277,0.00424898,
7610,427.437658,-0.00146174,0.00353981,
7610,320.026499,-0.00116557,0.00278193,
7610,214.41715,-0.000918987,0.00216266,
7610,146.305339,-0.000752721,0.0017413,
7610,95.176809,-0.000637641,0.00145513,
7610,82.608416,-0.000633189,0.00145398,
7610,104.885674,-0.000714059,0.00164569,
7610,158.443837,-0.000877171,0.00206636,
7610,244.427702,-0.00110784,0.00264356,
7610,342.414882,-0.0013723,0.0033458,
7610,456.361461,-0.00166339,0.00409139,
7610,558.947368,-0.00193039,0.00480878,
7810,665.581292,-0.00221981,0.00539801,
7810,742.764988,-0.00238791,0.00584562,
7810,781.958274,-0.00247426,0.00609226,
7810,803.559522,-0.00250823,0.00618358,
7810,775.587067,-0.00240609,0.00590298,
7810,722.632196,-0.00226383,0.0054979,
7810,640.854912,-0.00202248,0.00487439,
7810,533.48684,-0.00173962,0.00414329,
7810,427.104368,-0.00147048,0.00343817,
7810,318.248953,-0.00117867,0.00267581,
7810,216.136731,-0.000945573,0.00206292,
7810,146.527532,-0.000773481,0.00163775,
7810,94.085165,-0.000656255,0.00135745,
7810,82.965857,-0.000652021,0.00134848,
7810,107.233191,-0.000725403,0.00155407,
7810,158.298929,-0.00089318,0.00196179,
7810,245.326135,-0.00112529,0.00255962,
7810,344.501566,-0.00139874,0.00326449,
7810,454.641876,-0.00195581,0.00472958,
7810,666.00636,-0.00221451,0.00540488,
8010,664.537944,-0.00224627,0.00545221,
8010,742.436526,-0.00240865,0.00591277,
8010,781.214403,-0.0024965,0.00613996,
8010,801.588746,-0.00252938,0.00623306,
8010,774.422958,-0.00243208,0.00595327,
8010,721.144456,-0.00228417,0.0055672,
8010,641.405568,-0.0020452,0.00492576,
8010,530.525865,-0.00176608,0.00417727,
8010,428.220166,-0.00149848,0.00349741,
8010,319.475846,-0.00120181,0.00272665,
8010,211.465847,-0.000956771,0.00210009,
8010,146.84633,-0.000802067,0.00170112,
8010,94.17211,-0.0006757,0.00140275,
8010,81.64236,-0.000679709,0.00140592,
8010,107.21387,-0.00076408,0.00161527,
8010,160.516028,-0.000921736,0.0020189,
8010,244.466344,-0.00116175,0.00261521,
8010,346.225979,-0.00142889,0.0033132,
8010,456.960418,-0.00170862,0.00404399,
8010,562.120878,-0.0019909,0.0047793,
8210,664.914709,-0.00224595,0.00546251,
8210,743.107941,-0.00241522,0.00592277,
8210,782.996795,-0.00249948,0.00616304,
8210,802.293974,-0.00252849,0.00623626,
8210,775.302078,-0.00242535,0.00597287,
8210,721.168608,-0.0022819,0.00556182,
8210,638.019518,-0.00204364,0.00492753,
8210,531.955634,-0.00175429,0.0041921,
8210,426.230085,-0.00150186,0.0034987,
8210,317.500259,-0.00118971,0.00272343,
8210,212.509188,-0.000954043,0.00211688,
8210,145.63393,-0.000795012,0.0017021,
8210,91.240129,-0.000676501,0.00140713,
8210,82.270297,-0.00067941,0.00141277,
8210,105.919354,-0.000756469,0.00161512,
8210,161.264722,-0.000927675,0.00203238,
8210,243.302246,-0.00114976,0.00261952,
8210,347.066449,-0.00142629,0.00333469,
8210,456.762376,-0.00170252,0.00404795,
8210,561.816569,-0.00198092,0.00480132,
8410,664.750478,-0.00218107,0.00543453,
8410,743.789017,-0.00235553,0.00591078,
8410,782.677993,-0.00244053,0.00614381,
8410,801.878566,-0.00247119,0.00622011,
8410,772.949707,-0.00236915,0.00594225,
8410,722.192636,-0.0022261,0.0055413,
8410,637.029304,-0.00197215,0.00488585,
8410,531.902501,-0.00170238,0.00417544,
8410,426.746926,-0.00142872,0.00345832,
8410,316.708092,-0.0011347,0.00270041,
8410,211.572113,-0.000896711,0.00207999,
8410,145.160562,-0.000730704,0.00166888,
8410,92.331773,-0.000617171,0.00138731,
8410,81.845232,-0.000625953,0.00139186,
8410,106.610085,-0.000706729,0.0015893,
8410,162.395008,-0.000873814,0.0020228,
8410,245.099111,-0.00109766,0.00260024,
8410,345.501436,-0.00137382,0.00330292,
8410,457.694623,-0.00164865,0.00403348,
8410,565.144649,-0.001932,0.00478335,
8610,668.382875,-0.00222321,0.00542901,
8610,743.069299,-0.00238598,0.0058806,
8610,783.276954,-0.00247938,0.00612013,
8610,802.303635,-0.00250567,0.00619801,
8610,774.364994,-0.00240109,0.00592221,
8610,719.328255,-0.00224799,0.00550727,
8610,636.295097,-0.00200993,0.00487116,
8610,531.791404,-0.00173008,0.00415034,
8610,423.549272,-0.00146194,0.0034354,
8610,315.819319,-0.00116286,0.00267626,
8610,212.53817,-0.000927804,0.00205057,
8610,144.455341,-0.000770003,0.00164816,
8610,92.867934,-0.000657089,0.00136722,
8610,83.130087,-0.000655937,0.00137052,
8610,106.329928,-0.000728181,0.00157674,
8610,162.375687,-0.000901015,0.00200119,
8610,245.504855,-0.0011252,0.00258442,
8610,348.462403,-0.00140499,0.0033046,
8610,458.544755,-0.00167504,0.00401857,
8610,563.719709,-0.00196201,0.0047598,
8810,564.110964,-0.00196,0.00480042,
8810,668.194493,-0.00220821,0.00547272,
8810,743.339797,-0.00237914,0.00591321,
8810,784.09811,-0.00246949,0.00616496,
8810,804.25509,-0.00248981,0.0062289,
8810,772.949707,-0.00239186,0.00595351,
8810,719.10606,-0.00224215,0.00554813,
8810,637.106589,-0.00199285,0.00490113,
8810,527.936823,-0.00171192,0.00417226,
8810,425.814679,-0.00145673,0.00348333,
8810,313.206134,-0.00114784,0.00269519,
8810,211.779816,-0.000918585,0.0020976,
8810,145.532494,-0.000751032,0.00167849,
8810,90.74261,-0.000634439,0.00139323,
8810,80.922648,-0.000641712,0.0014139,
8810,106.484497,-0.000717528,0.00161161,
8810,162.578558,-0.000895848,0.00204119,
8810,246.509554,-0.00111621,0.00262993,
8810,348.737729,-0.00139665,0.0033371,
8810,459.926219,-0.00167115,0.00406351,
9010,564.965928,-0.00197408,0.00476975,
9010,669.233011,-0.00222696,0.00543798,
9010,742.528302,-0.00239259,0.00588692,
9010,783.499149,-0.00247448,0.00612264,
9010,802.405072,-0.00250298,0.0061967,
9010,773.104278,-0.00240721,0.00592186,
9010,718.468457,-0.0022446,0.00549717,
9010,636.232303,-0.00201342,0.00486724,
9010,529.183041,-0.00173658,0.00413484,
9010,424.534652,-0.00146151,0.00342917,
9010,313.534593,-0.00116206,0.00266182,
9010,213.238561,-0.000938359,0.00207395,
9010,143.875707,-0.000760861,0.00163554,
9010,91.095221,-0.000651779,0.0013724,
9010,83.347449,-0.000657338,0.00137897,
9010,106.127057,-0.000743569,0.00158666,
9010,162.114851,-0.000912536,0.00201455,
9010,248.262947,-0.00113269,0.00259609,
9010,349.037207,-0.00141657,0.0033173,
9010,460.278831,-0.00168638,0.00403398,
9210,668.498803,-0.00226032,0.00549794,
9210,745.01109,-0.00241962,0.00594234,
9210,783.93871,-0.00250505,0.00618001,
9210,800.844874,-0.00253555,0.00625143,
9210,773.543838,-0.00243388,0.00597206,
9210,716.328625,-0.0022772,0.00555039,
9210,634.826682,-0.00203812,0.00492054,
9210,527.453793,-0.00176051,0.00418367,
9210,421.390131,-0.00149259,0.00348749,
9210,313.732635,-0.00119742,0.00272005,
9210,209.543395,-0.00095625,0.0021081,
9210,142.315526,-0.000793514,0.00170575,
9210,92.394566,-0.000679173,0.00142696,
9210,83.265335,-0.00068512,0.00143448,
9210,108.812693,-0.000769454,0.00165544,
9210,162.935999,-0.000939462,0.00207028,
9210,246.118301,-0.00116763,0.00266614,
9210,351.621412,-0.00145044,0.00338846,
9210,460.356116,-0.00171325,0.00409106,
9410,565.762928,-0.00197775,0.00477575,
9410,669.585624,-0.00223437,0.00545903,
9410,743.417082,-0.00239298,0.00590173,
9410,783.972522,-0.00248412,0.00613291,
9410,802.999203,-0.00250601,0.00619777,
9410,772.978689,-0.00239959,0.00591081,
9410,717.705266,-0.00225416,0.00550554,
9410,636.02943,-0.00201373,0.00485538,
9410,524.434855,-0.00172988,0.00411439,
9410,423.921205,-0.00146918,0.00343861,
9410,311.892296,-0.00116175,0.00264949,
9410,207.316634,-0.00092411,0.00204582,
9410,141.977406,-0.000768715,0.00164227,
9410,92.785819,-0.000656464,0.0013689,
9410,81.30424,-0.000668944,0.00138861,
9410,108.76439,-0.000745077,0.00159187,
9410,162.559237,-0.000913943,0.0020084,
9410,250.325479,-0.00115274,0.00261878,
9410,350.481463,-0.0014274,0.00331841,
9410,461.694108,-0.00169696,0.00404266,
9610,570.762294,-0.00198497,0.00476836,
9610,668.967344,-0.00222758,0.00541191,
9610,745.392685,-0.00239376,0.00587975,
9610,785.040025,-0.00247744,0.00610523,
9610,799.980244,-0.00250287,0.00615342,
9610,774.563037,-0.00240619,0.00590161,
9610,717.333332,-0.00224267,0.00545416,
9610,633.807486,-0.00200705,0.0048243,
9610,527.057708,-0.00172205,0.00408365,
9610,421.066501,-0.00146564,0.00339069,
9610,311.650781,-0.00117027,0.00262223,
9610,208.794701,-0.000931073,0.00201953,
9610,142.189939,-0.000756421,0.00160365,
9610,91.476813,-0.000653787,0.00133207,
9610,83.588963,-0.000662575,0.00134333,
9610,107.933582,-0.00073702,0.0015575,
9610,164.549313,-0.000910313,0.00199131,
9610,249.093756,-0.0011424,0.00257681,
9610,352.490863,-0.00141787,0.00329645,
9610,461.515387,-0.00169174,0.00400963,
9810,570.139185,-0.00198243,0.00480761,
9810,670.107298,-0.00223305,0.00546362,
9810,744.914483,-0.00239309,0.00591547,
9810,784.914437,-0.0024827,0.00614874,
9810,800.511581,-0.002508,0.006198,
9810,771.858053,-0.00240102,0.00592008,
9810,716.589462,-0.00224966,0.0054991,
9810,632.252125,-0.00199416,0.00485065,
9810,527.07703,-0.001727,0.00413986,
9810,421.061671,-0.00144925,0.00341414,
9810,308.462792,-0.00115642,0.00265444,
9810,210.871722,-0.000932255,0.00207789,
9810,142.755082,-0.000762635,0.00164487,
9810,88.443396,-0.000652527,0.0013705,
9810,84.419772,-0.000664888,0.00140867,
9810,109.363345,-0.000745699,0.00160431,
9810,165.17725,-0.000921797,0.00204324,
9810,250.963076,-0.00114476,0.00263331,
9810,351.978853,-0.00142819,0.00335182,
9810,463.254293,-0.00169823,0.00406786,
10010,568.018681,-0.00197278,0.00483655,
10010,671.512921,-0.00223549,0.00551097,
10010,745.006259,-0.00238377,0.00593383,
10010,782.972643,-0.00247857,0.0061764,
10010,804.984471,-0.0025045,0.00624461,
10010,769.930751,-0.00238551,0.00594339,
10010,714.068034,-0.00224348,0.00553006,
10010,634.053832,-0.00200083,0.00489437,
10010,524.666709,-0.00172067,0.00414926,
10010,419.974855,-0.00145139,0.00345869,
10010,309.926369,-0.00115558,0.00269547,
10010,208.055667,-0.000916453,0.00208941,
10010,140.818139,-0.000757293,0.00168149,
10010,92.558796,-0.000657588,0.00141521,
10010,82.946536,-0.000662901,0.00143764,
10010,109.213606,-0.000741303,0.00164422,
10010,165.35114,-0.000911454,0.00207609,
10010,251.359159,-0.00114803,0.00267757,
10010,354.036556,-0.00142358,0.00338907,
10010,461.220739,-0.00168906,0.00409476,
10210,570.201979,-0.00200637,0.0047801,
10210,671.710964,-0.00226537,0.00543537,
10210,744.759913,-0.002428,0.00587891,
10210,784.363779,-0.00250628,0.006102,
10210,801.844753,-0.0025332,0.00615569,
10210,771.408832,-0.00243088,0.005886,
10210,716.289982,-0.00226665,0.005445,
10210,629.044798,-0.00202824,0.00480342,
10210,525.627939,-0.0017531,0.00408575,
10210,417.265061,-0.00148394,0.0033655,
10210,310.211356,-0.00119009,0.00261519,
10210,207.476034,-0.000964812,0.00200884,
10210,139.683022,-0.00079059,0.0015965,
10210,91.699006,-0.000691287,0.00134912,
10210,82.482829,-0.000692084,0.00135134,
10210,110.015433,-0.000777456,0.00156762,
10210,165.86798,-0.000944326,0.00200229,
10210,253.339576,-0.00118454,0.00260647,
10210,352.321803,-0.00145882,0.00330626,
10210,464.389413,-0.00173455,0.00403633,
10410,569.607851,-0.00200567,0.00480902,
10410,672.343735,-0.00226128,0.00547964,
10410,746.112404,-0.0024175,0.00590226,
10410,783.740666,-0.00249952,0.00613314,
10410,802.134573,-0.00251824,0.00619723,
10410,771.495778,-0.00241826,0.00591251,
10410,713.575341,-0.00225933,0.00548143,
10410,631.199117,-0.00201846,0.00483582,
10410,523.425322,-0.00174136,0.00410058,
10410,415.970542,-0.00147342,0.00340986,
10410,309.308092,-0.00117591,0.00264241,
10410,205.563242,-0.000937251,0.00204044,
10410,140.547643,-0.000782412,0.00164469,
10410,89.670288,-0.000671374,0.00137086,
10410,83.917423,-0.000681071,0.00139369,
10410,109.585538,-0.00077039,0.00162642,
10410,167.515107,-0.000941113,0.00204532,
10410,250.909943,-0.00117716,0.00264151,
10410,356.219846,-0.00145444,0.00337416,
10410,463.896723,-0.00171755,0.00406503,
10610,572.443241,-0.00200133,0.0048702,
10610,671.208611,-0.00224738,0.00550899,
10610,748.667647,-0.00241951,0.00598324,
10610,786.605053,-0.00249773,0.0061878,
10610,799.63246,-0.00250818,0.0062211,
10610,771.012745,-0.00240755,0.00596453,
10610,715.333578,-0.00224858,0.00552526,
10610,628.267118,-0.00200335,0.0048676,
10610,524.898564,-0.00173296,0.00415597,
10610,417.593521,-0.00146056,0.00343853,
10610,304.390861,-0.00115884,0.00267571,
10610,208.659453,-0.000931522,0.00208416,
10610,136.258353,-0.000761245,0.00164909,
10610,91.322244,-0.000669622,0.00142108,
10610,83.381261,-0.000670427,0.00142623,
10610,107.629274,-0.000761805,0.00164818,
10610,168.954531,-0.000937339,0.00208935,
10610,251.219081,-0.00116772,0.00268335,
10610,354.43264,-0.00144677,0.00340753,
10610,466.29738,-0.00171426,0.00411865,
10810,572.621962,-0.00197425,0.00485725,
10810,671.638509,-0.00223344,0.00551599,
10810,748.942975,-0.00239288,0.00596931,
10810,784.325136,-0.00247339,0.00617287,
10810,799.569666,-0.00249526,0.0062201,
10810,771.611706,-0.00239789,0.00595805,
10810,713.019854,-0.00222974,0.00549661,
10810,628.76947,-0.00198565,0.00486986,
10810,523.864879,-0.00170918,0.00413917,
10810,415.627592,-0.00143992,0.00342678,
10810,306.56932,-0.00115401,0.00268013,
10810,207.451882,-0.000914216,0.00207892,
10810,137.866837,-0.000751587,0.00166479,
10810,90.74261,-0.000651241,0.00140885,
10810,83.091444,-0.000656697,0.00143831,
10810,109.411648,-0.000741681,0.0016548,
10810,168.703356,-0.000926255,0.00209688,
10810,252.687488,-0.00114997,0.00268949,
10810,356.659403,-0.00143101,0.00341074,
10810,464.089935,-0.00170285,0.00412312,
11010,571.631749,-0.00199454,0.00484178,
11010,676.512299,-0.00225061,0.00551242,
11010,745.672844,-0.00240313,0.00593378,
11010,785.523058,-0.00248518,0.00616474,
11010,804.491777,-0.00251214,0.00621305,
11010,767.346525,-0.00239796,0.00590611,
11010,713.720251,-0.00225229,0.00549677,
11010,628.967513,-0.00199846,0.00483469,
11010,520.073093,-0.0017195,0.0041036,
11010,415.076938,-0.0014567,0.00341387,
11010,305.612923,-0.00115387,0.00264238,
11010,202.148232,-0.0009189,0.00203375,
11010,139.151691,-0.000762857,0.0016369,
11010,90.332036,-0.000654944,0.00138182,
11010,81.932177,-0.00066253,0.00139959,
11010,109.160473,-0.000758836,0.00162253,
11010,168.43286,-0.00092551,0.00207405,
11010,253.344406,-0.00115795,0.0026637,
11010,355.847914,-0.00143594,0.00338195,
11010,466.12832,-0.0017117,0.00409983,
11210,572.481883,-0.0019808,0.00486157,
11210,673.981212,-0.00222737,0.00552069,
11210,748.580701,-0.00239463,0.00595438,
11210,784.943418,-0.00247204,0.00618156,
11210,800.743437,-0.00248811,0.00622375,
11210,766.868322,-0.00236986,0.00591498,
11210,713.097139,-0.0022224,0.00550105,
11210,629.353938,-0.00197516,0.00484799,
11210,517.237707,-0.0016949,0.00410793,
11210,416.023676,-0.00143303,0.0034301,
11210,306.748041,-0.00112961,0.00264164,
11210,202.520163,-0.000903571,0.00205339,
11210,139.750646,-0.000752481,0.0016589,
11210,88.670419,-0.00064247,0.00138437,
11210,82.825779,-0.00065796,0.00142439,
11210,111.425875,-0.000745483,0.00164853,
11210,169.316802,-0.000911673,0.00208087,
11210,253.098062,-0.00115158,0.0026858,
11210,358.6205,-0.00143275,0.00340842,
11210,466.075186,-0.00169284,0.00411293,
11410,573.583193,-0.00202168,0.00490885,
11410,677.555647,-0.00226622,0.00558374,
11410,746.455357,-0.00242565,0.00598134,
11410,786.093037,-0.002517,0.0062266,
11410,803.501558,-0.00253169,0.00627028,
11410,766.810358,-0.00241384,0.00595038,
11410,713.213067,-0.00226419,0.00555334,
11410,627.735784,-0.00200539,0.00487813,
11410,517.513034,-0.00173113,0.00414395,
11410,415.637252,-0.00147732,0.00346114,
11410,304.245952,-0.00117676,0.00268279,
11410,204.732433,-0.000940962,0.00209171,
11410,137.958612,-0.000778266,0.00168307,
11410,89.998747,-0.000678404,0.00144137,
11410,84.105804,-0.000687127,0.00146921,
11410,109.45512,-0.00077334,0.0016887,
11410,169.384426,-0.000949618,0.00213854,
11410,256.609678,-0.00118421,0.00273731,
11410,354.963971,-0.00146163,0.00344098,
11410,469.664097,-0.00173767,0.00417169,
11610,574.288418,-0.00200007,0.00485409,
11610,678.014527,-0.00225702,0.00552571,
11610,750.145727,-0.00240475,0.00594241,
11610,785.315354,-0.00248974,0.00615645,
11610,802.960561,-0.0025126,0.00621462,
11610,767.452792,-0.00239494,0.00590259,
11610,711.396866,-0.00224183,0.00548212,
11610,626.219066,-0.00199776,0.00482866,
11610,518.812385,-0.00171238,0.00408913,
11610,413.62302,-0.00145131,0.00339684,
11610,303.956135,-0.00115329,0.00262876,
11610,202.29797,-0.000915766,0.00203431,
11610,137.055349,-0.000764092,0.00163056,
11610,89.805536,-0.000660279,0.0013867,
11610,84.429432,-0.000670536,0.00141576,
11610,110.706163,-0.000760878,0.00163577,
11610,170.355313,-0.000942377,0.00209172,
11610,256.107329,-0.00116707,0.00267341,
11610,359.383686,-0.00145062,0.00341197,
11610,467.973493,-0.00172323,0.00410963,
11810,575.568449,-0.0020226,0.00487066,
11810,676.898724,-0.00226284,0.0054969,
11810,747.358628,-0.00241613,0.00592788,
11810,786.551919,-0.00250402,0.00616258,
11810,802.264992,-0.00251808,0.00618405,
11810,764.902378,-0.00240456,0.00588059,
11810,713.319334,-0.00225641,0.00547518,
11810,625.209531,-0.00199811,0.00478854,
11810,516.310289,-0.0017251,0.00408265,
11810,415.347435,-0.00145909,0.00337994,
11810,300.541123,-0.00116126,0.0025966,
11810,203.882303,-0.000937058,0.00202464,
11810,138.151823,-0.000781165,0.00162092,
11810,90.505926,-0.000667276,0.00136319,
11810,83.217032,-0.000683787,0.00140957,
11810,113.39663,-0.00077773,0.00162932,
11810,170.224895,-0.000947743,0.00206892,
11810,257.000932,-0.00118846,0.00268532,
11810,361.364104,-0.00146444,0.00339744,
11810,468.239159,-0.0017352,0.00410152,
12010,574.64586,-0.00204666,0.00486655,
12010,679.589211,-0.00230187,0.00553638,
12010,748.981618,-0.00245551,0.005944,
12010,785.55204,-0.00253777,0.0061773,
12010,803.356648,-0.00255799,0.00621374,
12010,766.873152,-0.00243627,0.0058964,
12010,710.189285,-0.00229296,0.00548004,
12010,624.518796,-0.0020382,0.00481841,
12010,517.633791,-0.00176398,0.00408673,
12010,412.434768,-0.00149132,0.0033972,
12010,302.024021,-0.00118976,0.00261308,
12010,200.916509,-0.000972788,0.00203828,
12010,138.204956,-0.00081677,0.0016385,
12010,86.482302,-0.000706729,0.00138793,
12010,83.729042,-0.0007222,0.00141811,
12010,111.488669,-0.000811947,0.00164906,
12010,170.176592,-0.000995306,0.00209125,
12010,257.580566,-0.00122993,0.00270689,
12010,360.890736,-0.00150599,0.00341831,
12010,469.210049,-0.0017768,0.00414026,
12210,575.442861,-0.00203252,0.00491998,
12210,680.352401,-0.0022763,0.00557203,
12210,748.527567,-0.00242679,0.00598471,
12210,783.817951,-0.0025047,0.00620448,
12210,803.24555,-0.00251979,0.00624585,
12210,766.631636,-0.00241037,0.00593069,
12210,710.150643,-0.00224895,0.00550075,
12210,624.987337,-0.00200013,0.00484469,
12210,517.348803,-0.00171787,0.00411069,
12210,410.821451,-0.00145807,0.00341971,
12210,301.420235,-0.00116289,0.00265061,
12210,200.187137,-0.00093311,0.00206198,
12210,135.475847,-0.000768826,0.00165788,
12210,89.221072,-0.000676031,0.00141869,
12210,84.859327,-0.000687448,0.00144991,
12210,112.242193,-0.000778232,0.00168079,
12210,173.040949,-0.000955836,0.00214147,
12210,258.556283,-0.00118609,0.00272856,
12210,360.030945,-0.00147198,0.00344478,
12210,472.398044,-0.0017455,0.0041779,
12410,578.171984,-0.00202451,0.00494662,
12410,680.545614,-0.00226127,0.00557674,
12410,748.392318,-0.00241225,0.00600027,
12410,786.257269,-0.00249387,0.00622431,
12410,802.859124,-0.00251213,0.0062539,
12410,765.849123,-0.0023914,0.00594109,
12410,711.295429,-0.00224056,0.00552062,
12410,623.852213,-0.00198624,0.00484584,
12410,516.237834,-0.00171343,0.00413055,
12410,411.072626,-0.00144716,0.00342324,
12410,300.009791,-0.00114573,0.00265996,
12410,202.409067,-0.000923577,0.00208665,
12410,136.804175,-0.000760247,0.00167856,
12410,87.728515,-0.00066023,0.00143466,
12410,84.796534,-0.000678489,0.00147102,
12410,112.382271,-0.000776931,0.00169635,
12410,174.610791,-0.0009514,0.00215868,
12410,260.188919,-0.00119013,0.0027595,
12410,362.760058,-0.00146682,0.00347924,
12410,468.475844,-0.0017267,0.00417539,
12610,578.804754,-0.00202203,0.0049099,
12610,679.226937,-0.00226774,0.00555744,
12610,748.798066,-0.00241318,0.00597343,
12610,788.339142,-0.00250821,0.0062016,
12610,802.308465,-0.00250268,0.00620902,
12610,765.646249,-0.00239368,0.00592081,
12610,711.208483,-0.00223799,0.00548428,
12610,622.103641,-0.00198665,0.00480606,
12610,515.126865,-0.00171495,0.00410133,
12610,411.106438,-0.00144542,0.00339165,
12610,297.565667,-0.00114003,0.0026161,
12610,201.631391,-0.000927625,0.00205293,
12610,137.002216,-0.000759578,0.00163874,
12610,87.226165,-0.000659608,0.00137923,
12610,85.463113,-0.000678629,0.00144177,
12610,113.251722,-0.000764099,0.00166956,
12610,171.702961,-0.000950043,0.00211671,
12610,261.478605,-0.00118847,0.00273263,
12610,360.422198,-0.00145977,0.00343786,
12610,471.552743,-0.00173443,0.00415879,
12810,579.476166,-0.00203214,0.00491856,
12810,682.840015,-0.00227823,0.00556722,
12810,749.416347,-0.00242533,0.00597847,
12810,786.957667,-0.00251748,0.00620818,
12810,802.23601,-0.00252012,0.006218,
12810,765.419223,-0.0024102,0.00591949,
12810,709.773878,-0.00225049,0.00548593,
12810,621.374264,-0.0019947,0.00481848,
12810,514.489266,-0.00172421,0.00409624,
12810,410.381894,-0.00145667,0.00340115,
12810,296.469192,-0.00116061,0.00261843,
12810,200.950321,-0.000934033,0.00205288,
12810,136.108614,-0.000773974,0.00165712,
12810,87.65123,-0.000675413,0.00140253,
12810,82.917554,-0.000699786,0.00145532,
12810,114.695976,-0.000791558,0.00168988,
12810,173.316275,-0.000959642,0.00213109,
12810,260.37247,-0.00120644,0.00275057,
12810,366.440738,-0.00148761,0.00348101,
12810,471.659009,-0.00173904,0.00417673,
13010,579.543791,-0.00204169,0.00490704,
13010,683.603205,-0.0022936,0.00555501,
13010,750.261655,-0.00243457,0.00595241,
13010,785.513398,-0.00252029,0.00618151,
13010,803.757566,-0.00252969,0.00620157,
13010,763.704457,-0.00241435,0.00588831,
13010,707.899713,-0.00225433,0.00545393,
13010,621.026481,-0.00200566,0.00479029,
13010,513.851666,-0.00172502,0.00406132,
13010,410.386724,-0.00146481,0.00336604,
13010,296.710706,-0.0011583,0.00258214,
13010,200.230609,-0.000936911,0.0020227,
13010,136.485376,-0.000786858,0.00161678,
13010,85.405149,-0.000679012,0.00136391,
13010,84.183088,-0.000702519,0.00142753,
13010,115.164513,-0.000798819,0.00166286,
13010,173.354918,-0.000973563,0.00210984,
13010,260.903801,-0.0012125,0.00272183,
13010,363.494262,-0.00148884,0.00344004,
13010,473.175722,-0.001767,0.00415753,
13210,580.94458,-0.00204399,0.00497202,
13210,683.801248,-0.00228305,0.00562318,
13210,752.585042,-0.00243692,0.00602544,
13210,787.682217,-0.00252507,0.00626225,
13210,801.574255,-0.00252445,0.00626169,
13210,763.912161,-0.00240828,0.00594896,
13210,707.948016,-0.00224815,0.00551805,
13210,618.997751,-0.00200294,0.00484972,
13210,512.523333,-0.00172017,0.00412324,
13210,408.841031,-0.00145261,0.00342199,
13210,295.363056,-0.00115508,0.00265173,
13210,198.573822,-0.00093476,0.00208342,
13210,135.369581,-0.000775422,0.00167914,
13210,86.134522,-0.000679404,0.00144044,
13210,86.153843,-0.000700371,0.0014938,
13210,114.068039,-0.000794314,0.001726,
13210,173.480505,-0.000973606,0.00217528,
13210,262.265942,-0.00121194,0.00279551,
13210,366.257187,-0.0014931,0.00351751,
13210,473.702225,-0.00176211,0.00421532,
13410,582.142496,-0.00204856,0.0049361,
13410,682.187922,-0.002285,0.00554562,
13410,749.141019,-0.00243973,0.00597799,
13410,788.054152,-0.00252419,0.00619913,
13410,801.443836,-0.00252165,0.00618985,
13410,762.936434,-0.00241186,0.0059006,
13410,708.237836,-0.00224595,0.0054501,
13410,618.785217,-0.00200014,0.00477874,
13410,511.518631,-0.00172702,0.00406628,
13410,408.976279,-0.00145568,0.00335487,
13410,293.315015,-0.00116429,0.00259198,
13410,199.844187,-0.00094221,0.00202826,
13410,133.558225,-0.000769781,0.00161281,
13410,86.607889,-0.00068457,0.00138499,
13410,86.743137,-0.000696744,0.00143299,
13410,113.130965,-0.000796276,0.00166244,
13410,176.513922,-0.000976918,0.00213565,
13410,263.483173,-0.00121309,0.00273789,
13410,365.083427,-0.0014908,0.00345538,
13410,473.417237,-0.00176435,0.00416996,
13610,583.292109,-0.0020506,0.00496791,
13610,681.70006,-0.00229334,0.0055961,
13610,751.203568,-0.00244156,0.00601774,
13610,787.899582,-0.00252483,0.00623538,
13610,800.038208,-0.00252073,0.0062295,
13610,764.139186,-0.00241356,0.00593695,
13610,706.416805,-0.0022463,0.00548375,
13610,617.601791,-0.00199714,0.00481338,
13610,512.721376,-0.00171613,0.00409715,
13610,405.411524,-0.00144318,0.00337636,
13610,296.179374,-0.00115766,0.00263262,
13610,198.037661,-0.000926743,0.00205125,
13610,131.92076,-0.000772053,0.00164905,
13610,88.68008,-0.000681899,0.00142296,
13610,84.028519,-0.000700493,0.00147212,
13610,112.247023,-0.000794775,0.00170328,
13610,176.383505,-0.00098918,0.00217245,
13610,262.652364,-0.00121412,0.00277485,
13610,368.281079,-0.001498,0.00350691,
13610,474.325333,-0.0017633,0.00420852,
13810,583.282448,-0.00205665,0.00492129,
13810,682.381135,-0.00230428,0.00556393,
13810,752.681648,-0.00244915,0.00597814,
13810,786.059225,-0.00252141,0.00616794,
13810,800.144476,-0.00253752,0.00618941,
13810,766.10996,-0.0024299,0.00589007,
13810,706.624508,-0.00224989,0.00542521,
13810,617.258839,-0.00200202,0.00476738,
13810,511.900225,-0.00172788,0.00404519,
13810,406.087764,-0.00145495,0.00333559,
13810,293.706268,-0.00116248,0.00256545,
13810,199.124475,-0.000941172,0.00200586,
13810,133.099349,-0.000776265,0.00159383,
13810,87.110239,-0.000690428,0.00137309,
13810,84.984915,-0.000714557,0.00141682,
13810,113.22274,-0.000806756,0.00165778,
13810,177.064574,-0.00098052,0.00211638,
13810,263.106411,-0.00122173,0.00273859,
13810,367.63865,-0.00149857,0.00345021,
13810,476.035258,-0.00177225,0.00416486,
14010,584.470704,-0.00202986,0.00497617,
14010,685.018488,-0.00227621,0.00561059,
14010,752.420811,-0.00242208,0.00602281,
14010,786.518107,-0.00250101,0.00622135,
14010,803.057167,-0.00250793,0.00624028,
14010,762.936434,-0.00238454,0.00592024,
14010,705.788863,-0.00222968,0.0054839,
14010,616.210662,-0.00196922,0.00480514,
14010,509.57202,-0.00169701,0.00408149,
14010,404.672489,-0.00143775,0.0033809,
14010,294.203788,-0.00113425,0.0026182,
14010,195.80607,-0.000905903,0.00204242,
14010,129.404183,-0.00075487,0.00164427,
14010,87.916896,-0.000669869,0.00142606,
14010,84.73857,-0.000686559,0.0014688,
14010,114.304723,-0.000780498,0.00172053,
14010,175.943949,-0.000960232,0.00217582,
14010,264.265679,-0.00120145,0.00279046,
14010,369.430688,-0.00147808,0.00351287,
14010,476.581082,-0.00174455,0.00421812,
14210,585.311177,-0.00207065,0.00494362,
14210,683.492108,-0.00231248,0.00558258,
14210,753.386876,-0.00246191,0.00599323,
14210,787.223335,-0.00253907,0.0062032,
14210,801.51146,-0.00254223,0.00620424,
14210,763.520904,-0.00243395,0.00589401,
14210,704.99186,-0.00226064,0.00544667,
14210,616.824111,-0.00201167,0.00477619,
14210,508.388597,-0.00173772,0.00403887,
14210,405.561263,-0.00146834,0.00334762,
14210,293.421281,-0.0011677,0.00257562,
14210,195.550065,-0.000941573,0.00200793,
14210,130.490996,-0.000796174,0.00161206,
14210,86.815591,-0.000702417,0.00138974,
14210,84.303845,-0.000723663,0.00144165,
14210,115.357724,-0.000822354,0.00168899,
14210,178.837288,-0.000997657,0.00214973,
14210,263.483173,-0.00124184,0.0027517,
14210,368.899356,-0.00152298,0.00349827,
14210,477.943225,-0.00179191,0.00418973,
14410,587.5621,-0.00206889,0.00500932,
14410,684.318092,-0.00229824,0.00562564,
14410,752.135821,-0.00245199,0.00603675,
14410,788.976746,-0.00253813,0.00625698,
14410,801.342399,-0.00252209,0.0062317,
14410,762.448571,-0.00241649,0.00593314,
14410,704.851781,-0.00224764,0.00548395,
14410,614.756738,-0.00199757,0.00481123,
14410,509.866668,-0.00172275,0.00409362,
14410,403.049511,-0.00144559,0.00338034,
14410,292.315146,-0.00115408,0.00262526,
14410,195.105679,-0.000936346,0.00205684,
14410,132.553527,-0.000772808,0.00165552,
14410,88.201882,-0.000683734,0.0014441,
14410,85.042878,-0.000704859,0.00148226,
14410,115.377046,-0.000804962,0.00173522,
14410,178.117576,-0.000988607,0.00220471,
14410,264.309152,-0.0012198,0.00280719,
14410,371.522203,-0.00150718,0.0035507,
14410,477.276644,-0.00176895,0.00423486,
14610,585.885984,-0.00178585,0.00419755,
14610,684.28911,-0.00206555,0.00493978,
14610,754.550985,-0.00230212,0.0055717,
14610,787.532476,-0.00244899,0.00598515,
14610,799.067311,-0.00253028,0.00618704,
14610,761.593603,-0.00252307,0.00618178,
14610,706.247743,-0.00241053,0.0058715,
14610,613.766525,-0.00224934,0.00543374,
14610,507.108567,-0.00199081,0.00474385,
14610,403.580843,-0.00172222,0.00402842,
14610,290.895042,-0.0014531,0.00333502,
14610,195.173303,-0.00115298,0.0025666,
14610,131.819324,-0.000933256,0.00199555,
14610,86.859064,-0.000774874,0.00160535,
14610,85.58387,-0.000684214,0.00138569,
14610,115.840753,-0.000707901,0.00144021,
14610,179.073972,-0.000800037,0.00168678,
14610,266.801579,-0.000996576,0.00215513,
14610,369.97168,-0.00122996,0.00277171,
14610,477.180038,-0.00150548,0.00349773,
14810,588.122416,-0.00210048,0.00501857,
14810,685.665751,-0.00233715,0.00563,
14810,752.899013,-0.00249266,0.00603213,
14810,788.942933,-0.00256471,0.00624642,
14810,800.511581,-0.00257116,0.00623718,
14810,761.279632,-0.00244792,0.00591901,
14810,704.518488,-0.00228397,0.00547883,
14810,614.969272,-0.00202944,0.00479416,
14810,505.331017,-0.00175716,0.00406947,
14810,403.397292,-0.00148883,0.00337855,
14810,290.387862,-0.00118908,0.00260161,
14810,194.27004,-0.000971877,0.00204722,
14810,132.997913,-0.000812941,0.00165097,
14810,85.438961,-0.000721899,0.00142154,
14810,85.58387,-0.000748113,0.00149004,
14810,116.898584,-0.000839932,0.0017319,
14810,178.624756,-0.00102402,0.00219734,
14810,268.100926,-0.00127165,0.00282398,
14810,371.551185,-0.00154751,0.00354107,
14810,478.001189,-0.0018132,0.00423767,
15010,587.793955,-0.00208529,0.00498655,
15010,687.882867,-0.00232344,0.00562461,
15010,755.347989,-0.00247197,0.00601891,
15010,787.363415,-0.00254878,0.00622865,
15010,802.124913,-0.00255064,0.00621772,
15010,761.999351,-0.00242907,0.00590238,
15010,703.977492,-0.00226479,0.00545438,
15010,613.07579,-0.00200906,0.00477841,
15010,505.987938,-0.00173059,0.00404635,
15010,402.194549,-0.00146656,0.0033557,
15010,290.296086,-0.00116428,0.00258567,
15010,193.328135,-0.000944417,0.00202291,
15010,130.481336,-0.000701689,0.00142216,
15010,84.429432,-0.000727096,0.0014745,
15010,114.304723,-0.000816265,0.00172135,
15010,182.189504,-0.00101123,0.00220433,
15010,266.217115,-0.00124838,0.0028062,
15010,372.729776,-0.00153209,0.00354331,
15010,480.174823,-0.00179612,0.00424348,
15210,588.132076,-0.00207926,0.00507064,
15210,686.767064,-0.00232191,0.00569931,
15210,755.971101,-0.00246434,0.00610636,
15210,788.261857,-0.00253128,0.00629556,
15210,800.236252,-0.00253465,0.00629789,
15210,762.294001,-0.0024134,0.00597784,
15210,702.779573,-0.00197861,0.00484592,
15210,505.442114,-0.0016985,0.00412612,
15210,401.025619,-0.00142324,0.00342846,
15210,289.605355,-0.00112517,0.00266056,
15210,193.844976,-0.000893991,0.00209618,
15210,129.447656,-0.00073393,0.00170365,
15210,87.052275,-0.000644565,0.00149414,
15210,85.385828,-0.000657717,0.00154517,
15210,116.560464,-0.000749982,0.00179364,
15210,180.735589,-0.000933721,0.00227161,
15210,269.979906,-0.00115842,0.00288658,
15210,372.019723,-0.00143609,0.00360869,
15210,480.971822,-0.0017009,0.00432069,
15410,589.933781,-0.00211572,0.0049928,
15410,688.998671,-0.00236118,0.0056212,
15410,753.406197,-0.0024977,0.00599929,
15410,787.624253,-0.00257792,0.00622329,
15410,803.82519,-0.00257303,0.00620345,
15410,759.410295,-0.00245542,0.00587478,
15410,704.219009,-0.00229006,0.00543574,
15410,609.723555,-0.00201957,0.00474074,
15410,504.176575,-0.0017573,0.00402678,
15410,402.184889,-0.00148732,0.00332552,
15410,287.451048,-0.00119299,0.00255858,
15410,194.695105,-0.000970174,0.00200916,
15410,129.215802,-0.000813257,0.00161483,
15410,86.907367,-0.000728528,0.00139851,
15410,84.516377,-0.000759671,0.00146681,
15410,118.37182,-0.000853468,0.00171924,
15410,180.837025,-0.00103499,0.0021777,
15410,270.105494,-0.00128031,0.00280481,
15410,375.207714,-0.00157051,0.00353639,
15410,479.846363,-0.00183104,0.0042329,
15610,590.822558,-0.00208292,0.00502008,
15610,687.366023,-0.00231425,0.00562541,
15610,755.517051,-0.00246575,0.00603703,
15610,789.198941,-0.00254264,0.00624686,
15610,799.63246,-0.00253569,0.0062114,
15610,761.941387,-0.00241946,0.00590132,
15610,700.915069,-0.00225581,0.00544364,
15610,610.810375,-0.00199263,0.00475915,
15610,504.804514,-0.00172119,0.00403664,
15610,398.702248,-0.00144675,0.00333051,
15610,288.117627,-0.00116201,0.0025762,
15610,191.598894,-0.000935583,0.00200584,
15610,126.554317,-0.000781303,0.00161467,
15610,87.211675,-0.00070154,0.00141944,
15610,83.975386,-0.000719627,0.00146173,
15610,117.825998,-0.000820849,0.0017321,
15610,182.088068,-0.00100792,0.00219894,
15610,268.955886,-0.00123716,0.0028078,
15610,376.024033,-0.00153279,0.00355955,
15610,482.517517,-0.00179273,0.00424664,
15810,591.865904,-0.00207315,0.00503043,
15810,688.119553,-0.00230782,0.0056471,
15810,754.203201,-0.00245422,0.00604457,
15810,790.947521,-0.00254216,0.00626303,
15810,798.763,-0.00251988,0.00620965,
15810,759.816042,-0.0024119,0.00591822,
15810,703.18049,-0.00224233,0.00544935,
15810,607.733468,-0.00197914,0.00475725,
15810,504.25386,-0.00171183,0.0040603,
15810,399.610343,-0.00143687,0.00333491,
15810,284.659143,-0.00114585,0.00258446,
15810,193.004506,-0.000936593,0.00203529,
15810,127.766718,-0.000767412,0.00161943,
15810,85.75776,-0.000686952,0.00142696,
15810,87.090917,-0.000714481,0.00148486,
15810,116.401065,-0.000822011,0.0017459,
15810,183.851121,-0.00100059,0.00222857,
15810,269.303666,-0.00124464,0.00282176,
15810,374.241656,-0.00152207,0.00356952,
15810,484.198461,-0.0017958,0.00428127,
16010,593.517869,-0.00209079,0.00499884,
16010,689.172562,-0.00233115,0.0056216,
16010,755.908307,-0.00246765,0.00600936,
16010,789.227923,-0.00254227,0.00621259,
16010,801.21198,-0.00254712,0.00620461,
16010,761.371408,-0.00241377,0.00586896,
16010,700.514153,-0.00224875,0.00540673,
16010,611.771607,-0.00199063,0.00473365,
16010,503.664564,-0.00171866,0.00400759,
16010,397.547809,-0.00144809,0.00329992,
16010,286.29661,-0.00115022,0.00254172,
16010,191.405683,-0.000933993,0.00198865,
16010,127.539694,-0.000778288,0.00159427,
16010,86.892876,-0.000700491,0.00139815,
16010,86.525775,-0.000721328,0.0014533,
16010,118.88383,-0.000819578,0.00171515,
16010,183.421226,-0.00101153,0.00219041,
16010,270.970115,-0.00125602,0.00281201,
16010,377.999622,-0.00153405,0.00354879,
16010,483.256553,-0.0017991,0.00424716,
16210,592.126741,-0.00209444,0.00508226,
16210,689.457551,-0.00233282,0.00570849,
16210,756.859882,-0.00248111,0.00610486,
16210,789.75926,-0.00254834,0.00629712,
16210,800.477769,-0.00253971,0.00628029,
16210,761.501827,-0.00242621,0.00596313,
16210,699.359706,-0.00225234,0.00548646,
16210,608.298614,-0.00200104,0.00482757,
16210,502.191322,-0.0017194,0.00408922,
16210,394.470913,-0.00144605,0.0033769,
16210,283.963582,-0.00116164,0.00263217,
16210,191.661688,-0.000938665,0.00206687,
16210,124.578732,-0.000778936,0.00166968,
16210,86.989482,-0.000704429,0.00148795,
16210,83.985047,-0.000717733,0.00153368,
16210,117.521691,-0.000836519,0.00181333,
16210,183.165221,-0.0010168,0.00228303,
16210,270.994266,-0.00126362,0.00290662,
16210,377.038394,-0.00153968,0.00363523,
16210,484.010079,-0.00180888,0.00433866,
16410,592.851287,-0.00211329,0.00506436,
16410,691.452473,-0.00233824,0.00567998,
16410,755.724755,-0.00248175,0.00605878,
16410,788.614471,-0.00256201,0.00628086,
16410,800.192779,-0.00255528,0.00624066,
16410,758.661594,-0.00244228,0.00591786,
16410,700.011799,-0.00225834,0.00545549,
16410,607.685165,-0.00200178,0.00476406,
16410,500.244712,-0.00172677,0.00405203,
16410,398.880969,-0.00145659,0.00334651,
16410,282.789823,-0.00115882,0.00257966,
16410,191.251114,-0.000950217,0.00203832,
16410,126.312803,-0.000790256,0.00164173,
16410,83.613115,-0.000720495,0.0014507,
16410,87.559455,-0.000747707,0.00151752,
16410,117.400933,-0.000838844,0.0017695,
16410,182.228146,-0.00103607,0.00225722,
16410,275.211105,-0.00127784,0.00288702,
16410,375.569986,-0.00154921,0.0036005,
16410,484.135667,-0.00181757,0.00431665,
16610,594.005731,-0.00208741,0.00501246,
16610,691.225448,-0.00232521,0.00563407,
16610,756.888864,-0.00246492,0.00602093,
16610,789.454949,-0.00254524,0.00622659,
16610,800.414974,-0.0025229,0.00618118,
16610,759.086663,-0.00241347,0.0058699,
16610,697.799513,-0.00223854,0.00539595,
16610,607.182813,-0.00198508,0.00471982,
16610,500.3703,-0.00170511,0.00398849,
16610,394.895979,-0.00144022,0.00328673,
16610,283.224548,-0.00114361,0.00252743,
16610,190.289888,-0.000924573,0.00197468,
16610,125.264632,-0.000769473,0.00158471,
16610,84.980084,-0.00069197,0.00139284,
16610,85.979953,-0.000716614,0.00144701,
16610,119.202628,-0.000834416,0.00173205,
16610,185.88467,-0.00101388,0.002204,
16610,272.24048,-0.00125075,0.00281988,
16610,378.835262,-0.00153441,0.00356086,
16610,486.840634,-0.00181003,0.00425737,
16810,594.551555,-0.00212065,0.00509685,
16810,691.336545,-0.00236353,0.00571032,
16810,757.391218,-0.00250431,0.00609674,
16810,789.633671,-0.00257629,0.00630167,
16810,799.139766,-0.00256554,0.00626734,
16810,759.023868,-0.00244799,0.00593993,
16810,699.4225,-0.00228066,0.00547602,
16810,605.926932,-0.00201369,0.00478344,
16810,501.080354,-0.00174966,0.00406957,
16810,394.823524,-0.00147342,0.00336072,
16810,282.765671,-0.00117747,0.00260855,
16810,189.376964,-0.000966242,0.0020605,
16810,126.298312,-0.000807744,0.00166513,
16810,83.047972,-0.000723138,0.00146309,
16810,86.361545,-0.000764559,0.00154059,
16810,120.444011,-0.000862226,0.00181511,
16810,183.962218,-0.00103872,0.00227531,
16810,272.844265,-0.00129621,0.00290449,
16810,380.477561,-0.00157681,0.003644,
16810,486.318961,-0.00184299,0.00433307,
17010,593.353639,-0.00210474,0.00506298,
17010,695.094534,-0.00234778,0.00569878,
17010,755.038848,-0.00247908,0.00605373,
17010,789.256905,-0.00256618,0.00628708,
17010,801.984833,-0.00254813,0.00623451,
17010,755.328668,-0.00242341,0.00589405,
17010,699.789605,-0.00225541,0.00544248,
17010,605.216877,-0.00199234,0.00474033,
17010,498.322253,-0.00171908,0.00403174,
17010,395.74611,-0.00144691,0.00332911,
17010,279.287866,-0.00115284,0.00255893,
17010,188.884275,-0.00094776,0.00202271,
17010,126.733037,-0.000778163,0.00162591,
17010,83.791835,-0.000706995,0.00142861,
17010,88.303318,-0.000737096,0.00151053,
17010,119.313725,-0.000839136,0.00176829,
17010,185.222921,-0.0010274,0.00225136,
17010,274.795701,-0.00127601,0.00287856,
17010,379.936568,-0.00154962,0.00360862,
17010,488.212438,-0.00182302,0.00431466,
17210,594.0009,-0.00212516,0.00509042,
17210,695.002758,-0.00236423,0.00573058,
17210,758.048142,-0.00249607,0.00608893,
17210,788.034831,-0.0025755,0.00629288,
17210,802.293974,-0.00256259,0.00626632,
17210,756.526589,-0.00242976,0.00591038,
17210,697.166741,-0.00226883,0.00545612,
17210,607.883207,-0.00201045,0.00478917,
17210,495.168068,-0.00173036,0.00402814,
17210,394.548198,-0.00146735,0.00335244,
17210,284.118151,-0.00116731,0.00258686,
17210,187.159865,-0.00094459,0.00203514,
17210,125.979513,-0.000806114,0.00166303,
17210,86.540265,-0.000726618,0.00146013,
17210,86.385696,-0.000753249,0.00152779,
17210,119.91751,-0.000861035,0.00180431,
17210,188.169394,-0.00105459,0.00228996,
17210,274.665283,-0.00128848,0.00289996,
17210,382.433829,-0.00157468,0.00365235,
17210,487.584499,-0.00184593,0.00434959,
17410,596.102084,-0.00209885,0.0050967,
17410,692.519974,-0.002341,0.00573007,
17410,760.332887,-0.00247357,0.00610583,
17410,788.880139,-0.00255209,0.00629319,
17410,799.830504,-0.00252893,0.00626319,
17410,755.990423,-0.00240151,0.00592046,
17410,698.041029,-0.00224105,0.00546836,
17410,604.825622,-0.00198071,0.00476954,
17410,497.824732,-0.00170868,0.00404774,
17410,393.871957,-0.00144177,0.00334638,
17410,280.823896,-0.00114715,0.00260004,
17410,188.507513,-0.000935216,0.00205283,
17410,126.665413,-0.000783819,0.00166034,
17410,83.207371,-0.000709334,0.00146086,
17410,88.303318,-0.000739928,0.00155349,
17410,120.714507,-0.000843419,0.00180734,
17410,187.633232,-0.00103247,0.00230927,
17410,275.520243,-0.00127432,0.00292191,
17410,381.815551,-0.00155744,0.00366027,
17410,488.173796,-0.00182456,0.00436203,
17610,599.232124,-0.00214822,0.00507869,
17610,692.911229,-0.00237855,0.00568079,
17610,758.323471,-0.00251972,0.00606565,
17610,790.247123,-0.00258938,0.00625808,
17610,798.188191,-0.00257,0.00620183,
17610,756.898524,-0.00246467,0.00589945,
17610,696.451854,-0.00227375,0.00540249,
17610,602.381485,-0.00201999,0.00472255,
17610,497.283739,-0.00174515,0.00400711,
17610,392.915559,-0.00147476,0.00330111,
17610,280.514758,-0.00118897,0.00254626,
17610,186.251771,-0.000967485,0.00198922,
17610,124.182649,-0.000818414,0.0016146,
17610,85.405149,-0.00074183,0.00143027,
17610,87.849272,-0.000770909,0.00150069,
17610,120.60824,-0.000879061,0.001769,
17610,188.835973,-0.00106886,0.00226948,
17610,277.558624,-0.00130973,0.00286717,
17610,382.636701,-0.00159782,0.00362131,
17610,490.250824,-0.00186289,0.00432056,
17810,598.845699,-0.00214371,0.00515359,
17810,695.910858,-0.00237192,0.00577133,
17810,759.308858,-0.00250743,0.00613627,
17810,790.686683,-0.00258359,0.00634125,
17810,799.545514,-0.00256446,0.00629084,
17810,757.618243,-0.00243698,0.00595967,
17810,696.09441,-0.00226935,0.00548031,
17810,602.743759,-0.00201064,0.00479884,
17810,496.279036,-0.00173199,0.00406492,
17810,392.113731,-0.00146361,0.00336808,
17810,279.205751,-0.00117472,0.00261989,
17810,188.150072,-0.000961935,0.00207627,
17810,124.216461,-0.000807077,0.00168382,
17810,84.709589,-0.000735223,0.00150379,
17810,88.424075,-0.000766128,0.00157592,
17810,121.100929,-0.000879071,0.00185564,
17810,189.859993,-0.00106343,0.00234289,
17810,278.16724,-0.00129979,0.00296099,
17810,383.090748,-0.00159024,0.0036993,
17810,491.791689,-0.00185818,0.00441193,
18010,600.145052,-0.00212983,0.00517007,
18010,697.702906,-0.00236338,0.00577434,
18010,758.941753,-0.002499,0.00614527,
18010,792.072989,-0.00257177,0.00635818,
18010,799.6228,-0.00254761,0.00629168,
18010,754.889108,-0.00242524,0.00595946,
18010,695.297407,-0.00225689,0.00548603,
18010,602.985274,-0.00199467,0.00480188,
18010,496.196921,-0.00172116,0.00407255,
18010,390.200936,-0.00144552,0.00336363,
18010,277.945046,-0.00115869,0.00261215,
18010,186.005427,-0.000945714,0.00206998,
18010,122.801188,-0.000789738,0.00168733,
18010,83.912592,-0.000720862,0.00150558,
18010,88.013501,-0.000754689,0.00158716,
18010,121.62743,-0.000861493,0.00185819,
18010,188.604119,-0.00104752,0.0023444,
18010,276.901705,-0.00129036,0.00297507,
18010,384.699235,-0.0015723,0.00371891,
18010,490.617927,-0.00184227,0.00441829,
18210,599.415676,-0.00210189,0.00514439,
18210,697.963744,-0.00247458,0.00612219,
18210,789.715787,-0.00255069,0.00632272,
18210,798.531144,-0.00252477,0.00625714,
18210,756.449304,-0.00241137,0.00593397,
18210,694.43761,-0.00222818,0.00545692,
18210,602.053024,-0.00197415,0.00476245,
18210,494.39039,-0.0016943,0.00404994,
18210,391.345715,-0.00142529,0.00333024,
18210,277.051444,-0.00113458,0.0025781,
18210,186.947332,-0.000923224,0.00205543,
18210,123.86385,-0.00076688,0.00165248,
18210,84.719249,-0.00069709,0.00147695,
18210,88.873291,-0.000736866,0.001565,
18210,123.00406,-0.000838247,0.00183595,
18210,188.048637,-0.00104415,0.00232431,
18210,280.480946,-0.00127759,0.00295419,
18210,386.496103,-0.00155618,0.00369004,
18210,489.685679,-0.00182752,0.00438908,
18410,601.391272,-0.00211172,0.00515229,
18410,697.30682,-0.00234314,0.00575374,
18410,760.994642,-0.00247794,0.00613204,
18410,791.329118,-0.00254985,0.00631683,
18410,798.777491,-0.00252617,0.00625339,
18410,754.058292,-0.00240549,0.00593367,
18410,696.596763,-0.00223187,0.00544923,
18410,600.526647,-0.0019685,0.00475393,
18410,495.651098,-0.00169683,0.00403903,
18410,389.186575,-0.00142183,0.00332011,
18410,276.31241,-0.00112406,0.00257477,
18410,186.338717,-0.000763564,0.00163943,
18410,121.844792,-0.00069976,0.00148191,
18410,88.704231,-0.000726351,0.00155116,
18410,122.076646,-0.000845024,0.00183425,
18410,190.719783,-0.00103427,0.00233637,
18410,278.940085,-0.00127587,0.00294361,
18410,385.404457,-0.00156674,0.00370072,
18410,492.661143,-0.00182618,0.00439479,
18610,602.956292,-0.00206601,0.00518864,
18610,695.630699,-0.00229769,0.00578863,
18610,762.781864,-0.00244565,0.006178,
18610,791.850794,-0.00250813,0.00635428,
18610,797.45398,-0.00247761,0.00628625,
18610,758.294489,-0.00237014,0.00597388,
18610,694.109149,-0.00217768,0.00546773,
18610,598.778075,-0.00192346,0.00478946,
18610,493.627203,-0.00165028,0.0040739,
18610,389.017515,-0.00137844,0.00335244,
18610,276.220635,-0.00109355,0.0026083,
18610,184.604645,-0.000874312,0.00205988,
18610,121.192704,-0.000723973,0.00167947,
18610,84.134785,-0.000657033,0.00150638,
18610,87.30345,-0.000686175,0.00159036,
18610,121.173383,-0.000800665,0.00186892,
18610,191.101375,-0.000989669,0.00236262,
18610,280.36985,-0.00123663,0.00299231,
18610,385.834353,-0.00151719,0.00372468,
18610,494.588432,-0.00178749,0.00444577,
18810,603.260602,-0.00183538,0.00440703,
18810,699.56258,-0.00212561,0.00518208,
18810,757.753492,-0.00235525,0.00577598,
18810,793.232269,-0.00247957,0.00612417,
18810,800.550224,-0.00256907,0.00635251,
18810,751.97159,-0.00253035,0.00625366,
18810,694.785393,-0.00241127,0.00592617,
18810,598.628336,-0.00223658,0.0054565,
18810,491.458399,-0.00197362,0.00475357,
18810,389.476392,-0.00169918,0.00403656,
18810,274.940609,-0.00142568,0.00333077,
18810,183.822139,-0.00113019,0.00257031,
18810,122.501711,-0.000933495,0.00205287,
18810,81.99014,-0.000772259,0.00165057,
18810,88.834649,-0.000698285,0.00147795,
18810,123.86385,-0.000735778,0.00157654,
18810,192.086753,-0.000851982,0.00185016,
18810,280.152487,-0.00103963,0.00234703,
18810,389.316993,-0.00128271,0.00296838,
18810,494.429032,-0.00156991,0.00371567,
19010,602.806553,-0.00210189,0.00513337,
19010,698.326018,-0.0023408,0.00576628,
19010,762.033163,-0.00247424,0.00611889,
19010,789.976624,-0.0025433,0.00630955,
19010,800.898008,-0.00252988,0.0062563,
19010,754.096934,-0.00239184,0.00590567,
19010,692.437858,-0.00221467,0.00542968,
19010,600.222337,-0.00194862,0.00473744,
19010,490.110745,-0.00167779,0.00400585,
19010,389.969082,-0.00142097,0.0033237,
19010,273.158234,-0.00111851,0.00254274,
19010,183.353602,-0.000915222,0.00202901,
19010,123.163459,-0.000760194,0.00164733,
19010,81.792099,-0.000691152,0.00146511,
19010,88.491699,-0.000726047,0.0015562,
19010,123.844529,-0.000837412,0.0018419,
19010,192.130225,-0.0010265,0.00234039,
19010,282.432381,-0.00127434,0.00296998,
19010,389.157593,-0.00155238,0.00369758,
19010,495.356449,-0.00183283,0.00441527,
19210,603.569741,-0.00214488,0.00515393,
19210,701.37878,-0.00238015,0.00577253,
19210,761.168534,-0.00249668,0.00612446,
19210,788.884969,-0.00257696,0.0063092,
19210,798.975535,-0.00255151,0.00625376,
19210,753.865079,-0.00242215,0.00590341,
19210,690.206251,-0.00225314,0.0054333,
19210,599.207973,-0.00198259,0.00472894,
19210,489.893382,-0.00170924,0.004012,
19210,387.621561,-0.00143607,0.0032981,
19210,271.443483,-0.00114293,0.00254612,
19210,184.044332,-0.000944504,0.00203712,
19210,122.82534,-0.000777272,0.0016385,
19210,82.738834,-0.000713472,0.00146525,
19210,90.2306,-0.000756543,0.00157254,
19210,123.327689,-0.00086308,0.00183732,
19210,191.492628,-0.00105309,0.002338,
19210,283.374287,-0.00130907,0.00298462,
19210,390.056027,-0.00157917,0.00370042,
19210,494.834777,-0.00184543,0.00442218,
19410,605.550168,-0.00212435,0.00515452,
19410,700.074594,-0.0023397,0.00574032,
19410,762.342304,-0.00247949,0.00611475,
19410,792.81686,-0.00254529,0.00629836,
19410,797.342882,-0.0025172,0.00622416,
19410,752.947316,-0.00239512,0.00588557,
19410,691.940335,-0.00221851,0.00540284,
19410,595.749472,-0.00195255,0.00470087,
19410,490.453696,-0.00168051,0.00398975,
19410,387.11438,-0.00141587,0.00326984,
19410,273.60262,-0.00111701,0.0025317,
19410,182.034935,-0.000905999,0.00198961,
19410,123.313198,-0.000758716,0.00161842,
19410,83.047972,-0.000700908,0.0014571,
19410,88.960236,-0.000723834,0.00153516,
19410,124.776773,-0.000850188,0.00182988,
19410,193.9126,-0.00103192,0.0023165,
19410,282.712538,-0.00129352,0.00295492,
19410,390.568038,-0.0015661,0.00369363,
19410,493.989475,-0.00183544,0.00439241,
19610,607.071716,-0.00218271,0.0051865,
19610,700.32094,-0.00240549,0.00579535,
19610,762.294001,-0.00253942,0.00614238,
19610,791.416064,-0.00260849,0.00633853,
19610,798.806473,-0.00258797,0.00626334,
19610,751.860493,-0.00245945,0.00592179,
19610,691.722971,-0.00227698,0.00543104,
19610,595.638375,-0.00201509,0.00473792,
19610,489.729152,-0.00174212,0.00401231,
19610,385.979262,-0.0014653,0.00329769,
19610,273.646093,-0.00117824,0.00255871,
19610,182.609739,-0.000970021,0.00203108,
19610,120.656543,-0.000821187,0.00164728,
19610,83.318468,-0.000753611,0.00148441,
19610,89.660627,-0.000784982,0.00156806,
19610,121.666072,-0.00089703,0.00185456,
19610,195.665992,-0.0010939,0.00236899,
19610,283.528856,-0.00134564,0.00298676,
19610,391.992974,-0.00163171,0.00373146,
19610,495.786346,-0.00190248,0.00443572,
19810,606.385812,-0.00218087,0.00523383,
19810,701.156585,-0.00240371,0.00582468,
19810,760.970491,-0.00253331,0.00618539,
19810,793.338536,-0.00260801,0.00637798,
19810,798.637412,-0.00257935,0.00629899,
19810,751.768717,-0.00244632,0.00594707,
19810,692.027281,-0.00227449,0.00546898,
19810,596.1842,-0.00200796,0.0047697,
19810,486.357604,-0.00173012,0.00403382,
19810,386.351194,-0.00146246,0.00333938,
19810,270.467765,-0.00117835,0.00259035,
19810,181.986632,-0.000968364,0.00205867,
19810,119.719469,-0.000819752,0.00168754,
19810,83.250844,-0.000754616,0.00151666,
19810,87.791308,-0.000786947,0.00161011,
19810,124.274424,-0.000901449,0.0019007,
19810,195.714295,-0.00109867,0.00239959,
19810,283.712407,-0.00134471,0.00303422,
19810,390.722607,-0.00162366,0.00376812,
19810,497.578387,-0.00189602,0.00447518,
20010,606.182939,-0.00214366,0.0052456,
20010,701.282174,-0.0023726,0.00583325,
20010,761.042946,-0.00249941,0.0061918,
20010,792.700932,-0.00258078,0.00638012,
20010,796.125638,-0.00254706,0.00628882,
20010,751.155265,-0.00242433,0.00596436,
20010,690.486409,-0.00224372,0.00547086,
20010,593.411603,-0.00196863,0.00476187,
20010,486.376925,-0.00170275,0.00404565,
20010,384.979392,-0.00142805,0.0033468,
20010,271.689827,-0.00113811,0.00259118,
20010,179.629454,-0.000940944,0.0020762,
20010,121.79649,-0.000778717,0.00169061,
20010,81.149671,-0.000722501,0.00152348,
20010,89.844178,-0.000750971,0.00162382,
20010,125.071421,-0.000870503,0.00191347,
20010,193.531007,-0.00105925,0.00240503,
20010,283.524026,-0.00131871,0.00304118,
20010,392.379397,-0.0015976,0.00378639,
20010,499.061289,-0.00186659,0.00449704,
20210,607.844565,-0.00210486,0.00524536,
20210,701.064809,-0.0023276,0.0058398,
20210,763.810724,-0.00246581,0.00619876,
20210,792.24205,-0.0025355,0.00637792,
20210,798.159209,-0.00249417,0.00629825,
20210,752.164803,-0.00237766,0.00596149,
20210,688.67504,-0.0021923,0.00546536,
20210,592.252329,-0.00192371,0.00475424,
20210,487.772881,-0.00166003,0.00405361,
20210,385.187094,-0.00138605,0.00334273,
20210,268.086435,-0.0010916,0.0025916,
20210,181.382847,-0.000889998,0.00207364,
20210,120.622731,-0.000738196,0.00168817,
20210,81.64719,-0.000671481,0.00152361,
20210,89.283865,-0.00070965,0.00162593,
20210,126.704056,-0.000831495,0.00191472,
20210,195.535575,-0.0010234,0.00242683,
20210,285.345044,-0.00126592,0.00304477,
20210,394.268041,-0.00155463,0.00379202,
20210,498.699016,-0.00181927,0.00449999,
20410,609.63661,-0.0021885,0.00521882,
20410,701.615466,-0.00241088,0.00579978,
20410,761.646737,-0.00254535,0.0061637,
20410,795.14025,-0.00261835,0.0063631,
20410,794.739333,-0.00257184,0.00624051,
20410,752.40632,-0.00245598,0.00593668,
20410,690.636149,-0.00227023,0.00543379,
20410,590.440963,-0.00200163,0.00471922,
20410,485.077575,-0.00173911,0.00401676,
20410,384.423908,-0.00146408,0.00329561,
20410,267.357062,-0.00117467,0.00254913,
20410,181.406998,-0.000969532,0.00204279,
20410,119.651845,-0.000819192,0.00165233,
20410,81.014423,-0.000755165,0.00150337,
20410,89.554361,-0.000792998,0.00159874,
20410,126.196876,-0.000915876,0.00189929,
20410,194.081659,-0.00110502,0.00239387,
20410,286.673372,-0.00135599,0.00304237,
20410,395.760601,-0.00164001,0.00378406,
20410,497.63635,-0.00190332,0.00447575,
20610,608.685039,-0.00215334,0.00523008,
20610,704.136893,-0.00237979,0.00581938,
20610,761.410051,-0.00250429,0.00616425,
20610,793.319215,-0.00258391,0.00636545,
20610,797.01925,-0.0025363,0.00625358,
20610,750.995864,-0.00241932,0.00593308,
20610,689.786013,-0.00223142,0.00542784,
20610,590.730782,-0.00197193,0.00472547,
20610,487.739069,-0.00169694,0.00401396,
20610,380.830172,-0.00142589,0.00329454,
20610,268.617766,-0.00113306,0.00255095,
20610,180.962612,-0.000931535,0.00204752,
20610,119.874038,-0.000779697,0.00165159,
20610,81.057896,-0.000720676,0.0014979,
20610,92.756838,-0.00077005,0.00161524,
20610,126.95523,-0.000882828,0.001896,
20610,195.835052,-0.00107547,0.00239781,
20610,289.938645,-0.00132255,0.00304628,
20610,392.239319,-0.00159654,0.00376424,
20610,499.39941,-0.0018837,0.0044967,
20810,609.979562,-0.00220842,0.00524933,
20810,705.223715,-0.00254511,0.00616794,
20810,794.338415,-0.00263267,0.00638337,
20810,798.661563,-0.0025901,0.0062714,
20810,749.068564,-0.00245635,0.00593027,
20810,688.085741,-0.00227315,0.00543357,
20810,591.629219,-0.00201844,0.00473549,
20810,483.70094,-0.00173544,0.00401038,
20810,380.12978,-0.00146469,0.00329974,
20810,268.743353,-0.00117749,0.00256367,
20810,178.475017,-0.000968882,0.00203371,
20810,117.415424,-0.000819015,0.00166128,
20810,82.753325,-0.000763347,0.00151103,
20810,90.22577,-0.000801377,0.00160704,
20810,126.216197,-0.000920363,0.00190215,
20810,196.786618,-0.00111311,0.00240641,
20810,288.644129,-0.00136378,0.0030548,
20810,396.021437,-0.00164878,0.00378432,
20810,500.259203,-0.00192135,0.00449825,
21010,611.143666,-0.00222507,0.00522094,
21010,704.069269,-0.00243627,0.00580748,
21010,764.554594,-0.0025731,0.00616913,
21010,794.212826,-0.00264369,0.00635182,
21010,796.415458,-0.00260853,0.00623782,
21010,749.841416,-0.00247601,0.00589499,
21010,688.5253,-0.00230477,0.00541204,
21010,591.938359,-0.00203048,0.0046957,
21010,484.483448,-0.0017589,0.00397476,
21010,381.593358,-0.00149006,0.00326992,
21010,265.763068,-0.00119985,0.0025222,
21010,181.358695,-0.000991783,0.00201646,
21010,114.889187,-0.000838905,0.00162076,
21010,83.685569,-0.000789655,0.00149065,
21010,91.471983,-0.000816409,0.00157984,
21010,126.361106,-0.000941319,0.00188255,
21010,199.718599,-0.00114852,0.00240012,
21010,287.359273,-0.00138578,0.00301462,
21010,397.127573,-0.00167072,0.00377175,
21010,503.481012,-0.00194817,0.00448138,
21210,611.766776,-0.00217111,0.00524247,
21210,703.513782,-0.00239691,0.00584654,
21210,764.201981,-0.00252461,0.00617658,
21210,794.420531,-0.00260433,0.00636926,
21210,796.062844,-0.00256495,0.00627161,
21210,751.454745,-0.00243747,0.00592663,
21210,684.13454,-0.00224248,0.00540531,
21210,590.837049,-0.0019804,0.00471822,
21210,482.609293,-0.00170441,0.00400101,
21210,379.241007,-0.00143604,0.00327435,
21210,266.077036,-0.00115192,0.0025467,
21210,178.977366,-0.000945447,0.00201877,
21210,114.951981,-0.000795556,0.00164077,
21210,82.521471,-0.000742912,0.00149833,
21210,92.046786,-0.000779118,0.00159919,
21210,126.452881,-0.000897888,0.0018963,
21210,198.752543,-0.0010927,0.00240607,
21210,287.359273,-0.00134541,0.00304138,
21210,397.286973,-0.00163139,0.0037805,
21210,501.447456,-0.00189982,0.00449841,
21410,612.085577,-0.00214524,0.00525628,
21410,706.590696,-0.00236161,0.00585929,
21410,762.665936,-0.0024823,0.00617437,
21410,793.778096,-0.0025647,0.00638567,
21410,797.806594,-0.00251521,0.00626156,
21410,748.546889,-0.00239713,0.00592928,
21410,686.738082,-0.00221317,0.00542902,
21410,588.933907,-0.00193739,0.00471544,
21410,483.348328,-0.00166871,0.00401293,
21410,380.892966,-0.00138671,0.00327759,
21410,263.459022,-0.0011047,0.00254121,
21410,178.01131,-0.000910337,0.0020378,
21410,116.545974,-0.000747168,0.00165058,
21410,80.376826,-0.000698826,0.00151216,
21410,90.694307,-0.00073773,0.00161846,
21410,128.114498,-0.000858991,0.00191965,
21410,199.071341,-0.00106536,0.00242668,
21410,290.832248,-0.00131345,0.00306936,
21410,398.291674,-0.00158623,0.00380283,
21410,502.278268,-0.00185838,0.00451377,
21610,612.91639,-0.00219804,0.00528766,
21610,706.972291,-0.0024196,0.00586407,
21610,762.178073,-0.00254317,0.00618956,
21610,793.83606,-0.00261573,0.00640209,
21610,796.87917,-0.00257506,0.00627948,
21610,746.754837,-0.00244462,0.00592509,
21610,684.598251,-0.00226704,0.00543543,
21610,589.455581,-0.00199925,0.00472526,
21610,480.227956,-0.00172678,0.00400649,
21610,379.941399,-0.00144408,0.00329426,
21610,264.09662,-0.00116347,0.00255589,
21610,175.837683,-0.000955708,0.00203781,
21610,117.912943,-0.000813864,0.00167311,
21610,80.95646,-0.000750728,0.00152119,
21610,91.573419,-0.000793743,0.00163198,
21610,129.17716,-0.000912847,0.00194154,
21610,197.496669,-0.00111263,0.00244059,
21610,289.151309,-0.0013712,0.00308712,
21610,401.180188,-0.00164189,0.00382399,
21610,504.393939,-0.00191121,0.00453488,
21810,615.616534,-0.00210159,0.00532478,
21810,704.871102,-0.00231947,0.00588883,
21810,765.940899,-0.00245832,0.00624552,
21810,795.289991,-0.00251719,0.0064193,
21810,794.637896,-0.0024721,0.00629992,
21810,747.749885,-0.00234775,0.00596798,
21810,686.032855,-0.00216709,0.00545828,
21810,588.059622,-0.00189408,0.00474228,
21810,481.338924,-0.00162574,0.00402939,
21810,378.120379,-0.00134566,0.00330801,
21810,263.478343,-0.0010674,0.00257263,
21810,177.137029,-0.000862296,0.00207,
21810,115.439839,-0.00070534,0.00168408,
21810,81.424997,-0.000656576,0.00154941,
21810,90.766762,-0.00069279,0.00165521,
21810,128.790737,-0.00082006,0.00196161,
21810,199.955283,-0.00101269,0.00246899,
21810,291.315277,-0.00126384,0.00310596,
21810,399.967785,-0.00154863,0.00385573,
21810,506.379192,-0.00182649,0.00456643,
22010,613.718222,-0.00209571,0.00527649,
22010,705.344473,-0.00232351,0.00586632,
22010,765.868444,-0.00245638,0.00622007,
22010,792.541531,-0.00252025,0.00637169,
22010,795.14025,-0.00247996,0.00628121,
22010,750.459698,-0.00234993,0.00593602,
22010,682.579178,-0.00216252,0.00541669,
22010,589.204405,-0.00189594,0.00471662,
22010,479.513072,-0.00161547,0.00399573,
22010,377.250927,-0.00135435,0.00328761,
22010,264.43957,-0.00106779,0.00255236,
22010,174.910269,-0.000861079,0.00203699,
22010,117.260855,-0.000714987,0.00167158,
22010,82.207503,-0.000661576,0.00152882,
22010,90.689477,-0.00071092,0.00163713,
22010,128.32703,-0.000827926,0.00194847,
22010,201.008285,-0.00102585,0.00245266,
22010,294.107182,-0.0012728,0.00310096,
22010,399.146635,-0.00156238,0.00382462,
22010,504.939763,-0.0018389,0.00455837,
22210,615.312224,-0.00212178,0.0053026,
22210,707.870731,-0.00234129,0.00588457,
22210,766.409441,-0.00246733,0.00621566,
22210,793.420652,-0.00253412,0.00638877,
22210,795.072626,-0.00248749,0.00627911,
22210,748.445452,-0.00236519,0.00594,
22210,683.902685,-0.00217092,0.00542296,
22210,585.997081,-0.00190742,0.00471522,
22210,479.348842,-0.00164118,0.00400545,
22210,377.110849,-0.00136234,0.00328443,
22210,263.024296,-0.00107802,0.00256025,
22210,176.354523,-0.000877963,0.0020401,
22210,115.425348,-0.000740258,0.00167231,
22210,81.941837,-0.000675668,0.00153823,
22210,91.94052,-0.000721765,0.00164687,
22210,130.949873,-0.000850502,0.00196325,
22210,200.153325,-0.00104004,0.00246034,
22210,292.648435,-0.00129216,0.00311537,
22210,402.904602,-0.00211971,0.00529481,
22210,614.819532,-0.00234248,0.00587611,
22410,616.548783,-0.00221708,0.00532683,
22410,707.537439,-0.00242294,0.00589618,
22410,765.670401,-0.00254683,0.00623891,
22410,793.319215,-0.00261613,0.00642189,
22410,796.531386,-0.00257102,0.00629604,
22410,746.479509,-0.002445,0.00595107,
22410,685.839642,-0.00225673,0.0054529,
22410,584.195376,-0.00198595,0.00472164,
22410,479.092836,-0.00171237,0.004015,
22410,375.661762,-0.00143749,0.00329631,
22410,261.541399,-0.00115279,0.00256731,
22410,175.180764,-0.000956276,0.00206681,
22410,116.038794,-0.000807367,0.00168771,
22410,80.09667,-0.000743612,0.00155109,
22410,91.341565,-0.000799301,0.00166971,
22410,130.693868,-0.000922592,0.00197413,
22410,201.10489,-0.00112354,0.00249238,
22410,294.063709,-0.00136316,0.00313645,
22410,403.107474,-0.00165313,0.00386871,
22410,506.422665,-0.00192458,0.00459115,
22610,615.771103,-0.00221205,0.00528326,
22610,709.701423,-0.00241805,0.00585355,
22610,764.462818,-0.0025374,0.00617975,
22610,795.232027,-0.00261428,0.00637857,
22610,796.381646,-0.00256543,0.00625421,
22610,745.228454,-0.00243081,0.00588812,
22610,682.216904,-0.00224964,0.00539083,
22610,585.871493,-0.00197498,0.00468137,
22610,477.04479,-0.00170404,0.00395863,
22610,374.758497,-0.00143953,0.00324749,
22610,261.995446,-0.00114759,0.00250251,
22610,173.978024,-0.000955388,0.00201894,
22610,114.836054,-0.000806618,0.00163271,
22610,79.009857,-0.000748168,0.00149964,
22610,92.080598,-0.000794639,0.00162652,
22610,131.428071,-0.000925617,0.00193129,
22610,202.307631,-0.00112068,0.00244329,
22610,295.348565,-0.00137021,0.00309512,
22610,401.996507,-0.00164816,0.00381828,
22610,507.296949,-0.00192324,0.0045432,
22810,619.992795,-0.00223331,0.00532466,
22810,708.469691,-0.00243302,0.00586894,
22810,764.168168,-0.00256879,0.00621695,
22810,797.850067,-0.00263827,0.0064077,
22810,793.048716,-0.00257843,0.00624526,
22810,747.411762,-0.00246651,0.0059295,
22810,683.463126,-0.00226697,0.00540689,
22810,581.176434,-0.00199535,0.00467816,
22810,479.049363,-0.00173797,0.00398984,
22810,375.019333,-0.00145979,0.00325828,
22810,260.217901,-0.00117798,0.00252752,
22810,176.277238,-0.00098253,0.00202554,
22810,114.222608,-0.000831453,0.00166128,
22810,83.444055,-0.000778979,0.00153485,
22810,91.670024,-0.000825632,0.00163503,
22810,130.109404,-0.000956276,0.00195449,
22810,204.655148,-0.00115719,0.00247955,
22810,294.112012,-0.00140048,0.00310482,
22810,404.083193,-0.00169141,0.00386333,
22810,508.620451,-0.0019546,0.00456814,
23010,619.92034,-0.00216864,0.00526126,
23010,709.030008,-0.00237145,0.00582546,
23010,767.534908,-0.00251112,0.0061715,
23010,795.386597,-0.00256666,0.0063437,
23010,791.628598,-0.00251494,0.0061938,
23010,748.633834,-0.00239085,0.0058775,
23010,681.54549,-0.00219845,0.00533601,
23010,581.794714,-0.00193036,0.00463112,
23010,477.03996,-0.00165884,0.00392301,
23010,372.840872,-0.00139129,0.00320136,
23010,260.126126,-0.00110054,0.00247418,
23010,173.267973,-0.000899954,0.00195942,
23010,113.966603,-0.000757564,0.00160719,
23010,83.956065,-0.000708455,0.00148341,
23010,91.177336,-0.000753179,0.00157679,
23010,129.805096,-0.000876882,0.00189982,
23010,204.944965,-0.00108424,0.00242673,
23010,296.019975,-0.00133025,0.00306159,
23010,404.503429,-0.00161257,0.00381446,
23010,509.282202,-0.00188298,0.00450988,
23210,708.769171,-0.00237722,0.00591721,
23210,767.998619,-0.0024978,0.00625082,
23210,794.41087,-0.00255831,0.00641161,
23210,793.884364,-0.00251773,0.00628869,
23210,746.522982,-0.00239174,0.0059441,
23210,681.086609,-0.00219533,0.00541379,
23210,581.432441,-0.00193016,0.00470321,
23210,477.305626,-0.00165498,0.00400229,
23210,372.782909,-0.00137052,0.00326134,
23210,258.082915,-0.0010879,0.00254336,
23210,174.263011,-0.000898872,0.00204581,
23210,113.594672,-0.000747508,0.00166777,
23210,81.956328,-0.000698101,0.00154761,
23210,92.090259,-0.000742645,0.00166525,
23210,129.568413,-0.000869398,0.00197458,
23210,206.017288,-0.00107404,0.00250756,
23210,296.879766,-0.00132743,0.00313786,
23210,404.063872,-0.00161124,0.00388527,
23210,510.827898,-0.00188021,0.0046033,
23410,617.524506,-0.00215614,0.00534998,
23410,710.55156,-0.00237118,0.00592989,
23410,765.583455,-0.00248572,0.00624803,
23410,793.860212,-0.00254822,0.00642383,
23410,793.589713,-0.00250895,0.0062944,
23410,745.721148,-0.00238258,0.00594211,
23410,677.420398,-0.00217824,0.00541195,
23410,581.857508,-0.00191985,0.00472009,
23410,475.160974,-0.00164749,0.00399376,
23410,370.908756,-0.00136463,0.00326914,
23410,260.498057,-0.00109293,0.00255786,
23410,171.388993,-0.000885857,0.00203153,
23410,112.338798,-0.000743009,0.00168404,
23410,83.303977,-0.000697952,0.001564,
23410,90.530078,-0.000741778,0.00166826,
23410,131.379768,-0.000865716,0.00199269,
23410,202.684393,-0.00107186,0.00250531,
23410,298.280549,-0.00132218,0.0031704,
23410,404.817398,-0.00159304,0.00388933,
23410,508.958572,-0.00187305,0.00460694,
23610,619.437309,-0.00224385,0.00531518,
23610,712.96189,-0.00246853,0.00590597,
23610,765.453036,-0.00257686,0.00619835,
23610,795.203045,-0.00264973,0.006385,
23610,794.85043,-0.00260196,0.00625286,
23610,744.523227,-0.00245883,0.00589084,
23610,678.570014,-0.00227366,0.00537371,
23610,581.881659,-0.00200961,0.00466512,
23610,473.402746,-0.00173238,0.0039478,
23610,371.676772,-0.00146283,0.00323658,
23610,257.232785,-0.0011725,0.00250233,
23610,171.437296,-0.000982422,0.0020022,
23610,114.367517,-0.000836721,0.00164358,
23610,81.777608,-0.00079294,0.00151812,
23610,92.264149,-0.000831429,0.00162746,
23610,132.94961,-0.000970263,0.00196433,
23610,298.420627,-0.00116468,0.00247185,
23610,406.058783,-0.00141299,0.00311614,
23610,512.774509,-0.00169733,0.00385483,
23810,619.480782,-0.00217556,0.00535341,
23810,711.648043,-0.00239634,0.00594287,
23810,768.399536,-0.00251553,0.00626185,
23810,795.019492,-0.00257903,0.0064359,
23810,793.705641,-0.00252925,0.00629516,
23810,744.595682,-0.0024028,0.00593913,
23810,678.029018,-0.0021946,0.00540513,
23810,578.345875,-0.00193755,0.00470831,
23810,473.702225,-0.00166162,0.0039861,
23810,369.348573,-0.00138038,0.00326385,
23810,256.107329,-0.00110349,0.00254623,
23810,173.770322,-0.000905588,0.00204871,
23810,111.913734,-0.000751728,0.00166855,
23810,82.207503,-0.000712344,0.00156583,
23810,93.036994,-0.00075657,0.00167914,
23810,133.157312,-0.000890128,0.00199817,
23810,205.331388,-0.00109154,0.00251894,
23810,298.599348,-0.00134837,0.00317738,
23810,408.473929,-0.00162779,0.00391686,
23810,512.190043,-0.00189937,0.00462545,
24010,620.364729,-0.00218851,0.00534377,
24010,712.36293,-0.0024006,0.00592027,
24010,767.365846,-0.00251852,0.00623857,
24010,795.323803,-0.00259112,0.00641532,
24010,793.24676,-0.00252704,0.00626134,
24010,743.895284,-0.00240189,0.00591246,
24010,678.999912,-0.00221231,0.00539699,
24010,578.490784,-0.00194062,0.00467476,
24010,471.238773,-0.00166596,0.00395671,
24010,371.295179,-0.00139237,0.0032417,
24010,254.117252,-0.00110385,0.00250536,
24010,172.71732,-0.000917624,0.00202913,
24010,115.043756,-0.000760902,0.0016492,
24010,79.980743,-0.000721626,0.00153157,
24010,93.819499,-0.000776894,0.00167179,
24010,135.68838,-0.00089972,0.00197328,
24010,204.804887,-0.00109649,0.00249479,
24010,301.589295,-0.00135697,0.00316238,
24010,410.507482,-0.00163764,0.00388491,
24010,511.291607,-0.00190955,0.00460638,
24210,624.151693,-0.00223119,0.00533798,
24210,711.338902,-0.00243783,0.00588489,
24210,771.573063,-0.00256637,0.00623033,
24210,795.265839,-0.00261907,0.00638137,
24210,792.874824,-0.00257219,0.00623896,
24210,744.957956,-0.00244003,0.00590241,
24210,675.183961,-0.00223513,0.00535357,
24210,578.650184,-0.00197012,0.00465434,
24210,472.697523,-0.00169887,0.0039278,
24210,369.314761,-0.00142448,0.00320602,
24210,256.257068,-0.00114235,0.00249509,
24210,170.48573,-0.000943431,0.00198755,
24210,109.778749,-0.000805511,0.0016199,
24210,82.724343,-0.000761024,0.00152173,
24210,93.201223,-0.000802925,0.00162941,
24210,132.394127,-0.000937045,0.0019613,
24210,208.277861,-0.00114243,0.00249068,
24210,299.845562,-0.00138976,0.00312818,
24210,408.48842,-0.00168407,0.00388294,
24210,513.851666,-0.00195172,0.00459115,
24410,623.132497,-0.00213363,0.00537005,
24410,713.898973,-0.00235951,0.00595619,
24410,772.10923,-0.00247189,0.00626947,
24410,794.806957,-0.00252968,0.00641565,
24410,794.763484,-0.00248687,0.00629328,
24410,745.658353,-0.0023561,0.00593563,
24410,675.275738,-0.00215038,0.00539023,
24410,578.326554,-0.00189341,0.00469609,
24410,472.243475,-0.00161599,0.00396885,
24410,367.479251,-0.0013363,0.00323975,
24410,256.430958,-0.00105916,0.00253227,
24410,171.350351,-0.000717291,0.00166181,
24410,81.284919,-0.000667053,0.00155181,
24410,94.69378,-0.000719717,0.00168599,
24410,134.277937,-0.000853705,0.00200375,
24410,208.012195,-0.0010567,0.00253579,
24410,299.280418,-0.00130123,0.00318166,
24410,409.454478,-0.00158737,0.00392642,
24410,516.015641,-0.00186729,0.00464302,
24610,624.001953,-0.00216673,0.00538886,
24610,714.947152,-0.00237037,0.00594306,
24610,767.307882,-0.00249265,0.00626178,
24610,797.975656,-0.00255811,0.00643854,
24610,791.676902,-0.00250144,0.00626826,
24610,743.064468,-0.002369,0.00593127,
24610,677.652254,-0.00217125,0.00539557,
24610,575.761661,-0.00190724,0.00468159,
24610,471.175979,-0.00162464,0.00396222,
24610,367.286039,-0.0013551,0.0032391,
24610,254.151064,-0.00107065,0.00252846,
24610,170.930116,-0.000886076,0.0020327,
24610,109.092849,-0.000737867,0.00166351,
24610,81.912856,-0.00069536,0.00156387,
24610,92.935558,-0.000743192,0.00168335,
24610,133.838382,-0.000874002,0.00201536,
24610,208.012195,-0.00108116,0.00254123,
24610,301.17872,-0.0013326,0.00319446,
24610,408.734765,-0.00160607,0.00391882,
24610,514.112502,-0.00189291,0.00464938,
24810,624.88107,-0.00239466,0.00595391,
24810,770.085321,-0.00250913,0.00627132,
24810,797.531265,-0.00257305,0.00644524,
24810,790.971673,-0.00251565,0.00627469,
24810,742.813291,-0.00238978,0.00593467,
24810,677.415568,-0.00218971,0.00540025,
24810,576.549001,-0.00192065,0.00467752,
24810,469.678587,-0.00164452,0.00396771,
24810,368.010583,-0.00137115,0.00324135,
24810,252.431483,-0.00109383,0.00253115,
24810,171.736773,-0.000893829,0.00204167,
24810,108.218568,-0.000743199,0.00165651,
24810,82.077085,-0.000706182,0.00157096,
24810,94.191431,-0.000753469,0.00169611,
24810,135.920233,-0.000881363,0.0020249,
24810,209.625509,-0.00108403,0.00254426,
24810,301.376762,-0.00133697,0.00320191,
24810,413.352524,-0.00162251,0.00394338,
24810,515.653368,-0.00188977,0.00465598,
25010,623.779759,-0.00223515,0.00540006,
25010,714.947152,-0.0024467,0.00596648,
25010,769.906599,-0.00256803,0.00627768,
25010,797.275258,-0.00263303,0.00644197,
25010,791.585125,-0.00257762,0.0062813,
25010,743.132093,-0.00244001,0.00592868,
25010,675.551066,-0.00224614,0.00539942,
25010,574.075884,-0.00196929,0.00466591,
25010,467.978323,-0.00171297,0.00396448,
25010,367.783559,-0.00144287,0.00324728,
25010,251.098324,-0.00115084,0.00250921,
25010,168.543957,-0.000964517,0.00203452,
25010,112.614125,-0.000777978,0.00155745,
25010,94.292867,-0.000828364,0.0016906,
25010,137.23407,-0.000966378,0.00202626,
25010,208.514544,-0.00116494,0.00254423,
25010,304.622715,-0.00142449,0.0031992,
25010,410.686203,-0.00170365,0.0039356,
25010,516.97687,-0.00197678,0.00465941,
25210,625.595956,-0.00224286,0.00540009,
25210,715.81661,-0.00244858,0.00596202,
25210,767.288561,-0.00256183,0.00626103,
25210,797.482962,-0.00263526,0.00644834,
25210,791.860454,-0.0025716,0.00627415,
25210,742.64906,-0.00243791,0.00591897,
25210,673.609278,-0.00224097,0.00538896,
25210,574.64103,-0.00196571,0.00466024,
25210,467.137851,-0.00169757,0.00395544,
25210,365.262148,-0.00141894,0.00322359,
25210,251.291535,-0.00113702,0.00251026,
25210,168.650223,-0.000952281,0.00202391,
25210,109.310212,-0.00080773,0.00165922,
25210,80.666643,-0.000765926,0.00155953,
25210,92.496002,-0.000820904,0.00168611,
25210,135.625586,-0.00115403,0.00254459,
25210,302.35731,-0.00141553,0.00320044,
25210,414.907878,-0.00169992,0.00394736,
25210,515.793447,-0.00196527,0.00465204,
25410,626.924291,-0.00224038,0.00538849,
25410,715.96152,-0.00244912,0.0059388,
25410,770.462087,-0.00256256,0.00625644,
25410,800.183118,-0.00263395,0.00642997,
25410,789.894509,-0.00255363,0.00624439,
25410,741.074374,-0.00243833,0.00590128,
25410,674.981088,-0.0022337,0.00536508,
25410,573.834369,-0.0019593,0.00464195,
25410,467.263439,-0.00169322,0.00393011,
25410,366.677423,-0.00142167,0.00321391,
25410,249.625087,-0.00113666,0.00248606,
25410,168.143043,-0.000952182,0.00200801,
25410,109.257079,-0.000798175,0.00164018,
25410,82.009461,-0.000767384,0.00155264,
25410,94.461927,-0.000818899,0.00167759,
25410,135.243994,-0.000949661,0.00200972,
25410,209.915326,-0.00115538,0.00254334,
25410,305.699868,-0.0014108,0.00319459,
25410,413.236597,-0.0016949,0.00392949,
25410,516.590446,-0.0019663,0.00466131,
25610,627.803408,-0.00218199,0.00544224,
25610,716.502516,-0.0023897,0.00599857,
25610,771.220449,-0.00250685,0.00630604,
25610,797.497453,-0.00257124,0.00648722,
25610,790.730156,-0.00249965,0.00630025,
25610,741.079204,-0.00237328,0.00595913,
25610,674.667118,-0.00217212,0.00540905,
25610,573.143635,-0.00190183,0.0046946,
25610,467.234457,-0.00162474,0.00397515,
25610,364.267108,-0.00135251,0.00325183,
25610,250.426915,-0.00107287,0.00254277,
25610,167.973983,-0.000880175,0.00205117,
25610,108.880317,-0.000737479,0.00169371,
25610,81.352543,-0.000697154,0.00159837,
25610,95.181639,-0.000748758,0.00172228,
25610,136.519188,-0.000885482,0.00206809,
25610,211.697701,-0.00109699,0.00259114,
25610,304.869059,-0.00134667,0.00324245,
25610,415.260489,-0.00163205,0.00398516,
25610,518.271391,-0.0019038,0.00470606,
25810,627.735784,-0.00221799,0.00545384,
25810,717.062834,-0.00242563,0.00601554,
25810,769.597458,-0.00253718,0.00631122,
25810,796.00005,-0.00259742,0.00647495,
25810,791.913588,-0.00254501,0.00631621,
25810,741.079204,-0.00240132,0.00595427,
25810,672.763973,-0.00220191,0.00541156,
25810,572.051986,-0.00193513,0.00469785,
25810,465.915786,-0.00166388,0.00398762,
25810,362.29152,-0.00138957,0.00324721,
25810,248.084227,-0.00110431,0.00254406,
25810,169.340953,-0.000914782,0.0020653,
25810,108.025357,-0.00076858,0.00168886,
25810,80.473432,-0.000740557,0.00161673,
25810,95.71297,-0.000787422,0.00173817,
25810,136.268013,-0.000929537,0.00207404,
25810,211.50449,-0.00112661,0.00260532,
25810,307.477414,-0.00139911,0.00326717,
25810,413.869365,-0.00167111,0.00399836,
25810,519.111863,-0.00194584,0.00471593,
26010,629.146235,-0.00219831,0.00542884,
26010,717.777721,-0.00240866,0.00598837,
26010,770.404123,-0.0025266,0.0062937,
26010,796.072505,-0.00258421,0.00645407,
26010,790.63838,-0.00252094,0.00627862,
26010,739.316136,-0.00238591,0.00592151,
26010,672.928203,-0.0021778,0.00537515,
26010,569.921821,-0.0019085,0.00465257,
26010,467.326233,-0.00164592,0.00396089,
26010,361.726376,-0.00136289,0.0032094,
26010,247.581877,-0.00109196,0.00251283,
26010,168.143043,-0.000901382,0.00203238,
26010,107.397421,-0.000752713,0.00166339,
26010,80.550716,-0.000719709,0.00157959,
26010,93.945087,-0.000773391,0.00170887,
26010,137.731589,-0.000907925,0.00205243,
26010,210.99731,-0.00111324,0.00257971,
26010,306.646605,-0.0013765,0.00324083,
26010,416.192736,-0.00165475,0.00397591,
26010,518.58536,-0.00192347,0.00469194,
26210,630.78371,-0.00193013,0.00471169,
26210,718.024068,-0.00221159,0.00543617,
26210,770.993423,-0.00240733,0.00598562,
26210,798.265476,-0.00252035,0.00629945,
26210,789.232753,-0.00258412,0.00645486,
26210,740.161443,-0.00251806,0.00627684,
26210,672.498305,-0.00238214,0.00592186,
26210,570.293755,-0.00218369,0.00538148,
26210,464.519831,-0.00191047,0.00466043,
26210,360.340083,-0.00163881,0.00394356,
26210,249.243495,-0.00136044,0.00321743,
26210,167.109363,-0.00108887,0.0025211,
26210,108.010866,-0.000886845,0.00203152,
26210,79.603981,-0.000747986,0.00166324,
26210,94.838689,-0.000712049,0.00158857,
26210,138.151823,-0.000767402,0.0017228,
26210,214.306054,-0.000900352,0.00206388,
26210,307.670625,-0.0011223,0.00260713,
26210,415.902918,-0.00136369,0.00325283,
26210,522.043856,-0.00164809,0.00399245,
26410,631.469615,-0.00222164,0.00542088,
26410,718.883865,-0.00241669,0.00594829,
26410,768.916382,-0.00253391,0.00625728,
26410,800.187949,-0.00259705,0.00643536,
26410,787.831957,-0.00251549,0.0062202,
26410,738.93937,-0.00239349,0.00588031,
26410,673.218022,-0.00219445,0.00534372,
26410,568.279517,-0.00192008,0.00460391,
26410,463.722832,-0.00165007,0.00391356,
26410,362.711755,-0.00137091,0.00317217,
26410,245.016996,-0.00108655,0.00245073,
26410,168.297612,-0.000909058,0.00199238,
26410,107.291154,-0.000758324,0.0016146,
26410,79.657114,-0.000724157,0.00154113,
26410,98.12811,-0.000787344,0.00168719,
26410,138.233938,-0.000915341,0.00200976,
26410,213.504227,-0.00112746,0.00255724,
26410,308.718797,-0.00138529,0.00321457,
26410,417.038037,-0.00165965,0.00394179,
26410,522.372316,-0.00193561,0.00466787,
26610,629.735533,-0.00227837,0.00544403,
26610,720.260507,-0.00248616,0.00601128,
26610,771.814579,-0.00258588,0.00629563,
26610,797.681006,-0.0026464,0.00645857,
26610,791.763848,-0.00258455,0.00628666,
26610,737.818735,-0.0024495,0.00590404,
26610,670.817355,-0.00224586,0.00537443,
26610,571.897416,-0.00197593,0.00465053,
26610,460.868127,-0.00170029,0.00392923,
26610,362.354314,-0.00142414,0.00320839,
26610,245.876787,-0.00114746,0.00249354,
26610,165.00336,-0.000953671,0.00202224,
26610,108.633973,-0.000815975,0.00166823,
26610,78.420562,-0.000780928,0.00156946,
26610,97.002655,-0.000843621,0.0017351,
26610,137.668795,-0.000970335,0.00206295,
26610,215.595739,-0.00117807,0.00259108,
26610,309.221147,-0.00143729,0.00325436,
26610,421.20175,-0.00171905,0.00399714,
26610,520.947378,-0.0019935,0.00471346,
26810,631.629015,-0.00224369,0.00542477,
26810,719.941706,-0.00244091,0.00597459,
26810,770.220571,-0.0025547,0.00626131,
26810,797.709988,-0.00262044,0.00643454,
26810,788.827005,-0.00255654,0.00624282,
26810,736.635305,-0.00240376,0.00587295,
26810,669.199199,-0.00221051,0.00534542,
26810,568.975081,-0.00194081,0.00461526,
26810,460.626612,-0.00166535,0.00389861,
26810,359.890866,-0.00139225,0.00318595,
26810,246.089319,-0.00111692,0.00246749,
26810,164.346442,-0.00093188,0.00199422,
26810,109.79324,-0.000793849,0.00165328,
26810,79.676436,-0.000751496,0.00154407,
26810,95.568061,-0.000814121,0.00170278,
26810,140.745684,-0.000954858,0.00205119,
26810,214.117673,-0.00115958,0.00257537,
26810,308.182636,-0.00142069,0.0032368,
26810,420.240521,-0.00170639,0.00397769,
26810,522.10665,-0.00197221,0.00469671,
27010,632.865575,-0.00225338,0.00541843,
27010,720.825655,-0.00246738,0.00598413,
27010,770.713264,-0.00256904,0.00626266,
27010,797.980486,-0.00263025,0.00643615,
27010,788.372954,-0.00255938,0.00623765,
27010,736.905803,-0.00241917,0.00587684,
27010,669.575964,-0.00221774,0.00533644,
27010,566.753141,-0.0019453,0.00459882,
27010,460.544497,-0.00168227,0.00390112,
27010,358.61084,-0.0014097,0.00317389,
27010,244.9059,-0.00112492,0.00245912,
27010,164.534823,-0.000943007,0.00199078,
27010,107.373269,-0.000800741,0.00164264,
27010,80.27056,-0.000761195,0.00155202,
27010,95.635685,-0.00081281,0.00169059,
27010,138.127672,-0.000959095,0.00204664,
27010,217.552004,-0.00117161,0.00259165,
27010,307.868667,-0.0014184,0.00322985,
27010,525.400915,-0.00170743,0.00397455,
27210,633.425891,-0.00222366,0.00546519,
27210,721.19759,-0.00242662,0.00600988,
27210,771.519929,-0.0025419,0.00630329,
27210,799.878807,-0.00260322,0.00647271,
27210,786.943176,-0.00252339,0.00627014,
27210,737.654504,-0.00239392,0.00591602,
27210,667.431303,-0.00219221,0.00535784,
27210,567.236171,-0.00192416,0.00464225,
27210,460.573479,-0.001649,0.00393152,
27210,357.335643,-0.00136828,0.00319249,
27210,244.963863,-0.00109915,0.00250787,
27210,165.660278,-0.000910879,0.002032,
27210,106.547291,-0.00077161,0.00166363,
27210,79.893798,-0.000740849,0.00160205,
27210,97.147563,-0.000799826,0.00174401,
27210,141.093465,-0.00093817,0.00208876,
27210,214.233599,-0.00113798,0.00261879,
27210,312.235246,-0.00140495,0.00329758,
27210,420.588302,-0.0016809,0.00401906,
27210,524.555612,-0.00196626,0.00475298,
27410,633.55631,-0.00218158,0.00551291,
27410,723.163531,-0.00238731,0.0060644,
27410,771.341207,-0.00248707,0.00633281,
27410,797.811425,-0.00254954,0.00649947,
27410,789.126486,-0.00248175,0.00631389,
27410,737.185962,-0.00233863,0.00593886,
27410,667.093181,-0.00213387,0.00538787,
27410,565.748437,-0.00187,0.00467248,
27410,460.616952,-0.00159495,0.00396852,
27410,355.562927,-0.00131586,0.00321902,
27410,243.582402,-0.00103842,0.00252507,
27410,163.935868,-0.000852302,0.00205949,
27410,108.392459,-0.000714854,0.00171425,
27410,81.681002,-0.000673836,0.00161958,
27410,94.00305,-0.000736958,0.00176425,
27410,142.668137,-0.000884312,0.00213857,
27410,216.267149,-0.00108221,0.0026411,
27410,311.29334,-0.00134141,0.00331934,
27410,423.549272,-0.00162157,0.0040633,
27410,523.604043,-0.00189418,0.00477192,
27610,631.981628,-0.00224171,0.00546576,
27610,722.670838,-0.00243669,0.00601069,
27610,772.630905,-0.00254746,0.00629424,
27610,797.589229,-0.00260072,0.00644714,
27610,787.764332,-0.00253273,0.00625024,
27610,736.939616,-0.00240419,0.00589279,
27610,666.730907,-0.00218978,0.00533866,
27610,563.859788,-0.00192237,0.00460859,
27610,458.80076,-0.0016584,0.00391223,
27610,356.045956,-0.00136852,0.00315928,
27610,243.567911,-0.00109437,0.00247618,
27610,164.240175,-0.000919143,0.00199634,
27610,106.088414,-0.000778199,0.00165141,
27610,81.434658,-0.000740806,0.00156588,
27610,96.799783,-0.00080941,0.00171252,
27610,141.793856,-0.000938711,0.00207041,
27610,217.740385,-0.00114896,0.00260391,
27610,313.302739,-0.00140402,0.00326468,
27610,423.100055,-0.00168456,0.00400911,
27610,525.140079,-0.00195766,0.00471615,
27810,633.904092,-0.00220401,0.00544422,
27810,723.274629,-0.00241149,0.00598181,
27810,773.418249,-0.00251659,0.00628104,
27810,797.463641,-0.00257412,0.00642361,
27810,787.406888,-0.00249999,0.00622554,
27810,735.678901,-0.00236985,0.00587182,
27810,667.634176,-0.00216135,0.00531484,
27810,563.618273,-0.00188641,0.00458044,
27810,456.429085,-0.00161858,0.00386668,
27810,357.383946,-0.00134572,0.0031548,
27810,242.461776,-0.00106472,0.00243774,
27810,160.796184,-0.000879248,0.00197141,
27810,107.943242,-0.000747442,0.00163834,
27810,78.918081,-0.000693922,0.00153939,
27810,96.340906,-0.000771095,0.00171115,
27810,142.977275,-0.000908907,0.00205632,
27810,216.499002,-0.00111989,0.00259198,
27810,312.892165,-0.00138508,0.00326608,
27810,422.873031,-0.00165339,0.00398618,
27810,526.391127,-0.00193462,0.00472184,
28010,637.150062,-0.002221,0.00555494,
28010,723.409878,-0.00241569,0.00607284,
28010,771.568233,-0.00251805,0.00635887,
28010,799.77737,-0.00258668,0.00654003,
28010,787.276469,-0.00249593,0.00631071,
28010,734.910879,-0.00236634,0.0059618,
28010,667.962638,-0.00215822,0.00539918,
28010,563.739031,-0.00188749,0.00467665,
28010,456.453237,-0.00161198,0.00395636,
28010,354.205616,-0.00133882,0.00323304,
28010,242.510079,-0.00106251,0.00253515,
28010,162.544746,-0.000878012,0.00205876,
28010,107.305645,-0.000741312,0.00172813,
28010,80.033876,-0.000704933,0.00164144,
28010,97.311793,-0.000763491,0.00179612,
28010,141.837328,-0.000902477,0.00215771,
28010,219.054222,-0.00110884,0.00269679,
28010,313.186813,-0.00137944,0.00335521,
28010,424.99353,-0.00165924,0.00409358,
28010,526.053006,-0.00192869,0.0048109,
28210,635.029555,-0.00227011,0.00547609,
28210,724.617459,-0.00246683,0.00601195,
28210,771.167315,-0.00257526,0.00628267,
28210,796.87434,-0.00263433,0.00644487,
28210,787.860939,-0.00255588,0.0062439,
28210,734.384374,-0.00241424,0.0058669,
28210,665.132073,-0.00221716,0.00532503,
28210,561.874533,-0.0019318,0.00458812,
28210,457.134309,-0.00167391,0.00388531,
28210,354.311882,-0.00139065,0.00314449,
28210,239.892065,-0.00111361,0.00244212,
28210,164.095267,-0.000939161,0.00199606,
28210,105.238285,-0.000790726,0.0016338,
28210,79.802023,-0.000764087,0.00156747,
28210,97.152394,-0.000829644,0.00173037,
28210,142.21409,-0.000967315,0.00207175,
28210,218.667799,-0.0011829,0.00262202,
28210,314.616577,-0.00143731,0.00328669,
28210,424.694051,-0.00172083,0.00401563,
28210,528.786956,-0.00200482,0.00475431,
28410,638.526701,-0.0022466,0.0054599,
28410,723.757661,-0.00243467,0.00596322,
28410,770.887156,-0.00254599,0.00625537,
28410,802.163555,-0.0026086,0.00643259,
28410,785.861182,-0.00251063,0.00618621,
28410,733.128489,-0.00238721,0.00584376,
28410,667.885353,-0.00218532,0.00529252,
28410,559.642932,-0.00189827,0.00453239,
28410,456.598146,-0.00164373,0.00385961,
28410,354.234598,-0.00135517,0.00310098,
28410,236.602642,-0.0010769,0.00240136,
28410,164.124249,-0.000908515,0.00196213,
28410,104.30604,-0.000758897,0.00158876,
28410,79.570169,-0.000736471,0.00153141,
28410,98.364794,-0.000793434,0.00168563,
28410,143.643853,-0.000934936,0.00204584,
28410,219.107355,-0.00114387,0.0025812,
28410,316.915794,-0.00141152,0.00326114,
28410,425.998231,-0.0016874,0.00398625,
28410,528.980169,-0.00196682,0.00472002,
28610,637.063116,-0.00220848,0.00553101,
28610,724.269675,-0.0023901,0.00606197,
28610,772.379728,-0.00250018,0.00634773,
28610,798.680885,-0.00256459,0.0065092,
28610,787.15571,-0.00247758,0.00629841,
28610,733.012562,-0.00233949,0.00591991,
28610,664.827763,-0.00213979,0.00538527,
28610,560.758733,-0.00185363,0.00464504,
28610,454.269943,-0.00159172,0.00395377,
28610,353.258879,-0.0013059,0.00321019,
28610,236.428752,-0.00102406,0.00250403,
28610,163.81028,-0.000858035,0.00207377,
28610,105.078885,-0.000708021,0.00171173,
28610,78.710379,-0.000684359,0.0016497,
28610,100.69782,-0.000753912,0.00182412,
28610,143.339546,-0.000881957,0.002164,
28610,221.029808,-0.00110149,0.00272591,
28610,317.616186,-0.00135507,0.00337917,
28610,425.549013,-0.00163626,0.00412377,
28610,529.062284,-0.00190841,0.00485405,
28810,640.05308,-0.002277,0.00549411,
28810,725.313025,-0.00245884,0.00600941,
28810,773.398928,-0.00257319,0.00629619,
28810,800.840044,-0.00263039,0.00644825,
28810,784.614956,-0.00254676,0.00623308,
28810,733.514915,-0.00241629,0.00586746,
28810,663.629845,-0.00220728,0.00531479,
28810,560.159775,-0.00192806,0.00457275,
28810,454.390701,-0.00166331,0.00387795,
28810,351.964362,-0.00138035,0.00313654,
28810,237.389978,-0.00110179,0.00243513,
28810,160.945923,-0.000921859,0.00198715,
28810,104.016224,-0.000790689,0.00163378,
28810,79.642624,-0.000762906,0.00157523,
28810,98.572496,-0.000839034,0.00174309,
28810,144.015785,-0.000969507,0.00209349,
28810,221.662575,-0.00118363,0.00264866,
28810,317.456786,-0.00143968,0.00330636,
28810,425.940267,-0.00172074,0.00404044,
28810,531.351847,-0.00200086,0.0047807,
29010,639.415479,-0.00221043,0.00553618,
29010,724.279336,-0.00239702,0.0060713,
29010,774.249066,-0.00250682,0.0063456,
29010,796.922643,-0.00256378,0.00648517,
29010,786.102698,-0.00247962,0.00628538,
29010,734.505132,-0.00234507,0.00590312,
29010,660.934528,-0.00213108,0.00534066,
29010,560.40612,-0.0018618,0.0046289,
29010,453.627514,-0.0015902,0.00389749,
29010,349.240079,-0.00131378,0.00317733,
29010,238.829403,-0.00103943,0.0024775,
29010,156.931959,-0.000858141,0.00201481,
29010,104.533064,-0.000730285,0.00168892,
29010,81.507112,-0.000694898,0.00161406,
29010,96.939861,-0.000760498,0.00176485,
29010,146.092806,-0.00091499,0.00215042,
29010,222.43542,-0.00112086,0.00267582,
29010,317.543731,-0.00138004,0.00334514,
29010,429.244188,-0.0016655,0.0040938,
29010,530.525865,-0.00193171,0.00480922,
29210,640.811439,-0.00216688,0.00554702,
29210,727.32727,-0.00235334,0.00605461,
29210,772.056096,-0.00251877,0.00650061,
29210,785.180105,-0.00243233,0.00625988,
29210,731.766338,-0.0023017,0.0058993,
29210,663.016394,-0.00208452,0.00534662,
29210,559.937581,-0.00181364,0.00460631,
29210,452.74357,-0.00154331,0.00389746,
29210,351.341255,-0.00125908,0.00316941,
29210,237.58319,-0.000992308,0.00247568,
29210,162.462632,-0.000823009,0.00201785,
29210,104.359174,-0.000675028,0.00167321,
29210,81.024084,-0.000646727,0.00160947,
29210,99.089336,-0.000714991,0.00177321,
29210,147.136147,-0.000866414,0.00214376,
29210,220.696518,-0.00106949,0.00267457,
29210,320.562661,-0.00133341,0.00336132,
29210,429.094449,-0.00160942,0.00407769,
29210,531.820386,-0.00188707,0.00482245,
29410,641.386247,-0.00218211,0.00556187,
29410,727.119566,-0.00236783,0.00606744,
29410,774.302199,-0.00247853,0.00635372,
29410,800.63717,-0.00253012,0.00650502,
29410,785.923976,-0.00245303,0.00627557,
29410,732.060988,-0.00230877,0.00590416,
29410,661.509336,-0.00210221,0.00534795,
29410,557.952326,-0.00182379,0.00461425,
29410,451.246178,-0.00154923,0.00390471,
29410,350.230288,-0.0012742,0.003169,
29410,236.322485,-0.00100091,0.00247608,
29410,160.274514,-0.000832287,0.00203643,
29410,104.407476,-0.000690514,0.00168658,
29410,79.116123,-0.000663143,0.00161705,
29410,99.693122,-0.000737079,0.00179284,
29410,146.083146,-0.00087009,0.00215349,
29410,222.08281,-0.00108557,0.00269404,
29410,319.243992,-0.00134856,0.00337333,
29410,427.722645,-0.00162601,0.00410453,
29410,534.013343,-0.00190863,0.00484326,
29610,640.772797,-0.00220266,0.00554445,
29610,725.061848,-0.00240127,0.00606915,
29610,775.070222,-0.00250382,0.00635016,
29610,799.656612,-0.00255797,0.00647889,
29610,784.300984,-0.00247293,0.00627516,
29610,733.824056,-0.00233923,0.00589818,
29610,659.88152,-0.00211603,0.00532382,
29610,558.116556,-0.00184303,0.00460182,
29610,450.94187,-0.00157656,0.00388073,
29610,346.520627,-0.00129439,0.00314957,
29610,236.670266,-0.00102601,0.00246716,
29610,159.269815,-0.000850205,0.00200571,
29610,100.982807,-0.000719502,0.00167358,
29610,82.188182,-0.00069472,0.00161674,
29610,98.161922,-0.00075351,0.00176854,
29610,147.039542,-0.000901121,0.00214757,
29610,223.79273,-0.00112035,0.0026942,
29610,319.823627,-0.00137764,0.00335999,
29610,429.326303,-0.00165339,0.00409286,
29610,534.9311,-0.00193076,0.0048345,
29810,643.245917,-0.00225602,0.00558438,
29810,728.230541,-0.0024442,0.00609042,
29810,773.920603,-0.0025538,0.00637174,
29810,799.844995,-0.00260427,0.00651377,
29810,782.48478,-0.00252389,0.00628099,
29810,731.360591,-0.00239052,0.00591802,
29810,661.311293,-0.00217046,0.00534762,
29810,553.305573,-0.00189583,0.00460114,
29810,451.299312,-0.00163665,0.0039257,
29810,347.931071,-0.00134147,0.00316913,
29810,234.564262,-0.00107502,0.00248238,
29810,158.390704,-0.00090378,0.00203879,
29810,103.480062,-0.000767405,0.00169188,
29810,78.642755,-0.000737577,0.00163802,
29810,100.340379,-0.000819068,0.00181396,
29810,145.870613,-0.000950567,0.00216509,
29810,223.744427,-0.00116577,0.0027246,
29810,320.567491,-0.00142967,0.00339253,
29810,430.446931,-0.00171191,0.00412346,
29810,534.221046,-0.0019843,0.00485104,
30010,642.873983,-0.00230189,0.00554037,
30010,726.689667,-0.00249039,0.00605529,
30010,775.746468,-0.00259273,0.00634829,
30010,800.762759,-0.00263933,0.00647962,
30010,784.52318,-0.00255977,0.00625099,
30010,730.660194,-0.00241784,0.00588224,
30010,660.847583,-0.00219272,0.00530498,
30010,554.324767,-0.0019333,0.00458027,
30010,451.279991,-0.00165919,0.0038829,
30010,345.786423,-0.00137641,0.00313109,
30010,234.936194,-0.0011215,0.00246378,
30010,159.752843,-0.000935405,0.00200716,
30010,102.195207,-0.000792223,0.00165716,
30010,80.289881,-0.000777509,0.00161892,
30010,102.258001,-0.00085166,0.00179763,
30010,144.967351,-0.000977312,0.00214521,
30010,224.942337,-0.00120672,0.00271812,
30010,322.837726,-0.00146487,0.0033891,
30010,431.036227,-0.00174221,0.00412872,
30010,535.423791,-0.00202359,0.00485426,
30210,643.424639,-0.00227592,0.00559318,
30210,728.742555,-0.00247007,0.00610364,
30210,776.475848,-0.00257423,0.00638426,
30210,801.0719,-0.00263031,0.00652619,
30210,782.682823,-0.00254332,0.00629453,
30210,730.45249,-0.0024049,0.00591743,
30210,658.190909,-0.00218737,0.00534295,
30210,555.841483,-0.00191438,0.00461773,
30210,448.106487,-0.00164485,0.0039014,
30210,345.762272,-0.00135834,0.00316698,
30210,234.245463,-0.00109284,0.00248323,
30210,157.096188,-0.000909195,0.0020285,
30210,100.258265,-0.000781012,0.00168664,
30210,81.280089,-0.000826244,0.00180805,
30210,144.663043,-0.000972807,0.00218247,
30210,225.579935,-0.00119826,0.00274293,
30210,322.625193,-0.00144669,0.00340112,
30210,430.311683,-0.00172903,0.00413872,
30210,535.955124,-0.00200575,0.00487881,
30410,644.820599,-0.00229103,0.0055568,
30410,728.51553,-0.00248329,0.00607383,
30410,775.239284,-0.00258729,0.0063424,
30410,799.009347,-0.00264112,0.00648749,
30410,783.238311,-0.00254834,0.00624502,
30410,730.7568,-0.00242206,0.00587893,
30410,657.509835,-0.00219386,0.00530319,
30410,554.382731,-0.0019205,0.00456803,
30410,449.652181,-0.00165452,0.00386567,
30410,344.153786,-0.00137273,0.003118,
30410,234.878231,-0.00111463,0.00245233,
30410,157.902845,-0.000929677,0.00199142,
30410,101.915051,-0.000788179,0.00164896,
30410,81.444319,-0.000773532,0.00161291,
30410,101.316096,-0.000847773,0.00178965,
30410,145.865783,-0.000991561,0.00214824,
30410,226.111266,-0.00120766,0.00269991,
30410,324.103261,-0.00147252,0.00338436,
30410,432.89589,-0.00175123,0.00410622,
30410,535.346506,-0.00203282,0.00484515,
30610,647.399987,-0.00226944,0.00562155,
30610,728.984071,-0.00244905,0.00613225,
30610,778.002233,-0.00256109,0.00641568,
30610,801.376211,-0.0026062,0.00653801,
30610,783.330088,-0.00252836,0.00630102,
30610,731.452367,-0.00239012,0.00593222,
30610,656.20565,-0.00216725,0.0053554,
30610,553.054397,-0.00189247,0.00462732,
30610,447.198391,-0.00162324,0.00392248,
30610,342.593602,-0.00135122,0.00318015,
30610,234.153688,-0.00107424,0.00250565,
30610,157.014074,-0.000893383,0.00203874,
30610,101.910221,-0.000760439,0.00171682,
30610,83.907762,-0.000817191,0.00182935,
30610,149.74933,-0.000968007,0.00222795,
30610,227.666617,-0.00117739,0.00275995,
30610,323.349736,-0.00143138,0.00344102,
30610,433.663907,-0.00171788,0.00417202,
30610,537.578106,-0.00199744,0.00491086,
30810,647.153641,-0.00221284,0.00557978,
30810,728.679761,-0.00240123,0.00607709,
30810,776.64491,-0.00251309,0.00636828,
30810,803.071658,-0.00256331,0.00649662,
30810,780.088935,-0.00247112,0.00624648,
30810,730.191652,-0.00234191,0.00588868,
30810,658.258534,-0.00212139,0.00530483,
30810,550.861439,-0.00184767,0.00456352,
30810,445.957005,-0.00157862,0.00386343,
30810,343.665926,-0.00129985,0.00312801,
30810,229.898208,-0.00103685,0.00244628,
30810,157.047886,-0.000863187,0.00199356,
30810,101.262963,-0.000737263,0.00166319,
30810,80.893666,-0.000719925,0.00161857,
30810,101.659046,-0.000784801,0.00179002,
30810,148.300245,-0.000942789,0.0021735,
30810,226.391422,-0.00116152,0.00272695,
30810,324.480024,-0.00141627,0.00339612,
30810,435.055031,-0.00169406,0.00413169,
30810,538.061136,-0.0019809,0.00486543,
31010,645.245667,-0.00227388,0.00558931,
31010,731.215681,-0.00247291,0.00610822,
31010,777.050657,-0.00257212,0.00637624,
31010,799.004517,-0.00261654,0.00649581,
31010,783.987013,-0.00254254,0.00627315,
31010,730.399356,-0.00239213,0.00588383,
31010,654.954598,-0.00217645,0.00531259,
31010,552.870846,-0.00189971,0.00457349,
31010,446.734683,-0.00163794,0.00386963,
31010,342.748172,-0.00135139,0.00312788,
31010,231.347293,-0.00108405,0.00245077,
31010,155.540838,-0.000908603,0.00199513,
31010,101.03111,-0.000777359,0.00167877,
31010,82.32343,-0.0007611,0.00163336,
31010,100.412834,-0.000822452,0.00179297,
31010,148.372699,-0.000974818,0.00218852,
31010,229.135023,-0.0011986,0.00274095,
31010,325.547517,-0.00145189,0.0034081,
31010,434.716911,-0.00173658,0.00414052,
31010,539.147954,-0.00200935,0.00488783,
31210,645.45337,-0.00198093,0.00487123,
31210,732.036836,-0.00224382,0.00556622,
31210,776.562794,-0.00243836,0.00609361,
31210,798.342761,-0.00252997,0.00634214,
31210,782.243263,-0.0025792,0.00647001,
31210,728.877804,-0.00249629,0.00624166,
31210,655.080187,-0.00235071,0.00586732,
31210,550.581282,-0.00213183,0.00527718,
31210,446.101914,-0.00185591,0.00454881,
31210,341.506788,-0.00160154,0.00385547,
31210,231.385936,-0.00130061,0.0030899,
31210,155.75337,-0.00105042,0.00243894,
31210,99.519232,-0.000865336,0.00196962,
31210,81.352543,-0.00073994,0.00165567,
31210,100.074714,-0.000731125,0.00161519,
31210,150.164734,-0.00079344,0.00178388,
31210,228.255912,-0.000945744,0.00217036,
31210,325.846995,-0.00116546,0.00272656,
31210,435.098504,-0.00141058,0.00339244,
31210,540.292736,-0.00169811,0.00413651,
31410,648.757305,-0.0022627,0.00556362,
31410,729.11932,-0.00243897,0.00606208,
31410,776.311617,-0.00254085,0.00633286,
31410,802.65625,-0.00258701,0.00647262,
31410,779.977838,-0.00249637,0.00620671,
31410,728.307826,-0.00236095,0.00584723,
31410,655.254078,-0.00213706,0.00525853,
31410,549.90987,-0.00186185,0.00452284,
31410,445.792776,-0.00159167,0.00382262,
31410,339.898302,-0.00130078,0.00307279,
31410,229.540767,-0.0010433,0.0024089,
31410,155.898278,-0.000879018,0.00195834,
31410,98.321322,-0.000744315,0.00163477,
31410,81.449149,-0.000721547,0.0015934,
31410,100.123017,-0.000793946,0.00176739,
31410,150.155073,-0.000944407,0.00215789,
31410,230.516485,-0.00116951,0.00272052,
31410,324.141903,-0.00142035,0.00337622,
31410,436.117696,-0.00170952,0.00412242,
31410,544.002409,-0.00199202,0.00487414,
31610,645.854286,-0.00220677,0.00560175,
31610,731.993363,-0.00239617,0.00612098,
31610,776.248823,-0.00247972,0.00636959,
31610,799.183239,-0.00253324,0.0064977,
31610,782.465458,-0.00245835,0.00626602,
31610,727.810303,-0.00231167,0.00587706,
31610,653.515165,-0.00209593,0.00529809,
31610,550.354257,-0.00181627,0.00456137,
31610,442.305303,-0.00153953,0.00384802,
31610,340.023889,-0.00126311,0.00312237,
31610,228.990115,-0.000999058,0.00243582,
31610,154.193189,-0.00069806,0.00168321,
31610,79.744059,-0.000675344,0.00162582,
31610,100.398343,-0.000762633,0.00181123,
31610,152.309379,-0.000906197,0.00219591,
31610,229.033588,-0.00112058,0.00274235,
31610,327.890206,-0.00138871,0.00343987,
31610,437.851771,-0.0016618,0.00415566,
31610,541.9447,-0.00194172,0.00489981,
31810,648.921536,-0.00219695,0.00562865,
31810,733.302381,-0.00238255,0.00612884,
31810,777.610976,-0.00248255,0.00637914,
31810,798.970705,-0.00253079,0.00650555,
31810,781.368973,-0.00244446,0.00627258,
31810,729.621674,-0.00230218,0.00589762,
31810,652.698841,-0.00207569,0.00528727,
31810,550.446033,-0.00180128,0.00457479,
31810,444.198778,-0.00153107,0.003864,
31810,338.101435,-0.00124208,0.00311438,
31810,230.545466,-0.000991443,0.00246675,
31810,154.3864,-0.000816201,0.00199326,
31810,99.306699,-0.000681103,0.00167844,
31810,82.101237,-0.000678917,0.00165651,
31810,101.272624,-0.000741478,0.00182087,
31810,152.67165,-0.000888852,0.00221608,
31810,229.806433,-0.00110296,0.00276613,
31810,328.865924,-0.00137796,0.00344888,
31810,439.981931,-0.00164822,0.00416996,
31810,542.775512,-0.00192522,0.00491511,
32010,651.892179,-0.00227282,0.0056511,
32010,730.921031,-0.00245164,0.00613225,
32010,777.67377,-0.00255827,0.00641153,
32010,803.796208,-0.00259996,0.00653786,
32010,777.340477,-0.00249082,0.00625939,
32010,727.906909,-0.00237469,0.00591854,
32010,653.766341,-0.00213759,0.00530232,
32010,545.789621,-0.00187067,0.00457789,
32010,443.744731,-0.00159948,0.00388231,
32010,336.864881,-0.00130355,0.00311786,
32010,227.874319,-0.00105198,0.00246241,
32010,154.149716,-0.000877423,0.0020135,
32010,96.654875,-0.000741743,0.00168497,
32010,81.106199,-0.000733205,0.00166024,
32010,101.456174,-0.000806645,0.0018386,
32010,152.145149,-0.000954828,0.0022272,
32010,232.124969,-0.00117183,0.00278186,
32010,327.837073,-0.00143328,0.00346196,
32010,438.499031,-0.00170813,0.00420412,
32010,543.973427,-0.00199454,0.00493375,
32210,650.423763,-0.00219299,0.00562126,
32210,733.200944,-0.00239249,0.00613832,
32210,779.509296,-0.00248731,0.00638942,
32210,800.395653,-0.00252745,0.00651092,
32210,780.040632,-0.0024386,0.0062644,
32210,727.269306,-0.00230018,0.00587257,
32210,650.752225,-0.0020815,0.00529421,
32210,547.910124,-0.00180141,0.00455587,
32210,441.976843,-0.00153341,0.00385753,
32210,337.666709,-0.00124,0.00309482,
32210,227.236722,-0.000990608,0.00244225,
32210,155.120603,-0.000815841,0.00200163,
32210,97.562968,-0.000686593,0.00166842,
32210,81.540924,-0.000680654,0.0016497,
32210,104.489591,-0.000743978,0.00182623,
32210,149.812123,-0.000895069,0.00220565,
32210,231.733716,-0.00112206,0.00278818,
32210,329.242687,-0.00137341,0.00344587,
32210,439.030363,-0.00165361,0.00418573,
32210,545.079566,-0.00193668,0.00492973,
32410,652.626387,-0.0023131,0.00559264,
32410,732.973919,-0.0024959,0.00608534,
32410,777.562672,-0.00259379,0.00634776,
32410,801.994494,-0.00264055,0.00646863,
32410,779.296761,-0.00253773,0.00621142,
32410,726.254938,-0.00240591,0.00583387,
32410,651.491263,-0.00217447,0.00522968,
32410,547.494718,-0.00191139,0.00451002,
32410,439.914307,-0.0016357,0.00380361,
32410,336.198301,-0.00134883,0.00305441,
32410,226.299647,-0.00109335,0.00239519,
32410,154.318776,-0.000916937,0.0019454,
32410,96.017278,-0.000780385,0.00162424,
32410,80.845364,-0.00077857,0.00160232,
32410,101.842597,-0.000848372,0.00177656,
32410,153.859899,-0.000997687,0.00217911,
32410,230.656563,-0.00122084,0.00271991,
32410,330.604828,-0.00148844,0.00342234,
32410,441.455171,-0.00176791,0.00414813,
32410,543.046009,-0.00203766,0.00488242,
32610,652.925866,-0.002276,0.00566172,
32610,733.930323,-0.00244697,0.00613998,
32610,776.094252,-0.00254515,0.00640205,
32610,776.784989,-0.0025963,0.00654431,
32610,726.375696,-0.00248945,0.00625273,
32610,652.495968,-0.00235822,0.00590554,
32610,542.379427,-0.00212331,0.00528724,
32610,441.648383,-0.00184499,0.00454987,
32610,335.386813,-0.00159891,0.00387929,
32610,223.96179,-0.00129694,0.00309504,
32610,153.304417,-0.00104166,0.00244805,
32610,98.954089,-0.000871189,0.00201165,
32610,78.985705,-0.000741918,0.00168765,
32610,103.644292,-0.000725405,0.00165369,
32610,153.811597,-0.000806963,0.00185174,
32610,231.2845,-0.000956715,0.00224553,
32610,330.097648,-0.00117397,0.0027803,
32610,443.179586,-0.0014422,0.00348376,
32610,544.437136,-0.00172701,0.00421519,
32810,652.433174,-0.0023177,0.00563894,
32810,735.026807,-0.00249044,0.00613516,
32810,777.37912,-0.00259397,0.00638817,
32810,800.289386,-0.00263642,0.00650635,
32810,779.794285,-0.00254178,0.00625599,
32810,724.371112,-0.0023953,0.00585743,
32810,652.481477,-0.00217379,0.00527359,
32810,545.393536,-0.00189022,0.00452262,
32810,438.81783,-0.00162905,0.00383876,
32810,336.309398,-0.00133964,0.00308708,
32810,222.903958,-0.00108454,0.00240651,
32810,155.449062,-0.000914434,0.00198865,
32810,95.954484,-0.000772495,0.00164583,
32810,81.700323,-0.000770672,0.0016417,
32810,104.161132,-0.000847874,0.00182938,
32810,153.072564,-0.00100099,0.00220622,
32810,234.400033,-0.00122524,0.00277535,
32810,333.179371,-0.00149217,0.00346476,
32810,442.179715,-0.00176028,0.00418045,
32810,545.813772,-0.00204737,0.00493322,
33010,652.901715,-0.0022802,0.00557934,
33010,731.631089,-0.00245673,0.00606831,
33010,780.248336,-0.00255926,0.00633196,
33010,799.593818,-0.00259701,0.00643218,
33010,778.137482,-0.00250591,0.00618711,
33010,724.081293,-0.00236748,0.00579459,
33010,649.795823,-0.0021457,0.0052083,
33010,543.809197,-0.00186098,0.00446191,
33010,439.431278,-0.00159873,0.00377572,
33010,333.850781,-0.00130759,0.00301496,
33010,223.309702,-0.0010586,0.00235906,
33010,153.492798,-0.000879699,0.00191609,
33010,97.727197,-0.000755283,0.00161179,
33010,80.454111,-0.000750326,0.00157879,
33010,101.528629,-0.000825242,0.0017753,
33010,155.110942,-0.000969407,0.00216423,
33010,233.989458,-0.00118797,0.00272145,
33010,332.667361,-0.00145769,0.00341168,
33010,441.996164,-0.00174103,0.00413827,
33010,547.185578,-0.00201627,0.00489,
33210,654.645458,-0.00230147,0.00562571,
33210,735.258663,-0.00246898,0.00607768,
33210,777.702752,-0.00256714,0.00635247,
33210,803.211738,-0.00262614,0.00648631,
33210,775.277926,-0.00251126,0.00618219,
33210,724.743047,-0.00237447,0.00581981,
33210,650.191908,-0.00215107,0.00521392,
33210,541.447178,-0.00186912,0.0044761,
33210,439.392635,-0.00160944,0.00379439,
33210,334.66227,-0.00132267,0.00303061,
33210,224.295079,-0.00106349,0.00237468,
33210,152.343191,-0.000897122,0.00193773,
33210,97.466362,-0.000764403,0.00161838,
33210,80.850194,-0.000768728,0.00160758,
33210,104.731105,-0.000836689,0.0017917,
33210,155.323475,-0.000996225,0.00218551,
33210,235.424053,-0.00121452,0.00274523,
33210,334.184071,-0.00147864,0.00344214,
33210,443.764052,-0.00174984,0.00416139,
33210,547.026178,-0.00204402,0.00490589,
33410,655.244417,-0.00231282,0.00561283,
33410,733.341024,-0.00248677,0.00608872,
33410,779.180833,-0.00258911,0.00636571,
33410,800.984954,-0.00262745,0.00645578,
33410,777.09413,-0.0025289,0.00619926,
33410,725.805718,-0.00238976,0.00581915,
33410,647.549727,-0.00216272,0.0052127,
33410,542.403578,-0.00189175,0.00447673,
33410,438.228534,-0.00162622,0.00378505,
33410,332.044254,-0.00133287,0.00302656,
33410,223.203435,-0.0010772,0.00237075,
33410,150.222697,-0.000905698,0.00192524,
33410,98.268189,-0.000785277,0.00163871,
33410,81.965989,-0.000770627,0.00160361,
33410,102.716878,-0.000843202,0.00178614,
33410,156.555197,-0.00100459,0.0021965,
33410,236.375619,-0.00122613,0.002749,
33410,331.406656,-0.0014895,0.00343714,
33410,445.585073,-0.00177352,0.00416972,
33410,547.576833,-0.0020439,0.00489602,
33610,657.065446,-0.00231686,0.00568661,
33610,736.582172,-0.00248581,0.00615425,
33610,776.804311,-0.00258653,0.0064021,
33610,803.293854,-0.00263447,0.00653006,
33610,777.161755,-0.00252892,0.00624967,
33610,723.984686,-0.00238675,0.00586494,
33610,647.29372,-0.00215648,0.00525668,
33610,541.398875,-0.00188616,0.00453265,
33610,438.141589,-0.00161684,0.00383475,
33610,331.247256,-0.00132003,0.00307746,
33610,223.657482,-0.00107002,0.00242675,
33610,150.362775,-0.000897216,0.00197656,
33610,96.785292,-0.000775546,0.00168113,
33610,81.043405,-0.000764956,0.00166012,
33610,103.214397,-0.000843698,0.0018459,
33610,156.279871,-0.000998877,0.00225263,
33610,235.931232,-0.00121321,0.00282014,
33610,336.063053,-0.00148966,0.00350514,
33610,444.174627,-0.00176029,0.00422631,
33610,548.369003,-0.00204628,0.00497472,
33810,655.215435,-0.00229439,0.00565566,
33810,736.876821,-0.00247685,0.0061534,
33810,778.721952,-0.00256755,0.00639001,
33810,801.661201,-0.00261351,0.00650961,
33810,778.345186,-0.00251692,0.0062502,
33810,722.052557,-0.00236571,0.00584399,
33810,646.028178,-0.00214386,0.00524803,
33810,542.43256,-0.00185838,0.00452173,
33810,435.180619,-0.00159401,0.00380947,
33810,329.46971,-0.0013064,0.00306375,
33810,221.609442,-0.00105271,0.00241053,
33810,148.440323,-0.000885653,0.00196238,
33810,96.365058,-0.00077421,0.00167327,
33810,80.937139,-0.000755644,0.00165864,
33810,103.1033,-0.000841114,0.00183765,
33810,155.366947,-0.000982342,0.00223686,
33810,238.124181,-0.00121092,0.00280714,
33810,335.821539,-0.00147693,0.00349139,
33810,445.20831,-0.00175019,0.00422309,
33810,549.789112,-0.00204146,0.00497943,
34010,657.442211,-0.00225158,0.00572509,
34010,735.427724,-0.00242928,0.0062103,
34010,780.064784,-0.00251703,0.00645584,
34010,800.472938,-0.00255444,0.00655597,
34010,777.794528,-0.00246726,0.00630515,
34010,723.540296,-0.00230767,0.0059029,
34010,645.665904,-0.00208025,0.00529384,
34010,539.548869,-0.00180632,0.00455908,
34010,434.620305,-0.00154419,0.00386888,
34010,330.073496,-0.00125302,0.00310931,
34010,221.305134,-0.000996159,0.00246349,
34010,149.986013,-0.000822402,0.00202154,
34010,95.273414,-0.000696549,0.00171325,
34010,79.990404,-0.000693962,0.00170515,
34010,105.204473,-0.000772917,0.00190739,
34010,155.7582,-0.000925774,0.00229043,
34010,236.423921,-0.00114736,0.00286278,
34010,336.584724,-0.00141435,0.0035535,
34010,444.773583,-0.00168642,0.00427877,
34010,552.199433,-0.00197162,0.00502641,
34210,656.997822,-0.00230193,0.00569838,
34210,740.282201,-0.00247808,0.00618708,
34210,777.615806,-0.00256013,0.00640824,
34210,800.738607,-0.00260168,0.00652562,
34210,777.079639,-0.00251577,0.00626719,
34210,722.632196,-0.00236447,0.0058618,
34210,645.284309,-0.00214477,0.00525996,
34210,540.20096,-0.00185948,0.00451969,
34210,433.325786,-0.00159623,0.00383049,
34210,330.79804,-0.001305,0.00308411,
34210,220.305265,-0.00105409,0.00241343,
34210,149.145544,-0.000890148,0.00199531,
34210,96.514796,-0.000757202,0.00168127,
34210,80.478262,-0.000756232,0.0016761,
34210,105.445987,-0.00083646,0.00187457,
34210,155.9176,-0.000992893,0.00226892,
34210,237.58802,-0.00121103,0.00284182,
34210,336.922844,-0.00148679,0.00353287,
34210,445.884551,-0.00175581,0.0042508,
34210,551.484549,-0.00204304,0.00500563,
34410,656.852912,-0.00227667,0.00570559,
34410,739.060128,-0.00245701,0.00619425,
34410,778.770255,-0.00254484,0.00642838,
34410,801.830262,-0.00258231,0.00653313,
34410,776.625588,-0.00248337,0.00626154,
34410,722.424492,-0.00234344,0.00587426,
34410,645.530655,-0.00210444,0.00526172,
34410,538.2785,-0.00182972,0.00452105,
34410,434.127615,-0.00156459,0.00382768,
34410,327.160833,-0.00128157,0.00307295,
34410,223.411138,-0.00102378,0.00243333,
34410,148.329227,-0.00085706,0.00199257,
34410,94.16728,-0.000732307,0.00167946,
34410,83.453716,-0.000732928,0.0016888,
34410,106.329928,-0.000808371,0.00186886,
34410,156.78222,-0.000966353,0.00229112,
34410,238.756948,-0.00118577,0.00284808,
34410,337.632897,-0.0014572,0.00353931,
34410,447.618627,-0.00173069,0.00426326,
34410,552.904658,-0.00201329,0.00501241,
34610,660.697843,-0.00206487,0.00502103,
34610,737.944323,-0.00232907,0.0057211,
34610,778.98762,-0.00249891,0.00618569,
34610,804.322715,-0.00258769,0.0064385,
34610,773.833657,-0.00263527,0.00655593,
34610,722.946167,-0.00252329,0.00625091,
34610,644.274774,-0.00239137,0.00588707,
34610,534.216216,-0.00214396,0.00525125,
34610,436.204641,-0.00186328,0.00451743,
34610,327.267099,-0.00161519,0.00384331,
34610,217.957748,-0.00131812,0.00307087,
34610,150.580138,-0.00105699,0.00242178,
34610,92.689214,-0.000894733,0.00200147,
34610,81.81142,-0.000756839,0.00168142,
34610,105.378363,-0.000776194,0.00169976,
34610,155.695407,-0.000853349,0.00189041,
34610,239.037105,-0.000997521,0.00228375,
34610,339.666448,-0.0012304,0.00287355,
34610,447.947087,-0.00148999,0.00355228,
34610,552.29604,-0.00177276,0.00427702,
34810,660.789619,-0.00225702,0.0057494,
34810,738.007117,-0.00243567,0.00622566,
34810,781.3255,-0.00252386,0.00647561,
34810,802.269823,-0.00255283,0.00655583,
34810,773.326473,-0.00245891,0.00628857,
34810,724.202051,-0.00231731,0.00590791,
34810,642.82085,-0.00207356,0.00526877,
34810,536.124185,-0.00180271,0.00455432,
34810,432.383879,-0.00154529,0.00384706,
34810,325.648953,-0.00124873,0.00309077,
34810,219.556572,-0.000996529,0.00245156,
34810,147.218262,-0.000827415,0.00200877,
34810,94.321849,-0.000709215,0.00171486,
34810,82.661549,-0.000709191,0.00172006,
34810,106.503818,-0.000781127,0.00190148,
34810,157.617859,-0.000945885,0.00231767,
34810,238.877706,-0.00116352,0.00287916,
34810,338.598954,-0.00144077,0.00358851,
34810,448.942128,-0.00170552,0.004293,
34810,553.904531,-0.00199673,0.00505469,
35010,659.741441,-0.00229521,0.0056912,
35010,739.031146,-0.00246836,0.00615659,
35010,779.630054,-0.00256991,0.00640466,
35010,802.80599,-0.00260574,0.00650802,
35010,775.847905,-0.0025009,0.00622397,
35010,718.719634,-0.00234507,0.0058228,
35010,641.44421,-0.00212024,0.00521776,
35010,537.259306,-0.00184735,0.00449015,
35010,430.862336,-0.0015736,0.00377664,
35010,325.586159,-0.00129282,0.0030272,
35010,218.262056,-0.0010401,0.002383,
35010,147.826877,-0.000865754,0.00195719,
35010,94.86284,-0.000752248,0.0016543,
35010,81.598888,-0.000751043,0.00165718,
35010,104.702123,-0.000831309,0.00185347,
35010,160.868639,-0.000995049,0.00227365,
35010,238.708646,-0.00120908,0.00282932,
35010,340.400652,-0.0014811,0.00353109,
35010,450.724507,-0.0017533,0.00424878,
35010,553.923852,-0.00203051,0.00498868,
35210,660.693013,-0.00235756,0.00567566,
35210,739.96823,-0.00254858,0.00615583,
35210,781.972765,-0.00264346,0.00640058,
35210,801.583915,-0.00266214,0.00647764,
35210,773.413419,-0.00257309,0.00620817,
35210,722.081539,-0.00242076,0.00582459,
35210,640.444335,-0.00217834,0.00518668,
35210,535.848858,-0.00191026,0.00447034,
35210,432.045758,-0.00164974,0.00377615,
35210,321.953783,-0.00134601,0.00299314,
35210,218.295868,-0.00110976,0.00237889,
35210,148.063561,-0.000931023,0.00193388,
35210,93.737385,-0.000817649,0.00164271,
35210,84.405281,-0.000824042,0.00164596,
35210,104.658651,-0.000893314,0.00182913,
35210,160.525689,-0.00106795,0.00226711,
35210,241.408774,-0.00127932,0.00281862,
35210,339.589163,-0.00154836,0.00351459,
35210,451.395918,-0.00182486,0.00425134,
35210,554.078422,-0.00210183,0.00498411,
35410,660.997323,-0.00232284,0.0057477,
35410,740.818367,-0.00249131,0.00620274,
35410,779.021432,-0.002587,0.00644637,
35410,803.545031,-0.00262113,0.00654731,
35410,773.514856,-0.00251279,0.00625581,
35410,720.014161,-0.00237651,0.00586187,
35410,641.313792,-0.00214306,0.0052492,
35410,534.76204,-0.00186626,0.00451093,
35410,429.418078,-0.00160664,0.0038146,
35410,324.509005,-0.00131456,0.003065,
35410,216.561796,-0.00105942,0.00240081,
35410,146.933275,-0.00090822,0.0019889,
35410,95.741951,-0.000778534,0.00169797,
35410,81.743796,-0.000777072,0.00169208,
35410,105.957997,-0.000864032,0.00189709,
35410,162.283911,-0.00102669,0.00231062,
35410,241.109297,-0.00124412,0.00287472,
35410,341.337728,-0.00151569,0.003576,
35410,451.787172,-0.00179078,0.00429478,
35410,555.715895,-0.00207043,0.00504299,
35610,661.586621,-0.00235328,0.00572628,
35610,742.851934,-0.0025244,0.00621783,
35610,779.43201,-0.00261266,0.00643655,
35610,801.289265,-0.00264379,0.00653797,
35610,774.278048,-0.00254024,0.00624048,
35610,719.56011,-0.00239498,0.00584863,
35610,640.231802,-0.00215485,0.00522985,
35610,534.92144,-0.00188418,0.00450115,
35610,428.717686,-0.00162317,0.00379161,
35610,323.113052,-0.00133711,0.00304807,
35610,217.382944,-0.00108086,0.00240072,
35610,144.909387,-0.000902646,0.00196583,
35610,93.65044,-0.000797607,0.00168582,
35610,82.444187,-0.00079304,0.00168307,
35610,107.083452,-0.000880689,0.00188598,
35610,160.057151,-0.00103252,0.00230141,
35610,241.558513,-0.00125688,0.00286783,
35610,342.579112,-0.00153011,0.00357173,
35610,451.806493,-0.00180514,0.00429311,
35610,557.324386,-0.00208115,0.00503295,
35810,663.576711,-0.00231976,0.00574862,
35810,739.688071,-0.00248764,0.00622069,
35810,783.479828,-0.00258523,0.00647821,
35810,802.690062,-0.00251314,0.00626829,
35810,719.081908,-0.00237359,0.00586756,
35810,638.430095,-0.00212371,0.00523487,
35810,534.356295,-0.00186156,0.00452407,
35810,428.45202,-0.0015862,0.00380872,
35810,320.577152,-0.00129664,0.00305505,
35810,217.170412,-0.00105087,0.0024246,
35810,144.7838,-0.000872819,0.00197628,
35810,92.070938,-0.000763431,0.00170048,
35810,82.598756,-0.000761565,0.00170154,
35810,104.523403,-0.00084529,0.00189509,
35810,161.356497,-0.00100447,0.00233032,
35810,243.616214,-0.00123022,0.00289434,
35810,342.984856,-0.00150103,0.00359756,
35810,451.004664,-0.00176928,0.00431349,
35810,557.140835,-0.00206296,0.00507002,
36010,662.137277,-0.00234419,0.00573721,
36010,742.431696,-0.00252119,0.00621082,
36010,782.388173,-0.00260852,0.0064503,
36010,802.22635,-0.00264047,0.00652603,
36010,773.29266,-0.00254179,0.0062369,
36010,718.908017,-0.00239222,0.00584515,
36010,638.642629,-0.00214716,0.00520903,
36010,532.84924,-0.00187815,0.00448765,
36010,428.901237,-0.00160747,0.0037838,
36010,321.417622,-0.00132157,0.00302988,
36010,215.740648,-0.00106998,0.0023849,
36010,144.576098,-0.000907584,0.00196041,
36010,92.428378,-0.00078788,0.00167726,
36010,81.415337,-0.000785721,0.00167032,
36010,106.252644,-0.000872043,0.00188824,
36010,161.216419,-0.00102769,0.00230077,
36010,244.205509,-0.00125317,0.00287331,
36010,343.912271,-0.00152438,0.00358088,
36010,454.023598,-0.00179756,0.00429229,
36010,559.092277,-0.00208764,0.00505483,
36210,665.40257,-0.00234954,0.00567731,
36210,742.460678,-0.00250669,0.00613241,
36210,783.170687,-0.00259872,0.00637826,
36210,803.119962,-0.00262355,0.00645547,
36210,772.007793,-0.00250975,0.00616109,
36210,718.80658,-0.00237337,0.00576966,
36210,638.642629,-0.00213247,0.00514271,
36210,531.337356,-0.0018534,0.00440513,
36210,427.350713,-0.00159608,0.00372275,
36210,321.045689,-0.00130812,0.00295149,
36210,213.170937,-0.00105012,0.00231309,
36210,143.91918,-0.000889945,0.00189825,
36210,94.017541,-0.000777305,0.00161637,
36210,81.497452,-0.000778326,0.0016094,
36210,106.798466,-0.000854976,0.00181986,
36210,162.95049,-0.00102559,0.00225487,
36210,244.113733,-0.0012473,0.00282112,
36210,344.071671,-0.00151193,0.00351641,
36210,454.173337,-0.00179079,0.00425194,
36210,560.56552,-0.00207167,0.00498661,
36410,666.933781,-0.00233384,0.00571836,
36410,740.373977,-0.00249989,0.00616244,
36410,784.040146,-0.00259406,0.00643074,
36410,804.602874,-0.00262174,0.00649503,
36410,770.544203,-0.00251338,0.00618717,
36410,719.671208,-0.00236839,0.00581491,
36410,639.420309,-0.00212952,0.00517723,
36410,529.062284,-0.00185056,0.00443182,
36410,427.693664,-0.00158948,0.00376167,
36410,320.495037,-0.00129709,0.00299196,
36410,214.059709,-0.00104221,0.0023508,
36410,144.696855,-0.000880139,0.00193244,
36410,93.036994,-0.000762538,0.00164556,
36410,82.043273,-0.000769721,0.00165401,
36410,108.006036,-0.0008555,0.0018671,
36410,163.230646,-0.00101888,0.00229432,
36410,245.630442,-0.00124499,0.00286188,
36410,345.511097,-0.00151706,0.00356332,
36410,454.926863,-0.00178463,0.00428635,
36410,561.449466,-0.00206395,0.00503927,
36610,666.344482,-0.00223668,0.00576899,
36610,742.827782,-0.00239273,0.00621803,
36610,780.871449,-0.00248082,0.00645361,
36610,803.414612,-0.00251266,0.00653657,
36610,771.196297,-0.00240442,0.00623793,
36610,717.705266,-0.00225983,0.00584017,
36610,637.42056,-0.00201358,0.00520614,
36610,530.100798,-0.00173668,0.00447635,
36610,427.196143,-0.00147847,0.00379201,
36610,318.915533,-0.00116943,0.00302051,
36610,212.939084,-0.00093466,0.00239515,
36610,146.773876,-0.000765598,0.00197066,
36610,92.438039,-0.000650349,0.00168372,
36610,82.941706,-0.000651317,0.00169816,
36610,108.339325,-0.00074114,0.0019116,
36610,163.481821,-0.000893998,0.00232295,
36610,246.722087,-0.00113436,0.00291961,
36610,346.056919,-0.00139197,0.00360308,
36610,454.612894,-0.00167177,0.00432766,
36610,564.328328,-0.00195803,0.00509485,
36810,667.175296,-0.00231443,0.00576343,
36810,741.499443,-0.00247903,0.00622053,
36810,781.982425,-0.00257409,0.00645733,
36810,803.448424,-0.00259987,0.00653556,
36810,771.162485,-0.00248756,0.00623904,
36810,717.30435,-0.00234462,0.00584311,
36810,635.551229,-0.00209541,0.00519727,
36810,528.912544,-0.00183238,0.00447925,
36810,427.785439,-0.00156712,0.00378557,
36810,316.51488,-0.00126675,0.00300788,
36810,212.388431,-0.00102145,0.00239607,
36810,147.285886,-0.000863468,0.00197126,
36810,90.129164,-0.000744545,0.00168423,
36810,82.207503,-0.000749663,0.00169563,
36810,109.498593,-0.000829578,0.00191471,
36810,164.505841,-0.000994341,0.00232983,
36810,247.108509,-0.00123046,0.0029272,
36810,347.892429,-0.00149236,0.00361401,
36810,453.39083,-0.00175848,0.00432105,
36810,563.25117,-0.00205441,0.00509751,
37010,668.919041,-0.00229737,0.0057788,
37010,740.992259,-0.00246349,0.00622255,
37010,783.059589,-0.00256058,0.00647935,
37010,803.448424,-0.00257754,0.00653888,
37010,770.302686,-0.00246423,0.00624266,
37010,717.584508,-0.00232724,0.00585142,
37010,635.87486,-0.0020736,0.00519855,
37010,529.245835,-0.00180785,0.00448559,
37010,424.191701,-0.00154419,0.00378832,
37010,315.775846,-0.00123955,0.00301365,
37010,213.663626,-0.00101062,0.00240518,
37010,142.658476,-0.000835418,0.00196303,
37010,92.172374,-0.000733077,0.00169614,
37010,85.530737,-0.000740979,0.00171826,
37010,107.479535,-0.000810593,0.00190845,
37010,165.674769,-0.000985456,0.00236266,
37010,246.543366,-0.00120285,0.00291325,
37010,347.322455,-0.00148513,0.0036369,
37010,458.689664,-0.00175024,0.00435057,
37010,559.76852,-0.00203902,0.00509993,
37210,670.189414,-0.00239255,0.00576626,
37210,743.301154,-0.00255229,0.00620111,
37210,782.987134,-0.00263458,0.00644379,
37210,802.791499,-0.00266993,0.00651487,
37210,770.012867,-0.00255521,0.00620573,
37210,716.579801,-0.00241191,0.00581637,
37210,635.657496,-0.00216923,0.00517375,
37210,526.420109,-0.00188979,0.00443902,
37210,422.959976,-0.00163233,0.00374714,
37210,317.480938,-0.00134225,0.00299041,
37210,209.98295,-0.00108906,0.00235249,
37210,142.20443,-0.000921518,0.00193115,
37210,93.718064,-0.000822606,0.00167473,
37210,79.575,-0.000821711,0.00166869,
37210,108.059169,-0.000915351,0.00189339,
37210,167.23012,-0.00108511,0.00233191,
37210,246.94428,-0.00129682,0.00288103,
37210,347.153395,-0.00157235,0.00360803,
37210,459.853765,-0.00183525,0.0043232,
37410,667.643837,-0.00232838,0.00573563,
37410,744.233407,-0.00250119,0.00619771,
37410,783.407373,-0.00257916,0.00641071,
37410,800.719286,-0.00260524,0.00648239,
37410,772.423201,-0.00250819,0.00620073,
37410,716.420401,-0.0023425,0.00577604,
37410,633.56114,-0.00210251,0.00514258,
37410,528.888393,-0.00183709,0.00442688,
37410,421.332167,-0.00156647,0.00371089,
37410,315.437726,-0.0012754,0.00296718,
37410,213.04535,-0.00103983,0.00234083,
37410,141.194901,-0.000864866,0.00189935,
37410,91.186996,-0.000757292,0.00163421,
37410,83.502018,-0.000762895,0.00165815,
37410,108.841675,-0.000854931,0.00186865,
37410,167.355707,-0.00102105,0.00230836,
37410,248.13736,-0.00124491,0.00287076,
37410,347.375588,-0.00151838,0.00358707,
37410,459.216166,-0.00208124,0.00505545,
37410,670.087977,-0.00249141,0.00617943,
37610,668.720998,-0.00238939,0.00572981,
37610,744.846859,-0.00256118,0.00619204,
37610,785.093159,-0.0026396,0.00641695,
37610,800.719286,-0.00266232,0.0064675,
37610,768.781132,-0.0025567,0.00619596,
37610,717.178761,-0.00241083,0.00578075,
37610,631.435803,-0.00215857,0.00512804,
37610,525.816321,-0.00189329,0.00442808,
37610,423.713502,-0.00162106,0.00371503,
37610,312.061356,-0.00132459,0.00293955,
37610,213.451094,-0.00109717,0.00234302,
37610,138.842553,-0.000916258,0.0018917,
37610,91.689345,-0.00082066,0.00164706,
37610,84.786873,-0.000819129,0.00165649,
37610,108.23789,-0.000907421,0.00186565,
37610,166.336518,-0.00107486,0.00230814,
37610,250.895452,-0.00129957,0.00288806,
37610,349.288382,-0.00157176,0.00358825,
37610,458.940839,-0.00184065,0.00431382,
37610,566.511626,-0.00212351,0.0050699,
37810,670.778712,-0.00238474,0.00575932,
37810,745.508613,-0.00255509,0.00621152,
37810,784.614956,-0.00264132,0.00644764,
37810,802.351938,-0.00264987,0.00649073,
37810,769.62644,-0.00254616,0.00620628,
37810,715.265954,-0.00240143,0.00579281,
37810,632.290768,-0.00216237,0.00514595,
37810,525.898436,-0.00188876,0.00443008,
37810,421.240392,-0.0016185,0.00372063,
37810,311.863314,-0.00132067,0.0029544,
37810,212.914932,-0.00108276,0.0023596,
37810,140.513831,-0.000908927,0.00191035,
37810,88.453057,-0.000813556,0.00164963,
37810,85.294053,-0.00081589,0.00167796,
37810,108.189587,-0.000905654,0.00188734,
37810,166.568371,-0.00106649,0.00232243,
37810,252.059551,-0.00130207,0.00290954,
37810,349.544387,-0.00156637,0.00360112,
37810,460.839145,-0.00185068,0.00434026,
38010,565.207443,-0.00212343,0.00507579,
38010,672.068407,-0.0023793,0.00577219,
38010,746.653401,-0.00254617,0.0062124,
38010,783.262463,-0.00263108,0.00642218,
38010,801.115373,-0.00265489,0.00650242,
38010,770.573185,-0.00254233,0.00619996,
38010,712.300136,-0.0023893,0.00577808,
38010,631.218438,-0.00214949,0.00515076,
38010,526.106139,-0.00186873,0.00441935,
38010,420.578642,-0.00159918,0.00371601,
38010,313.98381,-0.00132118,0.00296056,
38010,210.224465,-0.00107001,0.00234112,
38010,141.132107,-0.000902751,0.0019175,
38010,93.13843,-0.000799221,0.00165825,
38010,83.18322,-0.000801707,0.00167445,
38010,110.942847,-0.000904316,0.00189789,
38010,169.104269,-0.00106813,0.00233435,
38010,249.016472,-0.00129619,0.00290869,
38010,351.394388,-0.00156104,0.00362237,
38010,461.534708,-0.00183567,0.00433977,
38210,671.411484,-0.00233864,0.00572214,
38210,745.75979,-0.00251349,0.00618861,
38210,784.566653,-0.00259993,0.00641409,
38210,802.603116,-0.00261428,0.0064663,
38210,768.133868,-0.00250477,0.00616824,
38210,715.555773,-0.00235348,0.00575552,
38210,630.542195,-0.00210911,0.00510654,
38210,523.884201,-0.00183491,0.00438478,
38210,421.37564,-0.00157919,0.00369391,
38210,311.269189,-0.00127668,0.00290957,
38210,209.258408,-0.00103605,0.00231325,
38210,141.610305,-0.000871356,0.00188391,
38210,88.153579,-0.000765392,0.00161294,
38210,83.622775,-0.000781707,0.00164818,
38210,111.580444,-0.000869308,0.00187093,
38210,166.152967,-0.00103528,0.00229817,
38210,251.20459,-0.00126178,0.0028949,
38210,351.640733,-0.00153222,0.00358729,
38210,460.158074,-0.00181158,0.00431019,
38410,567.651578,-0.00211237,0.005148,
38410,672.145692,-0.00236487,0.00581856,
38410,745.450649,-0.00252555,0.00624441,
38410,784.107771,-0.0026163,0.00649372,
38410,802.781838,-0.00263271,0.00653752,
38410,768.278778,-0.00251927,0.00622594,
38410,713.787875,-0.0023717,0.00581941,
38410,629.68723,-0.00212995,0.00518688,
38410,522.483413,-0.0018459,0.0044507,
38410,420.631775,-0.00159028,0.00375334,
38410,311.409267,-0.00129257,0.00299019,
38410,208.78987,-0.00105257,0.00237977,
38410,140.185372,-0.000881255,0.00195088,
38410,90.882688,-0.000782963,0.00169861,
38410,84.071992,-0.00079448,0.00172541,
38410,108.740239,-0.000873354,0.00193646,
38410,168.882076,-0.00105123,0.00238083,
38410,253.441012,-0.0012794,0.00297153,
38410,352.911099,-0.00155102,0.00367756,
38410,461.554029,-0.00181885,0.00438313,
38610,570.245452,-0.00214312,0.00513043,
38610,671.80274,-0.00239097,0.00579104,
38610,748.189444,-0.00255158,0.00623549,
38610,784.262342,-0.00265063,0.00647168,
38610,802.033136,-0.00266114,0.00649581,
38610,767.617023,-0.00254392,0.00621202,
38610,715.488149,-0.00240109,0.00580903,
38610,629.445714,-0.00214268,0.00513703,
38610,521.280668,-0.00187708,0.00441738,
38610,420.757363,-0.00161689,0.00373771,
38610,309.583419,-0.00131332,0.00295152,
38610,207.678905,-0.00108367,0.00235072,
38610,140.112918,-0.000913685,0.00193047,
38610,88.636608,-0.000801407,0.00165809,
38610,83.434394,-0.000824763,0.00170248,
38610,111.604596,-0.000911075,0.00191897,
38610,167.032078,-0.00107358,0.00234781,
38610,254.653413,-0.00130701,0.00295233,
38610,353.142952,-0.00157328,0.00364575,
38610,462.998288,-0.00185754,0.00437541,
38810,570.438664,-0.00209499,0.00511463,
38810,674.290353,-0.00234494,0.00578095,
38810,747.189567,-0.00251354,0.00622156,
38810,784.334797,-0.00260494,0.00646276,
38810,804.424152,-0.00261322,0.00648619,
38810,765.95056,-0.00250902,0.00618214,
38810,714.536575,-0.0023615,0.00579186,
38810,628.962683,-0.00210184,0.00511878,
38810,520.358081,-0.00183765,0.00440264,
38810,417.564539,-0.00157425,0.00370606,
38810,310.095429,-0.00127869,0.00293047,
38810,208.176425,-0.00103879,0.00233509,
38810,139.542944,-0.000873664,0.00190571,
38810,87.037784,-0.000770639,0.00164364,
38810,84.545359,-0.000784109,0.00168684,
38810,110.82209,-0.000871142,0.00190564,
38810,170.500221,-0.00104198,0.00234067,
38810,252.334877,-0.00127373,0.00293428,
38810,356.644912,-0.0015477,0.00364534,
38810,459.77165,-0.00181913,0.00434694,
39010,571.283967,-0.00214691,0.00513143,
39010,675.425477,-0.00240934,0.00580654,
39010,747.460065,-0.0025589,0.00623161,
39010,783.523301,-0.00264958,0.00645286,
39010,803.554692,-0.00266903,0.00651217,
39010,766.950438,-0.0025513,0.00619023,
39010,711.01044,-0.00239455,0.00577824,
39010,629.112423,-0.00215451,0.00513628,
39010,521.46422,-0.00187742,0.00440069,
39010,416.270021,-0.0016079,0.00370311,
39010,309.834594,-0.00132829,0.00295393,
39010,207.823814,-0.00108472,0.00233455,
39010,138.543076,-0.000919837,0.00191364,
39010,91.293262,-0.000829168,0.00166495,
39010,82.637398,-0.000832607,0.00168372,
39010,111.561123,-0.000919666,0.00192532,
39010,170.852832,-0.00108666,0.00235183,
39010,251.793885,-0.00131575,0.00293751,
39010,357.548176,-0.00160224,0.0036665,
39010,463.423354,-0.00186096,0.00436205,
39210,570.013597,-0.00187745,0.00438821,
39210,676.444674,-0.00215808,0.0051379,
39210,747.547011,-0.00242179,0.00582007,
39210,783.378391,-0.00256308,0.00623771,
39210,804.892694,-0.00265296,0.00646419,
39210,765.100422,-0.00267768,0.00652019,
39210,713.328995,-0.00255669,0.00619262,
39210,628.107718,-0.00240404,0.00579717,
39210,517.556506,-0.00215977,0.00512418,
39210,419.699528,-0.00187789,0.00439303,
39210,308.061879,-0.00162728,0.00372543,
39210,204.843529,-0.00132765,0.00293788,
39210,141.421924,-0.00108766,0.00234131,
39210,87.844441,-0.000931067,0.00193038,
39210,82.685701,-0.000810519,0.00164805,
39210,113.246891,-0.000840375,0.00170129,
39210,169.485862,-0.000929814,0.00193406,
39210,254.542317,-0.00108993,0.00236118,
39210,356.403397,-0.00133039,0.00295692,
39210,464.191371,-0.00160628,0.00367172,
39410,573.008387,-0.00215524,0.00515757,
39410,675.715296,-0.00240694,0.00580887,
39410,748.015553,-0.00256294,0.00625256,
39410,787.402057,-0.00265333,0.00648832,
39410,801.173337,-0.0026615,0.00650323,
39410,766.612315,-0.00255494,0.00621351,
39410,713.696099,-0.00239816,0.00577978,
39410,625.774677,-0.00215362,0.0051247,
39410,521.391765,-0.00188774,0.0044181,
39410,415.502004,-0.00160967,0.00370315,
39410,305.849607,-0.00132324,0.00294825,
39410,205.717811,-0.0010838,0.00234129,
39410,137.842685,-0.000922955,0.00192383,
39410,89.346659,-0.000818834,0.00166958,
39410,82.811288,-0.000828408,0.00169478,
39410,111.575614,-0.000924646,0.00193125,
39410,172.466146,-0.00110156,0.00238168,
39410,254.141403,-0.00132435,0.00295138,
39410,357.586818,-0.00159673,0.00367912,
39410,466.881846,-0.0018752,0.00439913,
39610,574.438157,-0.00216679,0.00514142,
39610,676.608905,-0.00241636,0.00579829,
39610,747.266852,-0.00257397,0.00622255,
39610,785.619665,-0.00266062,0.00646458,
39610,802.409902,-0.002674,0.00648098,
39610,765.66074,-0.00255668,0.00617927,
39610,712.899096,-0.00240295,0.00576732,
39610,625.301307,-0.00215209,0.00509286,
39610,519.324396,-0.00187985,0.004379,
39610,417.641824,-0.00161855,0.00368904,
39610,304.989816,-0.00131421,0.00290861,
39610,206.268463,-0.00109062,0.00232388,
39610,137.833025,-0.000919754,0.00189052,
39610,87.095748,-0.000819648,0.00164677,
39610,84.782043,-0.000836869,0.00169652,
39610,112.087624,-0.000932039,0.00190926,
39610,171.369672,-0.00110271,0.00236427,
39610,256.305371,-0.00133232,0.00295495,
39610,356.350264,-0.00160735,0.00366489,
39610,466.809391,-0.00187503,0.00437389,
39810,573.022877,-0.00214566,0.005184,
39810,678.154607,-0.00240696,0.00587046,
39810,750.029799,-0.00255893,0.00628013,
39810,782.267415,-0.00264329,0.00649613,
39810,802.936409,-0.00265984,0.00655664,
39810,767.959977,-0.00253552,0.00623084,
39810,709.319828,-0.00238701,0.00579534,
39810,626.306011,-0.00214312,0.0051628,
39810,519.609384,-0.001866,0.00442191,
39810,414.304092,-0.00159909,0.0037304,
39810,306.076631,-0.00130233,0.00295999,
39810,203.790528,-0.0010659,0.00235911,
39810,138.002084,-0.000910005,0.00195009,
39810,88.994048,-0.000806637,0.00169567,
39810,83.883611,-0.000824764,0.00173547,
39810,113.971434,-0.000912231,0.00196922,
39810,172.490297,-0.00108424,0.00241525,
39810,257.300409,-0.00132485,0.00301293,
39810,359.78943,-0.00158815,0.00371371,
39810,464.626097,-0.00186576,0.00443242,
40010,573.578363,-0.00215242,0.00517977,
40010,677.922751,-0.00240068,0.00584958,
40010,749.797943,-0.00256199,0.00626417,
40010,784.310645,-0.00264741,0.0064887,
40010,803.443594,-0.00266768,0.00653615,
40010,764.805772,-0.00254048,0.00620456,
40010,709.04933,-0.00238977,0.00578684,
40010,626.257708,-0.00214277,0.00513717,
40010,516.257156,-0.00186693,0.00439594,
40010,412.598998,-0.00160875,0.00371122,
40010,306.06697,-0.0013231,0.00294647,
40010,202.829301,-0.00107874,0.00234495,
40010,136.833156,-0.000915461,0.00193254,
40010,89.525379,-0.000819051,0.0016837,
40010,84.115464,-0.000833259,0.00171948,
40010,111.85577,-0.000929452,0.00194832,
40010,173.156876,-0.00110318,0.00240901,
40010,258.348581,-0.00133152,0.0030024,
40010,357.533685,-0.0016006,0.00370754,
40010,468.065268,-0.00187732,0.00442294,
40210,574.341551,-0.00214977,0.00516891,
40210,680.279946,-0.00239788,0.00585065,
40210,747.788527,-0.00255667,0.00626317,
40210,786.184814,-0.00263588,0.00648529,
40210,802.448545,-0.00265346,0.0065162,
40210,764.970003,-0.00253516,0.00620255,
40210,710.667487,-0.00237234,0.00576503,
40210,623.118006,-0.00212527,0.00511549,
40210,516.778828,-0.00185623,0.00439332,
40210,413.912838,-0.00159069,0.00369671,
40210,303.782245,-0.00129696,0.00293028,
40210,203.48139,-0.00106067,0.00233441,
40210,136.248692,-0.000903108,0.00191616,
40210,87.429037,-0.000800975,0.00166803,
40210,84.815855,-0.000817552,0.00171813,
40210,112.203551,-0.000908202,0.00194444,
40210,173.973194,-0.00108569,0.00240544,
40210,259.754194,-0.0013179,0.0029963,
40210,358.359664,-0.00158562,0.00370045,
40210,469.340467,-0.00186647,0.00442642,
40410,574.33189,-0.00215899,0.00512444,
40410,679.671326,-0.00241622,0.00580877,
40410,749.025091,-0.00257117,0.00621341,
40410,784.774357,-0.00265393,0.00644243,
40410,801.434175,-0.0026614,0.00646766,
40410,765.07627,-0.00254763,0.00615491,
40410,708.923741,-0.00238502,0.00572603,
40410,623.741116,-0.00214547,0.00506009,
40410,515.252453,-0.00187312,0.00434739,
40410,413.439469,-0.00160209,0.00364254,
40410,301.594125,-0.00131447,0.00288777,
40410,203.819509,-0.00107896,0.00229514,
40410,135.456526,-0.000902861,0.00186101,
40410,88.032822,-0.000821051,0.00164102,
40410,85.76742,-0.000825817,0.00167596,
40410,112.411253,-0.000926312,0.00190889,
40410,173.668886,-0.00109549,0.00236239,
40410,259.894272,-0.00133385,0.00296613,
40410,360.509143,-0.0016011,0.00367558,
40410,466.408477,-0.00187104,0.00438371,
40610,578.814414,-0.00213955,0.00515996,
40610,678.912966,-0.0023765,0.00580478,
40610,747.841661,-0.0025259,0.00621932,
40610,787.228165,-0.00262073,0.00646743,
40610,802.008985,-0.00262489,0.00646311,
40610,762.685257,-0.0025048,0.00615372,
40610,710.749603,-0.00236084,0.00573671,
40610,620.958857,-0.00210446,0.00505821,
40610,515.436005,-0.00183191,0.00434221,
40610,411.734376,-0.00156835,0.00365134,
40610,300.734334,-0.0012713,0.00287264,
40610,201.249799,-0.00103308,0.00228567,
40610,135.234333,-0.000874768,0.00187175,
40610,86.380866,-0.000781474,0.00162679,
40610,85.24575,-0.000803807,0.00168784,
40610,112.899111,-0.0008893,0.00190739,
40610,173.73168,-0.00107391,0.00237565,
40610,258.107067,-0.00130153,0.00295808,
40610,361.050136,-0.0015711,0.00366991,
40610,467.954172,-0.00184765,0.00440086,
40810,579.118724,-0.00210594,0.00522256,
40810,679.473283,-0.00236142,0.00587706,
40810,749.797943,-0.00251661,0.00628723,
40810,786.107528,-0.00260187,0.00651265,
40810,801.883396,-0.00261643,0.00654016,
40810,763.105496,-0.00249168,0.00621401,
40810,707.349057,-0.00233094,0.00577704,
40810,622.374138,-0.00208996,0.0051358,
40810,513.885478,-0.00181331,0.00439651,
40810,411.212704,-0.0015474,0.00370787,
40810,300.372063,-0.00125184,0.00292833,
40810,201.491313,-0.00102115,0.00234775,
40810,135.987857,-0.000865617,0.00193351,
40810,86.747967,-0.000768886,0.0016884,
40810,85.40998,-0.000794295,0.00174468,
40810,115.410857,-0.000885968,0.00197755,
40810,173.615753,-0.00106699,0.00242784,
40810,260.638136,-0.00130151,0.00302793,
40810,360.489822,-0.00156963,0.00373739,
40810,471.171149,-0.00185378,0.00447158,
41010,579.365069,-0.00215565,0.00518704,
41010,681.975388,-0.00240919,0.00585163,
41010,749.343892,-0.00254883,0.00625516,
41010,788.334311,-0.00264138,0.00648846,
41010,803.124792,-0.00264315,0.00648874,
41010,762.699748,-0.00252188,0.00617585,
41010,708.522825,-0.0023748,0.00575531,
41010,621.992544,-0.00211371,0.00508417,
41010,510.576723,-0.00184544,0.00434411,
41010,412.236726,-0.00158115,0.00367859,
41010,299.835901,-0.00128493,0.00288209,
41010,200.728128,-0.00105996,0.0023151,
41010,136.026499,-0.000897663,0.00190111,
41010,86.574077,-0.000794062,0.00164795,
41010,84.366639,-0.000822005,0.00171137,
41010,115.536445,-0.000914246,0.00194658,
41010,173.886249,-0.00109524,0.00239678,
41010,259.609285,-0.00132351,0.00299771,
41010,365.078597,-0.00160668,0.00373396,
41010,470.248562,-0.00186873,0.00441969,
41210,579.278124,-0.00216145,0.00522285,
41210,681.598623,-0.00240818,0.00587351,
41210,751.102131,-0.00256759,0.00628318,
41210,785.880503,-0.00264928,0.00651064,
41210,802.429224,-0.00265186,0.00652031,
41210,762.627293,-0.00253193,0.00619358,
41210,707.126862,-0.0023818,0.00578385,
41210,620.804287,-0.00212639,0.00510196,
41210,510.605704,-0.00184818,0.0043587,
41210,410.594427,-0.00159423,0.00369904,
41210,300.990339,-0.00129371,0.00291421,
41210,198.689749,-0.00105802,0.00232191,
41210,135.00248,-0.000904587,0.00193123,
41210,87.796139,-0.000809026,0.00168439,
41210,84.777213,-0.000830974,0.00173575,
41210,113.855507,-0.000920173,0.00197128,
41210,177.716663,-0.00110555,0.00244466,
41210,261.517248,-0.0013399,0.00302227,
41210,361.62011,-0.00161324,0.00374488,
41210,473.344783,-0.00188842,0.00446736,
41410,580.422907,-0.00215114,0.00515743,
41410,681.617944,-0.00240155,0.00581761,
41410,753.208154,-0.0025449,0.00622127,
41410,785.233238,-0.0026289,0.00642727,
41410,801.052579,-0.00263968,0.00645417,
41410,764.694674,-0.00252381,0.00614039,
41410,704.581283,-0.00234942,0.00568346,
41410,620.736663,-0.00210537,0.00504999,
41410,511.354401,-0.00182601,0.00430114,
41410,408.98594,-0.00156591,0.0036153,
41410,299.47846,-0.00127002,0.00285358,
41410,199.308025,-0.00103928,0.00225446,
41410,133.186294,-0.000881645,0.0018565,
41410,88.660759,-0.000786532,0.00162254,
41410,84.468075,-0.000805377,0.00166272,
41410,116.270648,-0.000907451,0.00192219,
41410,177.132198,-0.00107958,0.00236576,
41410,260.947274,-0.00131411,0.00297138,
41410,365.547135,-0.00159228,0.00369582,
41410,472.673371,-0.00186127,0.00439973,
41610,583.243806,-0.00218291,0.00522151,
41610,682.555026,-0.00242871,0.0058634,
41610,752.86037,-0.00257591,0.0062754,
41610,787.14605,-0.00266259,0.00649798,
41610,801.931699,-0.00265619,0.00650247,
41610,760.796599,-0.00253272,0.00616962,
41610,707.735482,-0.00238178,0.00575271,
41610,619.302061,-0.00212877,0.00507728,
41610,510.513929,-0.00185453,0.00434966,
41610,409.232285,-0.00159489,0.00366343,
41610,297.802351,-0.00129674,0.00288387,
41610,199.008548,-0.0010691,0.00231041,
41610,134.567754,-0.000910825,0.00190547,
41610,87.206844,-0.000812615,0.00166382,
41610,84.878649,-0.000841754,0.00171887,
41610,115.821431,-0.000928269,0.00196377,
41610,175.576848,-0.00111774,0.00242156,
41610,261.270903,-0.00134794,0.00302333,
41610,365.155881,-0.00163231,0.00374352,
41610,473.190213,-0.00188968,0.00446237,
41810,583.586757,-0.00214288,0.00522338,
41810,681.130082,-0.00239504,0.00588784,
41810,755.096812,-0.00254734,0.00629578,
41810,785.093159,-0.00260635,0.00648496,
41810,800.521242,-0.00262836,0.0065264,
41810,765.767007,-0.00250958,0.00619324,
41810,704.001644,-0.00234578,0.00573561,
41810,616.447347,-0.00209364,0.00509647,
41810,511.615237,-0.00182605,0.00437288,
41810,405.34873,-0.00155422,0.00365537,
41810,297.633291,-0.00126376,0.00291116,
41810,199.090663,-0.00103404,0.00231062,
41810,131.766191,-0.000867805,0.00191581,
41810,89.167938,-0.00078052,0.00169617,
41810,82.304109,-0.000789397,0.0017273,
41810,114.285402,-0.000901419,0.0019837,
41810,180.547208,-0.00108463,0.00245491,
41810,263.782651,-0.00129896,0.00303598,
41810,365.180033,-0.00158541,0.00376478,
41810,476.170506,-0.00185921,0.00448731,
42010,581.939623,-0.0021504,0.00525979,
42010,686.477245,-0.00239894,0.00590909,
42010,750.382413,-0.00254333,0.00630127,
42010,788.522694,-0.00263577,0.00653963,
42010,802.501679,-0.00262988,0.00652317,
42010,759.352331,-0.00250734,0.00619768,
42010,706.05453,-0.00235883,0.00577433,
42010,617.514846,-0.00208939,0.00508976,
42010,508.108439,-0.00181538,0.00436616,
42010,408.150299,-0.0015595,0.00368319,
42010,295.546607,-0.00126154,0.0029037,
42010,197.569124,-0.00103378,0.00232892,
42010,132.674284,-0.00088121,0.00192558,
42010,85.76259,-0.000783141,0.0016869,
42010,85.690136,-0.000811711,0.00175717,
42010,115.879395,-0.000901516,0.00198893,
42010,177.132198,-0.00108582,0.0024638,
42010,265.719595,-0.00131991,0.00306629,
42010,365.281469,-0.00159131,0.00378185,
42010,475.344526,-0.00187641,0.00450004,
42210,584.982716,-0.0020924,0.00524034,
42210,682.970433,-0.00234591,0.00588828,
42210,754.256335,-0.00250194,0.00630468,
42210,786.822418,-0.00256868,0.00650579,
42210,802.834972,-0.00257939,0.00651873,
42210,762.004181,-0.00244816,0.00617871,
42210,704.219008,-0.00228899,0.00575701,
42210,617.74187,-0.00204487,0.00507442,
42210,508.422409,-0.00177211,0.00435147,
42210,405.773795,-0.00150099,0.00365281,
42210,294.24243,-0.00120397,0.00287875,
42210,195.989621,-0.000976662,0.00230186,
42210,132.741908,-0.000822405,0.00190918,
42210,86.636871,-0.000732508,0.00167249,
42210,85.395489,-0.000758285,0.00173307,
42210,115.048586,-0.000851931,0.0019759,
42210,177.934025,-0.00103795,0.00244713,
42210,265.883825,-0.00127809,0.00305565,
42210,367.344003,-0.00155141,0.00376692,
42210,475.615022,-0.00182472,0.00447988,
42410,583.219654,-0.00215882,0.00514465,
42410,686.25505,-0.00241001,0.00580305,
42410,754.633101,-0.00255866,0.00619947,
42410,786.213796,-0.00263526,0.00640533,
42410,803.033016,-0.00263771,0.00641862,
42410,760.951169,-0.00251987,0.00608242,
42410,703.291587,-0.0023589,0.00563937,
42410,615.196297,-0.00211,0.00497243,
42410,508.209876,-0.00182971,0.00423882,
42410,404.86087,-0.00156721,0.00356241,
42410,294.24243,-0.00126739,0.00277641,
42410,196.337401,-0.0010456,0.00220073,
42410,132.297522,-0.000880241,0.00179318,
42410,85.608021,-0.000801852,0.00157588,
42410,85.603191,-0.000821394,0.00163231,
42410,117.236704,-0.000921995,0.00187961,
42410,179.368619,-0.00110388,0.00235181,
42410,265.917637,-0.0013357,0.00295417,
42410,369.024943,-0.00161817,0.00367882,
42410,475.851707,-0.00188479,0.00438054,
42610,585.122795,-0.00218823,0.00523456,
42610,686.351656,-0.00241966,0.00586951,
42610,754.362602,-0.00257391,0.00627711,
42610,788.715908,-0.00265207,0.00649149,
42610,801.893057,-0.00264428,0.00647748,
42610,762.661106,-0.00253311,0.00616099,
42610,703.537933,-0.00236347,0.00569972,
42610,613.684409,-0.00211726,0.00504575,
42610,511.156359,-0.00184257,0.00432526,
42610,404.329538,-0.00157085,0.00361669,
42610,292.21371,-0.0012856,0.00285169,
42610,197.274476,-0.00105415,0.00228585,
42610,131.92076,-0.000892904,0.00186403,
42610,85.781911,-0.000809778,0.00165483,
42610,86.27943,-0.000841524,0.00172475,
42610,116.362423,-0.000925614,0.00195532,
42610,180.899819,-0.00111437,0.00244189,
42610,267.550273,-0.00134172,0.00303967,
42610,368.710975,-0.0016211,0.00375152,
42610,477.68722,-0.00188824,0.00446892,
42810,587.180506,-0.00218478,0.0052662,
42810,687.395005,-0.00242506,0.00590742,
42810,752.676818,-0.00256449,0.00629568,
42810,788.247366,-0.00265342,0.00652826,
42810,802.728705,-0.00264537,0.00650899,
42810,758.990056,-0.0025233,0.00617946,
42810,704.064438,-0.0023578,0.00574044,
42810,614.283368,-0.00209982,0.00505377,
42810,506.441986,-0.00183306,0.00434055,
42810,404.397162,-0.00156896,0.00364606,
42810,292.585642,-0.00127066,0.00287917,
42810,196.250456,-0.00104331,0.00229982,
42810,129.911363,-0.000884187,0.00189147,
42810,85.58387,-0.000792461,0.00168567,
42810,86.168334,-0.000828396,0.00174615,
42810,115.816601,-0.000914015,0.00198766,
42810,181.411829,-0.00111426,0.00247837,
42810,265.12064,-0.00133611,0.00306091,
42810,370.179383,-0.00162666,0.00380088,
42810,478.851321,-0.0018942,0.0045102,
43010,585.441595,-0.00218388,0.00525675,
43010,687.820073,-0.00243189,0.00590586,
43010,754.265996,-0.00256502,0.00629776,
43010,787.088086,-0.00265029,0.00650869,
43010,802.878445,-0.00265395,0.00650382,
43010,759.081832,-0.00253136,0.00616339,
43010,701.315986,-0.00236224,0.00572727,
43010,614.143289,-0.00211102,0.00504436,
43010,503.77083,-0.00183785,0.00432342,
43010,406.029801,-0.00157415,0.00363841,
43010,291.175198,-0.00127731,0.0028611,
43010,196.057245,-0.00105232,0.00230123,
43010,129.505619,-0.000890587,0.00187733,
43010,85.617682,-0.000806695,0.00167893,
43010,87.061936,-0.000834702,0.00174231,
43010,117.768035,-0.000933819,0.00199248,
43010,181.035067,-0.00111599,0.00245854,
43010,267.695182,-0.0013562,0.00306078,
43010,368.826901,-0.00163129,0.00378953,
43010,478.624297,-0.00190421,0.00450262,
43210,587.344736,-0.00216411,0.005299,
43210,685.631939,-0.00240511,0.00594526,
43210,756.478286,-0.00255924,0.00635208,
43210,787.711199,-0.00262634,0.00653687,
43210,798.593939,-0.0026245,0.00652702,
43210,762.351965,-0.00251097,0.00622384,
43210,701.702412,-0.00234285,0.00574453,
43210,611.945498,-0.002085,0.005083,
43210,506.335719,-0.0018155,0.00435808,
43210,401.180188,-0.00155481,0.00365753,
43210,292.112274,-0.0012605,0.00290102,
43210,194.207247,-0.00102729,0.00232091,
43210,128.771416,-0.000868874,0.00191133,
43210,87.003972,-0.000789417,0.00171653,
43210,85.569379,-0.00080597,0.00176229,
43210,117.618296,-0.000913899,0.00203024,
43210,181.846554,-0.00109432,0.00249718,
43210,268.100926,-0.00133177,0.00310195,
43210,372.068026,-0.00160824,0.00383599,
43210,478.450407,-0.00188422,0.00453865,
43410,588.619938,-0.00220268,0.00527908,
43410,688.056759,-0.00244445,0.00592626,
43410,756.560401,-0.00259852,0.00631156,
43410,787.261978,-0.00266846,0.00650846,
43410,800.076851,-0.00267055,0.00650314,
43410,761.878592,-0.00254639,0.00618568,
43410,700.765329,-0.00238487,0.00571823,
43410,610.481914,-0.00213453,0.00504534,
43410,505.311696,-0.00185226,0.00433057,
43410,402.315307,-0.00159064,0.0036222,
43410,288.764886,-0.00129307,0.00285744,
43410,195.178134,-0.00107917,0.00229901,
43410,129.18199,-0.000912377,0.001876,
43410,84.071992,-0.000837104,0.00167822,
43410,87.066766,-0.000855569,0.00174584,
43410,119.975474,-0.000963418,0.00199757,
43410,180.682456,-0.00114426,0.00245747,
43410,268.835129,-0.00139303,0.00309053,
43410,372.019723,-0.00165832,0.00379596,
43410,478.643618,-0.00193351,0.00451159,
43610,589.209235,-0.00218632,0.00525225,
43610,688.433524,-0.00243164,0.00589597,
43610,754.797332,-0.00256636,0.00627932,
43610,787.802975,-0.00265283,0.00649448,
43610,800.434296,-0.00264821,0.00647029,
43610,759.690454,-0.00252446,0.00614592,
43610,699.644695,-0.00235899,0.00568091,
43610,610.520557,-0.0021075,0.00500587,
43610,502.587407,-0.00183094,0.00428191,
43610,401.315436,-0.00156987,0.00359817,
43610,288.006531,-0.00127628,0.00282261,
43610,193.270172,-0.00104915,0.00225413,
43610,129.35588,-0.000893933,0.00186493,
43610,86.27943,-0.000807229,0.00164624,
43610,84.04301,-0.000829145,0.00169955,
43610,118.88866,-0.000938359,0.00197594,
43610,181.416659,-0.0011338,0.0024491,
43610,269.066983,-0.00136018,0.00305023,
43610,373.063066,-0.0016463,0.00378173,
43610,482.382269,-0.00191409,0.00449358,
43810,589.426599,-0.00217272,0.00527583,
43810,690.225572,-0.0024202,0.00592203,
43810,756.188466,-0.00256056,0.00630131,
43810,788.189402,-0.00264914,0.00651657,
43810,800.762759,-0.00263051,0.00648582,
43810,758.685746,-0.00251348,0.00616493,
43810,700.311279,-0.00234383,0.00571037,
43810,608.675378,-0.00209111,0.00501971,
43810,503.650073,-0.00181917,0.00430215,
43810,399.924312,-0.00155854,0.00360594,
43810,287.615278,-0.00125801,0.00285252,
43810,193.163906,-0.00104034,0.00227883,
43810,127.11463,-0.000879907,0.00187244,
43810,85.772251,-0.000796465,0.0016751,
43810,87.008803,-0.000825045,0.001743,
43810,120.2508,-0.000931189,0.00199903,
43810,182.049426,-0.00111811,0.00247839,
43810,269.622465,-0.00135331,0.00308561,
43810,373.410846,-0.00162532,0.00380934,
43810,481.865427,-0.00189895,0.00452464,
44010,592.464862,-0.00224717,0.00527534,
44010,690.510561,-0.00247567,0.00589955,
44010,755.444596,-0.0026191,0.00629765,
44010,789.75926,-0.00270821,0.00650945,
44010,799.714576,-0.00268965,0.00647171,
44010,757.386387,-0.00256505,0.00614487,
44010,700.253315,-0.00240514,0.00569533,
44010,609.01833,-0.00214113,0.00500766,
44010,500.080482,-0.00186927,0.00428542,
44010,401.262303,-0.00161134,0.0036043,
44010,288.953267,-0.00132354,0.002829,
44010,192.106074,-0.00108547,0.0022587,
44010,127.786039,-0.000936842,0.00186531,
44010,84.868988,-0.000851519,0.00165915,
44010,86.27943,-0.000884067,0.0017372,
44010,119.178477,-0.000985367,0.00198561,
44010,182.030105,-0.00116589,0.00245785,
44010,271.90719,-0.00140961,0.00308805,
44010,376.642311,-0.00169003,0.00381032,
44010,479.136309,-0.00195323,0.00450126,
44210,592.517996,-0.00220417,0.00531241,
44210,690.583016,-0.0024499,0.00594579,
44210,756.719802,-0.00258561,0.00633019,
44210,787.58561,-0.00266506,0.00653345,
44210,800.110663,-0.00265146,0.00651313,
44210,757.743832,-0.00252993,0.0061698,
44210,699.475634,-0.0023649,0.00572015,
44210,607.936341,-0.00210737,0.00503658,
44210,503.374746,-0.00183339,0.00431882,
44210,398.818175,-0.00156747,0.00361647,
44210,288.093476,-0.00127794,0.00285591,
44210,191.893541,-0.00105345,0.00229119,
44210,127.921287,-0.000889505,0.00189091,
44210,86.033086,-0.000819907,0.00169499,
44210,87.110239,-0.000846856,0.00176163,
44210,120.444011,-0.000948938,0.00202833,
44210,185.54655,-0.00113868,0.00250163,
44210,272.438521,-0.00137726,0.0031213,
44210,375.072466,-0.00164933,0.00383021,
44210,482.40642,-0.00192392,0.00455406,
44410,592.479353,-0.00219132,0.00530499,
44410,693.268673,-0.00243019,0.00593766,
44410,754.546155,-0.00256451,0.00630656,
44410,789.387324,-0.00265761,0.00654875,
44410,801.907548,-0.00263386,0.00649803,
44410,755.323837,-0.0025096,0.00614352,
44410,700.852275,-0.00235355,0.00571967,
44410,609.520682,-0.00208503,0.00501271,
44410,496.423945,-0.00180785,0.00428566,
44410,401.262303,-0.00155463,0.00362204,
44410,286.707184,-0.00124981,0.00283121,
44410,190.545893,-0.00103145,0.00227268,
44410,130.167368,-0.000882775,0.00189631,
44410,83.989877,-0.000794105,0.00166456,
44410,84.632304,-0.000826756,0.00175333,
44410,123.35184,-0.000934056,0.00203473,
44410,183.841461,-0.00110822,0.00247625,
44410,272.91672,-0.00135748,0.00311423,
44410,378.279779,-0.00164339,0.00384941,
44410,482.517517,-0.00189978,0.00454539,
44610,593.329488,-0.00211637,0.00532535,
44610,690.882495,-0.00235762,0.00595198,
44610,757.188344,-0.00250159,0.00634324,
44610,789.686805,-0.00256997,0.0065395,
44610,800.023717,-0.00255947,0.00650489,
44610,757.188344,-0.0024377,0.00617881,
44610,699.707489,-0.00227172,0.00571323,
44610,607.105528,-0.00200738,0.00501872,
44610,498.795622,-0.00174544,0.00431412,
44610,399.127314,-0.00148243,0.00361308,
44610,286.209665,-0.00118128,0.0028499,
44610,189.164432,-0.000959173,0.00228922,
44610,129.365541,-0.000809735,0.00189947,
44610,84.680607,-0.000754221,0.0017731,
44610,122.197403,-0.000864716,0.00203529,
44610,185.358169,-0.00104429,0.0025065,
44610,273.752359,-0.00129008,0.00313543,
44610,375.932258,-0.00155687,0.00384244,
44610,484.391673,-0.00183915,0.00457542,
44810,593.459906,-0.00220743,0.00531636,
44810,692.1577,-0.00245639,0.0059605,
44810,759.173609,-0.00259856,0.00633731,
44810,788.662774,-0.00266048,0.00653456,
44810,800.748268,-0.00265816,0.00651257,
44810,757.159362,-0.00253209,0.0061756,
44810,696.925225,-0.00235826,0.00569503,
44810,605.303822,-0.00209901,0.00502538,
44810,500.549021,-0.00183586,0.00430639,
44810,396.369218,-0.00157018,0.00359937,
44810,284.378986,-0.00127729,0.00284969,
44810,190.314039,-0.00103898,0.00227277,
44810,124.438654,-0.000892442,0.00187614,
44810,85.429301,-0.000818994,0.00169691,
44810,86.347054,-0.000840468,0.00176497,
44810,119.898189,-0.000945095,0.00203594,
44810,185.126316,-0.00114242,0.00251401,
44810,274.008364,-0.00137537,0.00313969,
44810,377.13017,-0.00165444,0.00384964,
44810,484.212952,-0.00192751,0.0045768,
45010,592.798154,-0.00220259,0.00531352,
45010,694.176773,-0.00242959,0.00595652,
45010,759.183269,-0.00257137,0.00634022,
45010,788.672435,-0.00264705,0.00651858,
45010,799.072142,-0.00262755,0.00649072,
45010,758.956244,-0.00251885,0.00616442,
45010,696.949376,-0.00234041,0.00569278,
45010,606.709442,-0.00208896,0.00501654,
45010,498.901889,-0.0018106,0.00428894,
45010,397.030968,-0.00154947,0.00359247,
45010,283.466063,-0.00125247,0.00283038,
45010,190.975788,-0.000874411,0.00187336,
45010,84.482566,-0.000805328,0.00168845,
45010,88.496529,-0.000828038,0.00175666,
45010,120.94153,-0.000946571,0.00203169,
45010,185.947464,-0.00112503,0.00250991,
45010,274.872985,-0.00137176,0.00312907,
45010,377.579387,-0.00164658,0.00385522,
45010,487.883978,-0.00191275,0.0045674,
45210,594.261737,-0.00223505,0.00535025,
45210,693.21554,-0.00246853,0.0059828,
45210,759.130136,-0.002618,0.0063649,
45210,790.889557,-0.00268593,0.00656047,
45210,797.89354,-0.00267029,0.00650573,
45210,757.937045,-0.00254874,0.00618507,
45210,697.30199,-0.0023743,0.00571066,
45210,602.478092,-0.00211618,0.00501329,
45210,499.89693,-0.0018426,0.00431695,
45210,395.258251,-0.00156998,0.00359806,
45210,281.162016,-0.0012757,0.00284106,
45210,188.889106,-0.00105803,0.00228428,
45210,124.998966,-0.000898379,0.00188013,
45210,84.526038,-0.00082945,0.00169396,
45210,89.037521,-0.000857518,0.00178409,
45210,120.724167,-0.000953609,0.00203555,
45210,187.517305,-0.00115813,0.00252773,
45210,275.201444,-0.00138982,0.00314412,
45210,380.226386,-0.00166733,0.00386503,
45210,486.864785,-0.00194007,0.0045874,
45410,596.440206,-0.00207127,0.00533543,
45410,694.89166,-0.00231752,0.00597381,
45410,758.424908,-0.00244946,0.00633746,
45410,788.116947,-0.00252504,0.00650975,
45410,753.478652,-0.00237856,0.00614922,
45410,696.659557,-0.00222479,0.0056945,
45410,604.569615,-0.00196355,0.00500364,
45410,497.211284,-0.00169382,0.00428343,
45410,395.040888,-0.00142932,0.00358486,
45410,282.050789,-0.00112772,0.00282186,
45410,189.12579,-0.000920203,0.00227219,
45410,125.438522,-0.000764639,0.00186747,
45410,82.347581,-0.000687189,0.00168281,
45410,89.119636,-0.000726565,0.00177067,
45410,119.936831,-0.000830495,0.00202635,
45410,189.570176,-0.0010252,0.00253418,
45410,274.423769,-0.00126192,0.00312387,
45410,380.018683,-0.00154855,0.00387564,
45410,488.072359,-0.0018151,0.00458344,
45610,596.483679,-0.00225996,0.00532464,
45610,697.615961,-0.00250111,0.00596174,
45610,756.54108,-0.00262892,0.00629929,
45610,789.406645,-0.00272341,0.00653669,
45610,802.912257,-0.00269235,0.0064733,
45610,752.985959,-0.00255771,0.00612053,
45610,696.24415,-0.00240039,0.0056792,
45610,604.221833,-0.00213714,0.00496989,
45610,493.59339,-0.00186217,0.00425371,
45610,396.692847,-0.00159412,0.00357084,
45610,280.698309,-0.00130123,0.00278758,
45610,188.942239,-0.00109491,0.00225631,
45610,125.023118,-0.000937162,0.00185491,
45610,83.086614,-0.000851633,0.00166659,
45610,88.936085,-0.000889525,0.00175369,
45610,122.274688,-0.00099172,0.00202349,
45610,186.74446,-0.00118589,0.00250265,
45610,278.544002,-0.00142924,0.00313507,
45610,380.989572,-0.00170112,0.00385404,
45610,487.632802,-0.00197401,0.00457332,
45810,596.604436,-0.00208739,0.00535615,
45810,696.973528,-0.00232065,0.005989,
45810,757.830777,-0.00246443,0.00634983,
45810,790.445167,-0.00254239,0.0065656,
45810,800.419805,-0.00251573,0.00649579,
45810,753.797454,-0.00238676,0.0061673,
45810,697.00251,-0.00222626,0.00570267,
45810,600.275471,-0.00195795,0.00499237,
45810,494.453184,-0.00168181,0.0042861,
45810,396.156685,-0.00142824,0.00359668,
45810,280.949484,-0.00112806,0.00282471,
45810,186.7348,-0.000909769,0.00226978,
45810,125.327425,-0.000760302,0.00189045,
45810,84.521208,-0.000683889,0.00169186,
45810,87.936217,-0.000724185,0.00178456,
45810,123.013721,-0.000826098,0.0020607,
45810,186.647855,-0.00101158,0.00253422,
45810,278.205882,-0.00125866,0.00317146,
45810,383.636571,-0.00153774,0.00388776,
45810,487.966093,-0.00181036,0.00461019,
46010,600.859938,-0.0022195,0.00539361,
46010,693.080291,-0.002442,0.0059966,
46010,757.144871,-0.0025931,0.00638289,
46010,792.101971,-0.00265932,0.00659039,
46010,796.980607,-0.00262717,0.00650244,
46010,754.710386,-0.00251527,0.00619453,
46010,696.374568,-0.00233672,0.00571712,
46010,598.894002,-0.0020702,0.00501668,
46010,493.714148,-0.00180365,0.00430786,
46010,393.398589,-0.00153126,0.00360979,
46010,279.340999,-0.00124037,0.0028493,
46010,187.469003,-0.00102929,0.0023139,
46010,124.235782,-0.000869191,0.00191189,
46010,84.149276,-0.000795765,0.00172422,
46010,87.863762,-0.000828692,0.00181305,
46010,123.091005,-0.000934387,0.00209047,
46010,189.599157,-0.00112711,0.00257746,
46010,276.626379,-0.00136352,0.00319888,
46010,383.46268,-0.00164736,0.00394013,
46010,488.280062,-0.0019061,0.00463771,
46210,597.527025,-0.0021793,0.00536905,
46210,697.29716,-0.00240762,0.00599277,
46210,759.313688,-0.00254818,0.00635048,
46210,789.068522,-0.00261785,0.00654092,
46210,798.90308,-0.00260317,0.00649172,
46210,755.613657,-0.00247744,0.0061477,
46210,695.075212,-0.00230522,0.00568405,
46210,600.154713,-0.00203517,0.00497695,
46210,493.810754,-0.00177278,0.0042766,
46210,392.292452,-0.00150616,0.00357037,
46210,279.070503,-0.00121501,0.00282056,
46210,187.150204,-0.000992518,0.00226517,
46210,123.433955,-0.000839565,0.00188075,
46210,84.796534,-0.000770069,0.00169172,
46210,88.105277,-0.000799166,0.00178288,
46210,123.115157,-0.000905909,0.00206076,
46210,188.927748,-0.00109623,0.00254411,
46210,278.597135,-0.001339,0.00316627,
46210,384.568817,-0.00162602,0.0039017,
46210,490.492339,-0.00188572,0.00460576,
46410,599.63304,-0.00226993,0.00535202,
46410,699.243778,-0.00250929,0.00597604,
46410,758.922432,-0.00263698,0.00632852,
46410,789.783411,-0.00271992,0.00653999,
46410,802.680401,-0.00269429,0.00647642,
46410,753.420688,-0.002564,0.00612318,
46410,693.722723,-0.00239419,0.00566104,
46410,598.464105,-0.00212298,0.0049562,
46410,494.356578,-0.00185362,0.00424181,
46410,391.707987,-0.00159499,0.00354503,
46410,278.626117,-0.00130117,0.00278658,
46410,184.86548,-0.00108838,0.00224826,
46410,122.762546,-0.000927127,0.00184266,
46410,80.111161,-0.000858479,0.001661,
46410,90.008407,-0.000899629,0.00176385,
46410,122.501711,-0.00100968,0.00203176,
46410,188.005164,-0.00119786,0.00251644,
46410,281.432512,-0.00144478,0.00315644,
46410,384.419078,-0.00171542,0.00387292,
46410,489.888552,-0.00199201,0.00459812,
46610,601.082132,-0.00218898,0.005406,
46610,694.959285,-0.00241517,0.0060132,
46610,761.5453,-0.00255384,0.00639764,
46610,790.387203,-0.00262748,0.00658911,
46610,797.753461,-0.00259609,0.00651169,
46610,752.498096,-0.00246846,0.0061763,
46610,693.911105,-0.00230667,0.00571076,
46610,599.227294,-0.00203384,0.00500741,
46610,491.183072,-0.00175673,0.00428294,
46610,389.800022,-0.00149586,0.00358963,
46610,277.983689,-0.00119911,0.00283037,
46610,184.942765,-0.000984499,0.00229459,
46610,123.733433,-0.000838192,0.00190435,
46610,82.038443,-0.000759273,0.00171326,
46610,89.235562,-0.000795572,0.00181622,
46610,122.554844,-0.00091104,0.00209552,
46610,190.120828,-0.00134066,0.00320619,
46610,386.747278,-0.00162718,0.00394171,
46610,489.593903,-0.00188635,0.00463475,
46810,599.884216,-0.00214951,0.00538575,
46810,699.920023,-0.0023792,0.00601052,
46810,759.999595,-0.00251485,0.00635382,
46810,792.227559,-0.00259187,0.00656648,
46810,799.115615,-0.00256863,0.00649597,
46810,753.140529,-0.00243911,0.00614608,
46810,692.215663,-0.002267,0.00567213,
46810,599.265936,-0.00201023,0.00498653,
46810,491.028502,-0.00172629,0.00424614,
46810,390.138142,-0.00146966,0.00356547,
46810,277.032123,-0.00117901,0.00280174,
46810,183.358432,-0.000958935,0.00224947,
46810,122.535523,-0.00081679,0.00187519,
46810,83.931913,-0.000744954,0.00169447,
46810,87.776817,-0.000786605,0.00179411,
46810,124.984475,-0.000893982,0.0020654,
46810,191.053072,-0.00108654,0.0025599,
46810,281.364888,-0.00132941,0.0031834,
46810,385.298191,-0.00160569,0.00391538,
46810,492.057356,-0.00188686,0.00463569,
47010,602.850025,-0.00215901,0.00543699,
47010,698.224581,-0.00238236,0.00604587,
47010,761.641906,-0.0025294,0.00641944,
47010,793.290233,-0.00259084,0.00661324,
47010,795.961407,-0.00255786,0.00652202,
47010,754.700725,-0.00244817,0.00620618,
47010,694.254058,-0.00226561,0.00571803,
47010,597.676765,-0.00199399,0.00500485,
47010,491.231374,-0.00171804,0.00429476,
47010,388.44271,-0.00145883,0.00360155,
47010,275.312541,-0.00116358,0.00284392,
47010,186.029579,-0.000949386,0.00230386,
47010,119.980304,-0.000790768,0.00190163,
47010,83.086614,-0.000726483,0.00174394,
47010,90.404491,-0.000761569,0.00182813,
47010,122.83017,-0.000869955,0.00211101,
47010,193.004506,-0.00106678,0.0026125,
47010,280.524419,-0.00129789,0.00322412,
47010,386.471951,-0.00158265,0.00396556,
47010,495.264674,-0.00185652,0.00468668,
47210,602.685795,-0.00223782,0.00541239,
47210,700.403055,-0.00246429,0.00603239,
47210,761.704701,-0.00259656,0.00638538,
47210,791.995703,-0.00267039,0.00658733,
47210,798.217173,-0.00263597,0.00649787,
47210,751.309835,-0.00250882,0.00616241,
47210,691.196466,-0.0023436,0.00568777,
47210,596.387072,-0.00207358,0.00497949,
47210,490.564793,-0.00180431,0.00427013,
47210,390.070518,-0.00154624,0.00356957,
47210,274.95027,-0.0012448,0.00280628,
47210,184.633627,-0.00103842,0.00227639,
47210,121.477691,-0.000873109,0.00188807,
47210,82.081916,-0.00081196,0.00171206,
47210,90.452793,-0.000855086,0.00182119,
47210,125.322595,-0.000960467,0.00209772,
47210,192.941713,-0.00115053,0.00258236,
47210,282.4034,-0.00139657,0.00321959,
47210,389.11412,-0.00168259,0.00395064,
47210,492.409967,-0.00195072,0.00466968,
47410,602.893498,-0.00224958,0.00535176,
47410,702.093668,-0.00246873,0.00597151,
47410,761.680549,-0.00259792,0.00631415,
47410,789.739938,-0.00267754,0.00651061,
47410,801.120203,-0.00265252,0.0064439,
47410,752.217937,-0.00251276,0.00608744,
47410,690.186929,-0.00234531,0.00560551,
47410,597.333813,-0.00208647,0.00492185,
47410,490.01897,-0.00180724,0.00418746,
47410,386.491273,-0.00154734,0.00348804,
47410,276.215804,-0.00125439,0.00274644,
47410,182.406867,-0.00103472,0.00218776,
47410,119.927171,-0.000894132,0.0018158,
47410,85.144314,-0.000828885,0.00165101,
47410,88.757365,-0.000850471,0.00173371,
47410,122.960588,-0.000967662,0.00202684,
47410,195.926827,-0.00117385,0.00253868,
47410,279.316847,-0.00139976,0.00312074,
47410,390.297542,-0.00169781,0.0039,
47410,495.665589,-0.00195789,0.00459938,
47610,604.473009,-0.00224449,0.00536778,
47610,700.258146,-0.00247506,0.00598308,
47610,762.124939,-0.00260783,0.00634253,
47610,791.010316,-0.0026765,0.00652343,
47610,797.763121,-0.00265074,0.00645104,
47610,751.768717,-0.00252307,0.00609525,
47610,690.389803,-0.00234604,0.00562468,
47610,596.928067,-0.00207698,0.0049257,
47610,487.627972,-0.00180444,0.00418746,
47610,386.322212,-0.00153721,0.00350293,
47610,273.708886,-0.00124876,0.00274151,
47610,183.31496,-0.00104086,0.00220769,
47610,119.90785,-0.000885777,0.00182172,
47610,84.984915,-0.000828036,0.00166238,
47610,89.839348,-0.000868453,0.0017571,
47610,123.34701,-0.000964843,0.00203198,
47610,193.92226,-0.00117277,0.00253901,
47610,284.490083,-0.00141972,0.00316421,
47610,387.384876,-0.00169483,0.00390128,
47610,495.796007,-0.00196642,0.00461984,
47810,606.04286,-0.00215794,0.00542966,
47810,699.557749,-0.0023821,0.00603188,
47810,762.752882,-0.00251501,0.00639029,
47810,792.454585,-0.00258958,0.00658703,
47810,796.922643,-0.00255574,0.00648561,
47810,751.715583,-0.0024253,0.00615343,
47810,689.636273,-0.00224414,0.00565737,
47810,594.532234,-0.00197505,0.00496805,
47810,488.787244,-0.00172103,0.00424676,
47810,386.061377,-0.00144407,0.00353657,
47810,272.230819,-0.0011499,0.00278589,
47810,182.189504,-0.000947246,0.00225861,
47810,122.091137,-0.000794187,0.00186588,
47810,81.376695,-0.000725878,0.00170324,
47810,89.486737,-0.000767569,0.00180334,
47810,126.167894,-0.00088161,0.00208835,
47810,191.825918,-0.00107221,0.002581,
47810,285.736297,-0.00132579,0.00323821,
47810,389.089969,-0.00159516,0.00394371,
47810,497.969641,-0.00188207,0.00468498,
48010,604.79664,-0.0021899,0.00542119,
48010,701.22904,-0.00242189,0.00604756,
48010,764.216472,-0.00254625,0.00639037,
48010,790.111874,-0.00261854,0.00657403,
48010,799.154257,-0.00259059,0.00651013,
48010,750.720536,-0.00246019,0.00613663,
48010,688.249972,-0.00229012,0.00566075,
48010,596.174539,-0.00202523,0.00496947,
48010,486.913088,-0.0017469,0.00423343,
48010,386.100019,-0.00147972,0.00354458,
48010,271.351707,-0.0011826,0.00277756,
48010,180.894988,-0.000982775,0.00226037,
48010,119.791923,-0.000823292,0.00186434,
48010,80.628001,-0.000759697,0.0017095,
48010,88.989218,-0.000805303,0.00181562,
48010,125.168026,-0.000919805,0.00209652,
48010,194.666124,-0.00111493,0.00260121,
48010,283.717237,-0.00136045,0.00322869,
48010,390.703286,-0.00164137,0.00396503,
48010,497.249927,-0.00191694,0.00468455,
48210,607.545086,-0.00222577,0.00538074,
48210,704.122402,-0.00244782,0.0059799,
48210,759.709775,-0.00257847,0.0063053,
48210,792.792708,-0.00266438,0.00653013,
48210,798.89825,-0.00262195,0.00642866,
48210,748.170123,-0.00248588,0.0060701,
48210,690.022698,-0.00231652,0.00560457,
48210,593.450245,-0.00204797,0.00488588,
48210,485.773138,-0.0017764,0.00417334,
48210,386.829393,-0.00150642,0.00347302,
48210,270.057191,-0.00122052,0.00270927,
48210,182.223316,-0.00101618,0.00219941,
48210,121.062287,-0.000859044,0.00180833,
48210,81.318731,-0.000797219,0.00163704,
48210,89.950444,-0.000836901,0.00175426,
48210,129.070894,-0.000951063,0.00205109,
48210,194.231398,-0.00114191,0.00252578,
48210,286.567106,-0.00139964,0.00318112,
48210,392.316603,-0.00166835,0.00390571,
48210,496.303188,-0.00194324,0.00462127,
48410,607.578898,-0.00221659,0.00546521,
48410,705.730899,-0.00244376,0.00605991,
48410,759.555205,-0.00256857,0.00639935,
48410,792.52221,-0.00265128,0.00661458,
48410,796.845358,-0.00261032,0.0065003,
48410,746.735516,-0.00247468,0.00614989,
48410,689.249848,-0.00230963,0.00568485,
48410,590.614855,-0.0020333,0.00495775,
48410,484.874702,-0.00175773,0.00424673,
48410,386.467121,-0.00149834,0.00355147,
48410,268.632257,-0.00120249,0.00278121,
48410,179.755042,-0.00099696,0.00226831,
48410,121.666072,-0.000849095,0.00188073,
48410,80.826042,-0.000774564,0.00172282,
48410,87.771987,-0.000819866,0.00182127,
48410,128.027553,-0.000936971,0.0021272,
48410,196.409856,-0.00113147,0.002619,
48410,285.403007,-0.00138042,0.0032525,
48410,392.200676,-0.00165928,0.00399619,
48410,498.500974,-0.00193288,0.00469784,
48610,609.061803,-0.00218262,0.00544293,
48610,703.499291,-0.00241383,0.00604718,
48610,764.63188,-0.00253285,0.00639158,
48610,792.681611,-0.00260392,0.00658634,
48610,797.565078,-0.00257431,0.00647748,
48610,749.546766,-0.00243861,0.0061329,
48610,687.554406,-0.00226113,0.0056514,
48610,591.894886,-0.00199885,0.00494062,
48610,484.410994,-0.00172557,0.00421936,
48610,385.824692,-0.00145795,0.00352351,
48610,270.071682,-0.00116732,0.00277043,
48610,179.813005,-0.000963073,0.00224691,
48610,118.70994,-0.000815955,0.00186461,
48610,83.221862,-0.000789991,0.0018045,
48610,128.037213,-0.000913909,0.00211016,
48610,196.255287,-0.00110224,0.0026095,
48610,287.185382,-0.00135633,0.0032472,
48610,393.408249,-0.00163968,0.00397716,
48610,498.162853,-0.00190251,0.00468878,
48810,610.399799,-0.00230531,0.0054091,
48810,703.513782,-0.00250996,0.00599347,
48810,763.772081,-0.00265228,0.00635013,
48810,794.488155,-0.00271755,0.00653369,
48810,794.758654,-0.00267624,0.00642535,
48810,749.986326,-0.0025556,0.0061033,
48810,687.31772,-0.00236976,0.00558747,
48810,589.257538,-0.00210788,0.00488821,
48810,486.087107,-0.00183789,0.00418098,
48810,382.317902,-0.00156048,0.00346172,
48810,268.129907,-0.00127807,0.00272428,
48810,179.557,-0.00107229,0.00220148,
48810,119.279913,-0.00091845,0.00181413,
48810,81.357373,-0.000854739,0.00165843,
48810,91.848745,-0.000899296,0.00177125,
48810,127.848832,-0.00101712,0.00205971,
48810,196.752806,-0.00121248,0.00257003,
48810,288.895303,-0.00145563,0.00319934,
48810,393.012165,-0.00174161,0.00393997,
48810,499.89693,-0.00201469,0.0046584,
49010,611.327218,-0.00228089,0.00545118,
49010,701.885964,-0.00249457,0.00604468,
49010,766.293513,-0.00263715,0.00641505,
49010,793.855382,-0.00270539,0.00658548,
49010,794.869752,-0.0026601,0.00646306,
49010,750.855785,-0.00254108,0.00614729,
49010,687.762109,-0.00234892,0.00563036,
49010,589.262368,-0.00207753,0.00492816,
49010,484.425485,-0.00181331,0.00421751,
49010,383.694534,-0.00154439,0.00350884,
49010,266.30889,-0.00125743,0.00275781,
49010,181.329714,-0.00105045,0.00225235,
49010,115.681353,-0.000899416,0.00184844,
49010,81.226956,-0.00083357,0.00170005,
49010,90.617023,-0.000880532,0.00181568,
49010,127.959929,-0.00100704,0.00211642,
49010,197.525651,-0.00120228,0.0026138,
49010,289.552222,-0.00144944,0.00325801,
49010,395.325875,-0.00172967,0.00398164,
49010,499.423561,-0.00199893,0.00470128,
49210,608.636736,-0.00194432,0.0046962,
49210,704.615095,-0.00222793,0.00542909,
49210,764.656031,-0.00245266,0.00603679,
49210,792.536701,-0.00258031,0.00638083,
49210,794.584762,-0.00264314,0.00655661,
49210,749.281098,-0.00261055,0.00645237,
49210,685.003997,-0.00248068,0.00611704,
49210,588.103095,-0.0022949,0.00560271,
49210,485.768307,-0.00202678,0.00490234,
49210,380.781869,-0.00176449,0.00420573,
49210,266.540744,-0.00149099,0.0034767,
49210,180.523057,-0.00119923,0.00273852,
49210,115.985661,-0.00100236,0.00223022,
49210,81.937007,-0.00083864,0.00182736,
49210,90.998615,-0.000791826,0.0017037,
49210,126.694395,-0.00083287,0.00180201,
49210,199.462594,-0.000946822,0.00209617,
49210,287.934077,-0.00114622,0.00261223,
49210,395.461123,-0.00138818,0.00323693,
49210,499.756852,-0.00167938,0.00397971,
49410,610.023035,-0.00219095,0.00548332,
49410,707.5471,-0.00241231,0.00607942,
49410,762.849488,-0.00253962,0.00641048,
49410,794.038934,-0.00261211,0.00661415,
49410,796.048353,-0.00256854,0.00648574,
49410,747.484217,-0.002435,0.00614603,
49410,687.076204,-0.00225809,0.00565054,
49410,588.064452,-0.0019892,0.0049259,
49410,480.701325,-0.00172167,0.00422333,
49410,381.994272,-0.00144809,0.00351706,
49410,265.173773,-0.00115795,0.00275979,
49410,178.064443,-0.000961613,0.00225823,
49410,117.16425,-0.00080027,0.00186781,
49410,78.642755,-0.000743427,0.00170767,
49410,92.611929,-0.0007956,0.0018387,
49410,128.882513,-0.000912418,0.00212944,
49410,198.245363,-0.00111426,0.00263903,
49410,291.745172,-0.0013646,0.0032864,
49410,395.760601,-0.0016429,0.0040101,
49410,502.220304,-0.00191382,0.00473379,
49610,611.959989,-0.00227913,0.00547294,
49610,705.218885,-0.00249297,0.00606549,
49610,764.139186,-0.00262446,0.00640964,
49610,794.425361,-0.00269242,0.00660344,
49610,793.889194,-0.00265035,0.00646167,
49610,747.054318,-0.00252518,0.00613701,
49610,686.757403,-0.00233676,0.00563565,
49610,586.330372,-0.00206016,0.00491357,
49610,481.952372,-0.00180036,0.00420958,
49610,378.4585,-0.00152271,0.00348183,
49610,264.492703,-0.00124347,0.00274849,
49610,180.392639,-0.00103897,0.00223714,
49610,117.159419,-0.000883658,0.00183941,
49610,80.053197,-0.000832403,0.00170792,
49610,91.481643,-0.0008773,0.00182183,
49610,128.66998,-0.000989862,0.00211326,
49610,198.245363,-0.00118653,0.00262039,
49610,291.320107,-0.00144487,0.00326937,
49610,399.06452,-0.00171823,0.00400356,
49610,501.539232,-0.0019882,0.00470662,
49810,611.061551,-0.00195757,0.00473455,
49810,707.798276,-0.00223748,0.0054794,
49810,765.453036,-0.00245981,0.00608971,
49810,792.95694,-0.00258439,0.00641351,
49810,794.526798,-0.00264865,0.00659594,
49810,748.672477,-0.00261429,0.0064854,
49810,683.564563,-0.00248004,0.00613849,
49810,587.518627,-0.00230016,0.00562873,
49810,482.285663,-0.00203015,0.00492403,
49810,378.719335,-0.00176529,0.00421881,
49810,264.975731,-0.0014838,0.00348504,
49810,176.745776,-0.0012021,0.0027639,
49810,115.570257,-0.000994159,0.00223242,
49810,80.690795,-0.000843462,0.00186072,
49810,91.24979,-0.000793255,0.0017203,
49810,130.616584,-0.000835831,0.0018319,
49810,197.221343,-0.000959328,0.00213737,
49810,293.112143,-0.00115257,0.0026398,
49810,396.084231,-0.00140973,0.00330323,
49810,503.27814,-0.00168072,0.00400281,
50010,614.012871,-0.0022084,0.00549536,
50010,709.372961,-0.00242035,0.00608144,
50010,763.16829,-0.00254925,0.00641855,
50010,794.633065,-0.00262236,0.00661779,
50010,794.338415,-0.00256875,0.00647369,
50010,745.769451,-0.00244592,0.00613065,
50010,685.279326,-0.00226256,0.00563581,
50010,586.320711,-0.00198654,0.00491208,
50010,479.493751,-0.00171451,0.00420145,
50010,379.946229,-0.00144815,0.00350289,
50010,265.178603,-0.00115624,0.00273795,
50010,175.987422,-0.000950307,0.00224958,
50010,117.313988,-0.000800921,0.00186261,
50010,79.541188,-0.000746203,0.00171163,
50010,93.592476,-0.000799556,0.00184687,
50010,130.138386,-0.000912693,0.00213669,
50010,199.984265,-0.0011159,0.0026484,
50010,294.570889,-0.00136126,0.00329787,
50010,396.958513,-0.00163285,0.00401639,
50010,504.616133,-0.00192162,0.00475204,
50210,613.389761,-0.00229368,0.00543635,
50210,708.097756,-0.00252322,0.00603866,
50210,765.945729,-0.00263697,0.00636281,
50210,792.048837,-0.00270673,0.00654255,
50210,795.666757,-0.00266515,0.00643146,
50210,746.078592,-0.00253494,0.00606999,
50210,682.893148,-0.00235102,0.00557224,
50210,587.166015,-0.00208469,0.00486553,
50210,477.223511,-0.0018113,0.00415136,
50210,379.29414,-0.0015468,0.00344331,
50210,262.811764,-0.00125301,0.00269158,
50210,176.663661,-0.00105564,0.00219663,
50210,117.951586,-0.000905639,0.0018068,
50210,80.671473,-0.000848311,0.00166472,
50210,92.853443,-0.000897675,0.00179567,
50210,130.510318,-0.00101066,0.00209847,
50210,200.75711,-0.00121427,0.00260265,
50210,292.595302,-0.00146097,0.00324684,
50210,400.586062,-0.00174481,0.00398889,
50210,505.756083,-0.00201554,0.00470163,
50410,615.87737,-0.00230635,0.00548394,
50410,706.600357,-0.00251858,0.0060608,
50410,764.78162,-0.00264683,0.00639879,
50410,795.120929,-0.00271132,0.00658461,
50410,792.222729,-0.00266523,0.0064409,
50410,745.856397,-0.00253564,0.0060998,
50410,683.574223,-0.00235233,0.00559805,
50410,583.683364,-0.00206819,0.00487139,
50410,478.319989,-0.00180874,0.00417534,
50410,377.086697,-0.00152836,0.00345343,
50410,263.5991,-0.0012538,0.00272932,
50410,176.523583,-0.00104903,0.00220578,
50410,114.473783,-0.000896163,0.00182978,
50410,82.820949,-0.000844058,0.00170136,
50410,91.882557,-0.000879715,0.00182019,
50410,131.771021,-0.00100489,0.00212219,
50410,201.621731,-0.0012094,0.00263967,
50410,293.184597,-0.00145193,0.00328021,
50410,401.812956,-0.00172855,0.00401165,
50410,504.07997,-0.0020094,0.00472667,
50610,615.022405,-0.00223958,0.00545737,
50610,711.290599,-0.00245985,0.00605908,
50610,765.22601,-0.0025774,0.00636708,
50610,794.908394,-0.00265619,0.00657334,
50610,796.265718,-0.00260472,0.00643199,
50610,743.103111,-0.00246498,0.00606315,
50610,682.299019,-0.00229375,0.00558454,
50610,585.774887,-0.00201202,0.00485616,
50610,475.035386,-0.00174596,0.00414057,
50610,377.787089,-0.00147975,0.00343902,
50610,261.613853,-0.00119559,0.00268595,
50610,175.489902,-0.000982826,0.00218441,
50610,116.526653,-0.000838214,0.00181366,
50610,78.72487,-0.000781994,0.00165927,
50610,92.616759,-0.000829638,0.0017895,
50610,132.761229,-0.000953294,0.00210601,
50610,200.525257,-0.00114809,0.00260407,
50610,295.720497,-0.0014038,0.00326433,
50610,399.755252,-0.00167612,0.00398144,
50610,504.920442,-0.00196217,0.00471474,
50810,616.365232,-0.00230019,0.00548351,
50810,709.9526,-0.00250986,0.00607627,
50810,766.84417,-0.00262556,0.00639485,
50810,793.348197,-0.0027019,0.00657252,
50810,794.454343,-0.00264763,0.00644546,
50810,745.561747,-0.00251839,0.00609326,
50810,681.415071,-0.00233105,0.00557951,
50810,583.214824,-0.00206495,0.00487002,
50810,476.358888,-0.00179243,0.0041577,
50810,376.246227,-0.00151871,0.00343851,
50810,261.082522,-0.0012342,0.00271371,
50810,175.031026,-0.00103625,0.00219442,
50810,116.096757,-0.000891742,0.00182992,
50810,80.347845,-0.000829421,0.00168412,
50810,93.495871,-0.00088512,0.00181132,
50810,130.969194,-0.00100393,0.0021266,
50810,201.679694,-0.0012148,0.00264558,
50810,294.851046,-0.00145503,0.00327704,
50810,401.846768,-0.00174469,0.00402146,
50810,506.920186,-0.00201677,0.00473285,
51010,618.335998,-0.00230623,0.00548074,
51010,711.686685,-0.00251283,0.00606878,
51010,765.96022,-0.00263253,0.00637623,
51010,793.435143,-0.00270253,0.00657846,
51010,795.951746,-0.00265094,0.00643507,
51010,742.64906,-0.00250759,0.00606961,
51010,680.676032,-0.00233541,0.00557283,
51010,585.002037,-0.00205495,0.00485289,
51010,473.62011,-0.00178754,0.00413704,
51010,376.63748,-0.00151766,0.00343189,
51010,259.507849,-0.0012342,0.00269234,
51010,176.103348,-0.00104048,0.00220386,
51010,113.633314,-0.000885102,0.0018055,
51010,81.584397,-0.000835679,0.00168902,
51010,93.30749,-0.000880723,0.0018136,
51010,131.737209,-0.00100002,0.00211683,
51010,202.650581,-0.00120037,0.00263654,
51010,296.662403,-0.00145536,0.00328965,
51010,402.04481,-0.00172777,0.00400781,
51010,507.80413,-0.00200034,0.00474283,
51210,617.712888,-0.00230623,0.00550331,
51210,712.850793,-0.00252994,0.00608757,
51210,764.057071,-0.0026379,0.00639823,
51210,796.086996,-0.00271926,0.00660134,
51210,793.478616,-0.00265731,0.00643738,
51210,743.426743,-0.00253407,0.00609187,
51210,682.588838,-0.0023471,0.00558852,
51210,580.084785,-0.00206962,0.00485078,
51210,474.504054,-0.00181877,0.00416172,
51210,376.603668,-0.00153285,0.00344,
51210,258.300278,-0.00124968,0.00270122,
51210,175.311182,-0.00105095,0.00221211,
51210,112.971565,-0.00090952,0.00182053,
51210,80.821212,-0.000847975,0.0016997,
51210,92.9742,-0.000906841,0.00182578,
51210,132.703265,-0.00102616,0.00214723,
51210,204.457107,-0.00123116,0.00265061,
51210,296.145562,-0.00147839,0.00329353,
51210,405.68202,-0.0017583,0.00404493,
51210,508.707396,-0.002038,0.00475652,
51410,619.374515,-0.0022856,0.00555245,
51410,710.488765,-0.00249583,0.00611958,
51410,767.404489,-0.00261367,0.00645605,
51410,794.338415,-0.00267597,0.00662471,
51410,794.12105,-0.00262544,0.00649547,
51410,743.595804,-0.00249212,0.0061225,
51410,679.999788,-0.00231838,0.00562075,
51410,582.456466,-0.00203572,0.00490487,
51410,473.315801,-0.00176661,0.00418814,
51410,373.425337,-0.00150273,0.00348329,
51410,259.420904,-0.00121386,0.00274474,
51410,173.412881,-0.00100924,0.00223622,
51410,115.251458,-0.000864084,0.001869,
51410,82.50698,-0.000814916,0.00174237,
51410,92.273809,-0.000860506,0.00186185,
51410,132.939949,-0.000987166,0.00219328,
51410,206.253972,-0.00118048,0.00269338,
51410,297.686424,-0.00144741,0.00335051,
51410,405.85108,-0.0017256,0.004084,
51410,508.533506,-0.00199084,0.00479244,
51610,618.707932,-0.00228551,0.00552461,
51610,712.899096,-0.00250333,0.00612357,
51610,767.631514,-0.00262311,0.00643796,
51610,794.391549,-0.00268542,0.00660485,
51610,793.493107,-0.00263776,0.00647453,
51610,743.900115,-0.00250191,0.00611283,
51610,678.386462,-0.0023081,0.00559594,
51610,580.843143,-0.00203973,0.00488003,
51610,474.103139,-0.00177983,0.00417051,
51610,373.536434,-0.00151075,0.00345948,
51610,259.150408,-0.00121919,0.00272338,
51610,171.992778,-0.00102007,0.00222267,
51610,113.097153,-0.000864763,0.00185204,
51610,81.709984,-0.00081956,0.00172927,
51610,91.481643,-0.000869511,0.0018389,
51610,134.350391,-0.00100132,0.00218462,
51610,206.509977,-0.00119531,0.00267903,
51610,296.329113,-0.00145542,0.00332996,
51610,407.324319,-0.00173575,0.00407763,
51610,508.847475,-0.00200657,0.00478869,
51810,622.663957,-0.00215701,0.00555078,
51810,710.643336,-0.00236236,0.00611574,
51810,766.704091,-0.002493,0.00644317,
51810,798.067432,-0.00256435,0.00663703,
51810,792.275863,-0.00249741,0.00646556,
51810,744.402469,-0.00237627,0.0061225,
51810,679.371847,-0.00218255,0.00559589,
51810,577.79039,-0.00190244,0.00487656,
51810,474.702096,-0.0016427,0.00417387,
51810,372.174292,-0.00136738,0.00344524,
51810,256.488921,-0.00108201,0.00271999,
51810,172.321237,-0.000882417,0.00222436,
51810,113.927961,-0.00073876,0.00183764,
51810,79.521867,-0.000687547,0.00172356,
51810,93.867802,-0.000739912,0.00185266,
51810,133.650001,-0.000872002,0.00217034,
51810,205.746792,-0.00107582,0.00270008,
51810,297.29517,-0.00131802,0.00333452,
51810,406.575624,-0.00160471,0.00408632,
51810,511.653879,-0.00187653,0.00480188,
52010,624.011614,-0.00228378,0.00554336,
52010,712.077941,-0.00248061,0.00609097,
52010,765.824971,-0.0026067,0.00642407,
52010,797.965995,-0.0026761,0.0066122,
52010,791.266323,-0.00261344,0.00642467,
52010,742.402714,-0.00249255,0.00610032,
52010,678.637638,-0.00229253,0.00557043,
52010,576.872631,-0.00201952,0.00484356,
52010,472.721674,-0.00176404,0.00415956,
52010,371.686433,-0.00147309,0.0034059,
52010,255.218557,-0.00119543,0.00269111,
52010,172.567582,-0.00100103,0.00219686,
52010,110.81243,-0.000850001,0.00181887,
52010,81.946668,-0.000810805,0.00171808,
52010,92.254488,-0.000857442,0.00183069,
52010,132.746738,-0.000983929,0.00215923,
52010,207.258671,-0.00119518,0.00268535,
52010,296.94256,-0.00143786,0.00331313,
52010,407.304998,-0.00172522,0.0040761,
52010,510.740953,-0.00198785,0.00478346,
52210,621.857295,-0.00228346,0.00550902,
52210,713.671947,-0.00249115,0.00607547,
52210,766.820019,-0.00260812,0.00639437,
52210,796.106317,-0.00267958,0.00657345,
52210,791.082771,-0.00261933,0.00640504,
52210,744.107819,-0.00248461,0.00606367,
52210,676.101722,-0.00229966,0.00553248,
52210,579.263633,-0.00202198,0.00481861,
52210,471.731463,-0.00174639,0.00409547,
52210,368.624029,-0.00147815,0.0033967,
52210,257.203803,-0.00120037,0.00266576,
52210,172.234292,-0.00100671,0.00216334,
52210,111.367912,-0.000847844,0.00178813,
52210,80.729437,-0.000819723,0.00168613,
52210,93.616628,-0.000863868,0.00181288,
52210,133.205615,-0.00099391,0.00213382,
52210,208.079819,-0.00119458,0.00265595,
52210,298.927807,-0.00144363,0.00330013,
52210,407.532022,-0.0017293,0.00404001,
52210,511.127377,-0.0019984,0.00475927,
52410,623.861874,-0.0022894,0.00554131,
52410,713.41111,-0.00248972,0.00609152,
52410,769.520173,-0.00262012,0.00644171,
52410,796.859849,-0.00267267,0.00659689,
52410,790.507961,-0.00262072,0.00643566,
52410,742.736006,-0.00249417,0.00608838,
52410,678.135285,-0.00229882,0.00556336,
52410,574.6362,-0.00201449,0.0048199,
52410,472.026112,-0.0017609,0.00414409,
52410,370.884605,-0.00119488,0.00268492,
52410,172.466146,-0.00100879,0.00219415,
52410,112.164908,-0.000857822,0.00181666,
52410,80.623171,-0.000812964,0.00170832,
52410,94.722762,-0.00086234,0.00183951,
52410,135.466187,-0.000995333,0.00216518,
52410,208.079819,-0.00119651,0.00268043,
52410,300.135379,-0.00144521,0.0033311,
52410,410.188682,-0.00172888,0.0040721,
52410,512.938739,-0.00200073,0.00479313,
52610,623.291897,-0.00233313,0.00555746,
52610,714.855376,-0.0025401,0.00611885,
52610,770.737416,-0.00265496,0.00644922,
52610,796.777733,-0.00271669,0.00660731,
52610,791.643089,-0.00265788,0.00644461,
52610,743.39293,-0.00253353,0.00610231,
52610,677.758521,-0.00234264,0.00557084,
52610,578.331384,-0.00206464,0.00485305,
52610,468.065268,-0.00179137,0.00413393,
52610,369.203664,-0.00151518,0.00341462,
52610,255.368295,-0.00123492,0.00268694,
52610,170.727244,-0.00104322,0.00220024,
52610,109.170134,-0.000894595,0.00181612,
52610,81.284919,-0.000859509,0.00172766,
52610,92.524984,-0.000908134,0.00183824,
52610,135.195691,-0.00103484,0.002182,
52610,209.441959,-0.00124274,0.00270176,
52610,299.797259,-0.00149206,0.00334528,
52610,409.425496,-0.00177129,0.00409783,
52610,514.711459,-0.00205536,0.0048136,
52810,623.823232,-0.00230166,0.00556155,
52810,714.75394,-0.0025198,0.00613558,
52810,769.225523,-0.00263681,0.00645243,
52810,796.362325,-0.00269312,0.0066132,
52810,789.512913,-0.00263514,0.00644991,
52810,742.112894,-0.00250638,0.00610379,
52810,675.536575,-0.00231994,0.00557014,
52810,573.921314,-0.00204921,0.00484693,
52810,470.678459,-0.0017742,0.00414677,
52810,366.687083,-0.00149766,0.00340338,
52810,254.266991,-0.00102291,0.00219502,
52810,108.957601,-0.000878956,0.00182933,
52810,82.381393,-0.000836267,0.00173448,
52810,93.544173,-0.000888416,0.00185506,
52810,135.548301,-0.0010183,0.00218827,
52810,210.470809,-0.00123242,0.00271784,
52810,300.642559,-0.00147624,0.00335383,
52810,409.565575,-0.00176727,0.00409753,
52810,514.465114,-0.00202991,0.00481858,
53010,623.997123,-0.00244049,0.00547378,
53010,715.488149,-0.00263788,0.00603247,
53010,768.703847,-0.00276144,0.0063482,
53010,796.603841,-0.00282314,0.00652336,
53010,791.237341,-0.00276733,0.0063438,
53010,739.97306,-0.00262432,0.00598655,
53010,676.121043,-0.00244104,0.00546849,
53010,573.969617,-0.0021604,0.00473285,
53010,469.0748,-0.00190522,0.00404048,
53010,367.96228,-0.00161964,0.00331132,
53010,253.725999,-0.001342,0.00258489,
53010,169.505183,-0.00114218,0.00209481,
53010,112.19389,-0.00100812,0.00174225,
53010,81.497452,-0.000957859,0.00161934,
53010,93.969238,-0.00100715,0.0017563,
53010,137.436941,-0.00114696,0.00209096,
53010,208.345484,-0.00135032,0.00262166,
53010,305.187858,-0.00160005,0.0032719,
53010,411.106438,-0.00188208,0.00399822,
53010,515.015768,-0.00215165,0.00472973,
53210,625.262664,-0.00235415,0.00556364,
53210,715.633058,-0.00256141,0.00612733,
53210,769.718216,-0.00267517,0.00644617,
53210,797.763121,-0.00274228,0.00661236,
53210,791.193868,-0.00268292,0.00644492,
53210,741.60088,-0.00255045,0.00608225,
53210,674.623645,-0.00235901,0.00554009,
53210,574.307739,-0.00208161,0.00483361,
53210,469.2342,-0.00181459,0.00412313,
53210,364.697004,-0.0015366,0.00339293,
53210,252.586052,-0.00125862,0.0026848,
53210,169.316802,-0.00105595,0.00217713,
53210,109.773919,-0.00091729,0.00181673,
53210,82.734004,-0.000879042,0.00171896,
53210,93.732554,-0.00093443,0.00184734,
53210,136.524018,-0.00105767,0.00218719,
53210,211.055273,-0.00126581,0.0027128,
53210,303.477937,-0.00151714,0.00335331,
53210,411.46388,-0.00179722,0.00409864,
53210,518.131312,-0.0020776,0.00482665,
53410,627.170637,-0.00228138,0.00558984,
53410,716.009823,-0.00248007,0.00614272,
53410,770.592506,-0.00260491,0.00645782,
53410,798.03845,-0.00265898,0.00661944,
53410,788.343972,-0.00259775,0.00644439,
53410,740.402959,-0.00246951,0.00610546,
53410,674.541529,-0.00227304,0.00555755,
53410,571.346761,-0.00200082,0.00483462,
53410,469.118273,-0.00174004,0.0041433,
53410,365.846613,-0.00145265,0.00339923,
53410,251.20459,-0.00116921,0.00268411,
53410,170.905965,-0.000988097,0.00220797,
53410,109.503423,-0.000842027,0.00182431,
53410,79.599151,-0.000797074,0.0017307,
53410,95.804745,-0.000848899,0.00186838,
53410,138.171144,-0.000987761,0.00221391,
53410,210.765456,-0.00119042,0.00272204,
53410,305.154046,-0.00144269,0.00339161,
53410,413.29456,-0.0017232,0.00412032,
53410,515.730653,-0.00199505,0.00483952,
53610,626.112799,-0.0023267,0.00557903,
53610,716.26583,-0.00253703,0.00614821,
53610,770.022527,-0.00264757,0.00645818,
53610,798.03845,-0.00271188,0.00662511,
53610,787.498664,-0.00264698,0.00643308,
53610,739.151905,-0.00252075,0.00609215,
53610,674.39662,-0.00232741,0.00555604,
53610,570.5401,-0.00205117,0.0048157,
53610,467.983153,-0.00178436,0.00412894,
53610,366.010843,-0.00150095,0.00339382,
53610,249.200022,-0.00122586,0.00266566,
53610,168.012626,-0.00103103,0.002194,
53610,110.005773,-0.000889785,0.00182911,
53610,80.140143,-0.000840759,0.00172099,
53610,95.944823,-0.000908373,0.00186207,
53610,138.654172,-0.00103798,0.00220828,
53610,211.51898,-0.00124675,0.00272272,
53610,305.076761,-0.0015003,0.00338085,
53610,414.410358,-0.00177965,0.00412088,
53610,518.764082,-0.00206434,0.00484553,
53810,628.165681,-0.00236881,0.00566864,
53810,717.883988,-0.00257655,0.00622467,
53810,769.896939,-0.00268585,0.00652731,
53810,796.739091,-0.00274588,0.00670067,
53810,787.88026,-0.00267893,0.00651361,
53810,739.605955,-0.00254602,0.006163,
53810,672.73016,-0.0023511,0.00561946,
53810,571.341931,-0.00207802,0.00489919,
53810,466.118659,-0.00180466,0.00419161,
53810,362.277029,-0.00153062,0.00346417,
53810,251.310857,-0.0012525,0.00275966,
53810,169.258838,-0.00105871,0.00225774,
53810,107.426402,-0.000920512,0.00190719,
53810,82.729173,-0.000880037,0.00181137,
53810,94.012711,-0.000928268,0.00194281,
53810,138.547906,-0.00106531,0.00229014,
53810,212.431904,-0.00127594,0.00281439,
53810,306.975064,-0.0015182,0.00346057,
53810,413.536075,-0.00180303,0.0042016,
53810,519.846069,-0.00208175,0.00494363,
54010,629.189708,-0.00223206,0.00562679,
54010,718.80658,-0.00243307,0.00618329,
54010,769.264165,-0.00255061,0.00648072,
54010,796.86951,-0.0026088,0.0066553,
54010,789.793072,-0.00253705,0.00646398,
54010,738.63989,-0.00241283,0.00610962,
54010,671.95731,-0.00221595,0.00555916,
54010,571.245325,-0.00194277,0.0048432,
54010,465.171921,-0.00167311,0.0041377,
54010,364.846743,-0.00139484,0.00341781,
54010,251.286705,-0.00112419,0.00270072,
54010,165.578164,-0.000925337,0.00220204,
54010,111.029792,-0.000787003,0.00186246,
54010,81.724475,-0.000743585,0.00174983,
54010,94.022371,-0.000796549,0.00189041,
54010,140.948556,-0.000935606,0.00225313,
54010,212.644436,-0.00113837,0.00276177,
54010,305.530808,-0.00139511,0.00341615,
54010,415.675895,-0.00167935,0.00415722,
54010,519.817087,-0.00195776,0.00489262,
54210,631.126663,-0.00235896,0.00564307,
54210,717.830855,-0.00255771,0.00619041,
54210,772.969028,-0.00267715,0.00650732,
54210,798.260646,-0.00272593,0.00665662,
54210,788.836666,-0.00266739,0.00647302,
54210,739.717053,-0.0025315,0.00613001,
54210,672.860579,-0.00233819,0.0055814,
54210,568.139439,-0.00205182,0.0048405,
54210,465.16226,-0.00179412,0.00415138,
54210,364.571416,-0.00150981,0.0034175,
54210,248.127699,-0.00123372,0.00269413,
54210,168.674374,-0.00103877,0.00221534,
54210,109.802901,-0.000900154,0.00185097,
54210,79.565339,-0.000855117,0.00176833,
54210,96.997825,-0.000922496,0.00191095,
54210,137.770231,-0.00104519,0.00223309,
54210,214.726288,-0.00126436,0.00279193,
54210,308.863706,-0.00151029,0.0034304,
54210,414.579418,-0.00179342,0.00417092,
54210,520.411214,-0.00207557,0.00491132,
54410,630.049503,-0.00224581,0.0056306,
54410,719.845099,-0.00244778,0.00617934,
54410,769.993545,-0.00256222,0.00648663,
54410,798.502162,-0.00261889,0.00664825,
54410,787.566289,-0.00255087,0.00644971,
54410,737.345363,-0.00241124,0.00610344,
54410,671.66266,-0.00222513,0.00556023,
54410,567.424553,-0.00194061,0.00481697,
54410,463.423354,-0.00168164,0.00412645,
54410,361.890606,-0.00140587,0.00339222,
54410,247.581877,-0.00112184,0.00268323,
54410,167.717978,-0.000938622,0.00219412,
54410,106.726011,-0.000793623,0.00183023,
54410,80.888836,-0.000758787,0.0017503,
54410,95.461795,-0.000813271,0.00188598,
54410,139.750646,-0.000949018,0.00224411,
54410,213.199919,-0.00115487,0.00275576,
54410,307.496735,-0.00141093,0.0034282,
54410,416.608141,-0.00169107,0.00415918,
54410,519.203639,-0.00196875,0.00488573,
54610,720.999547,-0.00245038,0.0062056,
54610,770.621488,-0.00255079,0.0064921,
54610,796.241566,-0.0026157,0.00666297,
54610,789.826884,-0.00254276,0.00646745,
54610,737.997457,-0.00241324,0.00611118,
54610,669.010817,-0.00220984,0.00555917,
54610,568.105626,-0.00194202,0.00484383,
54610,462.259252,-0.00166769,0.00412657,
54610,360.905227,-0.00138669,0.00340146,
54610,247.354854,-0.00110617,0.00269158,
54610,164.935736,-0.00092138,0.00220158,
54610,108.798202,-0.000778118,0.00185369,
54610,79.652284,-0.000748692,0.00175276,
54610,95.770933,-0.000801597,0.0019054,
54610,139.99216,-0.000933341,0.00225111,
54610,215.161014,-0.00114752,0.00278909,
54610,307.859006,-0.00139872,0.00342671,
54610,417.825375,-0.00168386,0.00417696,
54610,521.29999,-0.00196183,0.00490846,
54810,631.764264,-0.00221737,0.00566839,
54810,721.018868,-0.00242651,0.00621652,
54810,769.370433,-0.00253433,0.00651755,
54810,799.434417,-0.00259152,0.0066794,
54810,787.918903,-0.00252153,0.00648147,
54810,737.562728,-0.00238898,0.00611701,
54810,668.653373,-0.00219047,0.00556909,
54810,568.96059,-0.00191181,0.00485245,
54810,460.703897,-0.00164288,0.00413226,
54810,359.581728,-0.00136604,0.00341447,
54810,247.915167,-0.00109034,0.00270224,
54810,164.916415,-0.000892421,0.00220684,
54810,106.919223,-0.000754711,0.00185665,
54810,82.033613,-0.000722995,0.0017781,
54810,96.500306,-0.000783333,0.00191742,
54810,140.914744,-0.000919059,0.00227121,
54810,215.136862,-0.00112416,0.0027902,
54810,307.685116,-0.00137952,0.00345614,
54810,420.564151,-0.00167392,0.00420974,
54810,520.923226,-0.00192642,0.00491037,
55010,632.715835,-0.00231886,0.00558929,
55010,719.946536,-0.00252029,0.00613263,
55010,773.693578,-0.00262796,0.00643394,
55010,799.19773,-0.00269507,0.00659692,
55010,787.952715,-0.0026234,0.00639812,
55010,737.625522,-0.00249055,0.00603185,
55010,669.136405,-0.00228739,0.00548675,
55010,566.178335,-0.00200812,0.0047547,
55010,461.544369,-0.00173702,0.00405216,
55010,360.277289,-0.00146823,0.00332512,
55010,246.287361,-0.00118247,0.00260881,
55010,164.955057,-0.000857514,0.00177587,
55010,81.284919,-0.000822334,0.00169281,
55010,96.664535,-0.000881394,0.00183577,
55010,139.760307,-0.00101129,0.00218415,
55010,215.450831,-0.00123391,0.00272705,
55010,310.037466,-0.00148142,0.00338882,
55010,417.535557,-0.00176828,0.00412404,
55010,522.811874,-0.00204452,0.00486075,
55210,631.827058,-0.00229916,0.00559898,
55210,720.018991,-0.00249718,0.00613432,
55210,771.104521,-0.0026124,0.00644273,
55210,799.719406,-0.00259513,0.00639281,
55210,736.11363,-0.00245938,0.00603996,
55210,668.29593,-0.00225815,0.00548143,
55210,565.323371,-0.00198301,0.00475148,
55210,460.167734,-0.00171751,0.00405256,
55210,358.552876,-0.00144276,0.00331799,
55210,243.693499,-0.00116338,0.00260722,
55210,166.437954,-0.000972413,0.00213364,
55210,106.025621,-0.000835082,0.00177025,
55210,81.111029,-0.000800508,0.00169766,
55210,96.553439,-0.000858008,0.0018365,
55210,139.963179,-0.000992778,0.00218911,
55210,214.972633,-0.00120871,0.00273218,
55210,310.733027,-0.00146548,0.00339267,
55210,419.139215,-0.00173964,0.0041198,
55210,523.763443,-0.002023,0.00485694,
55410,635.213107,-0.00235025,0.00560755,
55410,723.303611,-0.00253872,0.00614029,
55410,771.732464,-0.00265394,0.00643128,
55410,800.873856,-0.00272248,0.00661357,
55410,787.194353,-0.0026394,0.00638053,
55410,734.949522,-0.00250889,0.0060229,
55410,669.044629,-0.00232134,0.00548905,
55410,565.101177,-0.00202296,0.00473776,
55410,458.916688,-0.00176025,0.00404446,
55410,358.862015,-0.00148591,0.00330582,
55410,244.611253,-0.00120849,0.00260419,
55410,163.037435,-0.00101782,0.00212047,
55410,105.363872,-0.000877297,0.00176635,
55410,81.545754,-0.000847805,0.00169173,
55410,98.369625,-0.00090636,0.00184306,
55410,139.890725,-0.00103972,0.00218448,
55410,215.711666,-0.00125123,0.00273271,
55410,312.558875,-0.00151631,0.0033909,
55410,420.245352,-0.00179132,0.00412894,
55410,524.260964,-0.0020682,0.00486312,
55610,634.609318,-0.00239461,0.00564964,
55610,724.19722,-0.00259499,0.0061769,
55610,771.370189,-0.00270062,0.00647302,
55610,799.506872,-0.00275658,0.00663242,
55610,785.701781,-0.00268409,0.00642214,
55610,737.137659,-0.00255386,0.00607083,
55610,665.933905,-0.00234616,0.00548821,
55610,564.313837,-0.00207257,0.00477698,
55610,460.201546,-0.00180812,0.00408504,
55610,355.495303,-0.00152013,0.00332914,
55610,242.69363,-0.00125321,0.0026358,
55610,164.621768,-0.00106472,0.00215317,
55610,103.673274,-0.000924172,0.00179001,
55610,81.908026,-0.000891187,0.00172942,
55610,95.877199,-0.000948014,0.00187285,
55610,140.484849,-0.00109058,0.002233,
55610,216.79848,-0.00130801,0.00277178,
55610,312.539554,-0.00155786,0.00342799,
55610,420.612454,-0.00184107,0.00417714,
55610,525.043473,-0.00211948,0.00489611,
55810,635.174464,-0.00232308,0.00565424,
55810,721.960781,-0.00252449,0.00618757,
55810,772.99318,-0.00263304,0.00649387,
55810,800.753098,-0.00269658,0.00664318,
55810,785.460264,-0.00262261,0.00643262,
55810,735.804489,-0.00248129,0.00607126,
55810,666.291349,-0.00227692,0.00551144,
55810,564.081982,-0.00201102,0.00479185,
55810,458.704155,-0.00173361,0.00408545,
55810,358.132641,-0.00145673,0.00334963,
55810,243.017259,-0.00118572,0.00264673,
55810,164.587956,-0.00100314,0.00217691,
55810,104.016224,-0.000861992,0.00180722,
55810,80.859854,-0.00083597,0.00175178,
55810,98.891295,-0.000898113,0.00189182,
55810,140.731194,-0.00102997,0.00224389,
55810,221.024978,-0.00125022,0.00279912,
55810,311.79569,-0.00149915,0.00344131,
55810,421.38047,-0.001789,0.00419053,
55810,527.424811,-0.00206701,0.00493492,
56010,635.527077,-0.00237376,0.00569164,
56010,723.699697,-0.00256096,0.00621778,
56010,771.664839,-0.00267167,0.00650763,
56010,799.34264,-0.0027343,0.00667658,
56010,787.479343,-0.00265814,0.00646367,
56010,733.959305,-0.00251759,0.00608849,
56010,664.707005,-0.00231056,0.00553784,
56010,563.328455,-0.00204172,0.00481161,
56010,457.057024,-0.0017725,0.00410345,
56010,356.538646,-0.00148923,0.00337207,
56010,241.901463,-0.00121402,0.00266408,
56010,162.139003,-0.00102949,0.00219066,
56010,105.83724,-0.000889574,0.0018408,
56010,78.811815,-0.000861799,0.00176565,
56010,98.132941,-0.000922499,0.00192173,
56010,141.605475,-0.00105271,0.00227022,
56010,219.421324,-0.00127062,0.00282183,
56010,314.104567,-0.00152898,0.00348697,
56010,421.496397,-0.00179367,0.00420922,
56010,525.565145,-0.00235671,0.00569021,
56210,637.792494,-0.00229786,0.00572111,
56210,722.39068,-0.00249033,0.00623942,
56210,772.819288,-0.00260133,0.0065414,
56210,802.279483,-0.00265812,0.00669354,
56210,784.870963,-0.0025731,0.00646141,
56210,735.823811,-0.00243899,0.00611982,
56210,663.755433,-0.00223037,0.00554415,
56210,560.792545,-0.00195713,0.00480742,
56210,459.216166,-0.00170359,0.00412277,
56210,355.731987,-0.00141251,0.00337364,
56210,240.611777,-0.00113855,0.00267478,
56210,164.592786,-0.000959199,0.00220499,
56210,105.817919,-0.000819811,0.00184687,
56210,80.362335,-0.000798362,0.00178588,
56210,99.243905,-0.000852923,0.00193186,
56210,141.562002,-0.00099722,0.00229459,
56210,220.884899,-0.00121761,0.00283863,
56210,313.48146,-0.00146104,0.00348885,
56210,423.447836,-0.00174886,0.00424788,
56210,528.661369,-0.00202166,0.00497399,
56410,637.208026,-0.00232378,0.00570038,
56410,725.206758,-0.00251812,0.00624042,
56410,771.331547,-0.0026287,0.00651381,
56410,798.869268,-0.00268959,0.00668391,
56410,786.13168,-0.0026067,0.00646155,
56410,732.268692,-0.00246621,0.00608738,
56410,664.847084,-0.00226106,0.00553738,
56410,560.266041,-0.00198509,0.00479292,
56410,455.066942,-0.0017226,0.0040894,
56410,354.61136,-0.00144305,0.00336079,
56410,241.582665,-0.00116498,0.0026476,
56410,162.143833,-0.000973144,0.00218685,
56410,105.146509,-0.000844396,0.00183296,
56410,78.488186,-0.000809816,0.00176367,
56410,99.161791,-0.00088127,0.00192878,
56410,143.387849,-0.00101233,0.00228347,
56410,218.875502,-0.00122608,0.00281493,
56410,315.954567,-0.0014718,0.0034878,
56410,423.612066,-0.00175761,0.00422821,
56410,530.390617,-0.00204391,0.0049694,
56610,636.406194,-0.00226277,0.00570778,
56610,727.679884,-0.00246503,0.00625607,
56610,770.80021,-0.00255934,0.00651604,
56610,799.125275,-0.0026201,0.00668531,
56610,787.102577,-0.00254391,0.00646465,
56610,732.780706,-0.00240219,0.00609075,
56610,559.401417,-0.00219753,0.00554002,
56610,456.061983,-0.00191958,0.00478987,
56610,353.587339,-0.00165624,0.00410465,
56610,238.703815,-0.00136941,0.00334765,
56610,163.911716,-0.00110704,0.00265395,
56610,102.91975,-0.000916814,0.00218592,
56610,79.449412,-0.000781261,0.0018261,
56610,100.311398,-0.000757438,0.00176527,
56610,141.648947,-0.000955575,0.00227809,
56610,220.537119,-0.00117354,0.00284672,
56610,315.481199,-0.001425,0.00349497,
56610,423.090394,-0.00170536,0.00424162,
56610,529.284478,-0.00199282,0.00498423,
56810,641.270319,-0.00225597,0.00572468,
56810,723.129719,-0.00245347,0.00624213,
56810,774.123477,-0.00256812,0.00655139,
56810,800.699964,-0.00261431,0.0066881,
56810,783.50398,-0.00253548,0.00645731,
56810,733.795074,-0.00240229,0.00610724,
56810,663.721621,-0.00219122,0.00553139,
56810,557.532089,-0.00191626,0.00479286,
56810,457.172951,-0.0016526,0.00410519,
56810,350.457312,-0.00136045,0.00334211,
56810,239.998331,-0.0010984,0.00266276,
56810,162.26942,-0.000910732,0.00218223,
56810,103.465571,-0.000776279,0.00183331,
56810,80.685964,-0.000746356,0.00177508,
56810,97.674064,-0.000818203,0.00192538,
56810,145.218525,-0.000956079,0.00230506,
56810,221.280983,-0.00116961,0.00283853,
56810,315.558483,-0.00142462,0.0035044,
56810,426.365333,-0.00171404,0.00425488,
56810,527.502096,-0.00197728,0.00497964,
57010,639.661825,-0.00226647,0.00572853,
57010,726.250108,-0.00246718,0.00626165,
57010,773.485874,-0.0025744,0.00654334,
57010,800.506751,-0.0026201,0.00669366,
57010,782.822903,-0.00254066,0.00646102,
57010,734.080063,-0.00241543,0.00610914,
57010,662.78937,-0.00220776,0.00553364,
57010,558.372562,-0.00191837,0.00479292,
57010,452.989915,-0.00138243,0.00336199,
57010,238.689325,-0.00110509,0.00265331,
57010,160.912111,-0.000928614,0.00218665,
57010,105.455647,-0.000791289,0.00184814,
57010,81.396016,-0.00076056,0.0017726,
57010,98.244037,-0.000827696,0.00192945,
57010,146.392284,-0.000973721,0.00231299,
57010,221.010487,-0.00117692,0.00284127,
57010,317.587204,-0.00143983,0.00352821,
57010,426.819381,-0.00172514,0.00425608,
57010,530.540356,-0.00198871,0.00499373,
57210,639.565218,-0.00228603,0.00577316,
57210,725.23574,-0.00248989,0.00631938,
57210,776.712534,-0.00258725,0.00661191,
57210,797.709988,-0.00263447,0.00672316,
57210,783.644059,-0.00255964,0.00652299,
57210,734.765969,-0.00241794,0.00615217,
57210,661.678397,-0.00220621,0.0055706,
57210,556.324513,-0.00192333,0.00484218,
57210,455.878432,-0.0016694,0.00415059,
57210,347.74269,-0.00137705,0.00338433,
57210,239.819611,-0.00111925,0.00270645,
57210,161.327515,-0.00092318,0.00222517,
57210,101.176018,-0.000788501,0.00187156,
57210,81.946668,-0.000769391,0.00182696,
57210,99.900824,-0.000834541,0.00198622,
57210,146.049334,-0.000971649,0.00235518,
57210,222.077979,-0.00118611,0.00288699,
57210,317.621016,-0.00144496,0.00357919,
57210,427.935178,-0.00172351,0.00430774,
57210,529.868944,-0.00199909,0.00505025,
57410,640.927367,-0.00222607,0.00576398,
57410,728.752216,-0.00241243,0.0062981,
57410,774.625832,-0.00251284,0.00657075,
57410,801.482478,-0.00257029,0.0067269,
57410,784.774357,-0.00249219,0.00648715,
57410,732.032006,-0.0021468,0.00555046,
57410,557.015247,-0.00187749,0.00480816,
57410,452.999576,-0.00160163,0.00410918,
57410,350.148174,-0.00132583,0.00335716,
57410,238.423659,-0.00105874,0.00265586,
57410,159.999188,-0.000864724,0.00219319,
57410,102.774841,-0.000729109,0.00183494,
57410,81.850062,-0.00072245,0.0017961,
57410,99.519232,-0.000780183,0.00195212,
57410,143.006256,-0.000918861,0.00230803,
57410,222.517535,-0.00113106,0.00287949,
57410,317.379502,-0.00138427,0.00354131,
57410,428.340923,-0.00167641,0.00429521,
57410,533.114907,-0.00194561,0.00503973,
57610,641.28964,-0.00229448,0.0057968,
57610,727.969703,-0.0024743,0.00632152,
57610,775.364872,-0.0025854,0.00661308,
57610,801.405193,-0.00263456,0.00675468,
57610,782.368852,-0.00254951,0.00651657,
57610,732.012684,-0.00242268,0.0061501,
57610,661.446542,-0.00220714,0.00557282,
57610,556.218246,-0.00192743,0.00482095,
57610,451.632602,-0.00166715,0.00412725,
57610,351.017625,-0.0013909,0.00337731,
57610,234.8734,-0.00111568,0.0026597,
57610,160.71407,-0.000936646,0.00221772,
57610,104.494421,-0.000810225,0.00186411,
57610,77.435185,-0.000773588,0.00179011,
57610,99.340511,-0.000845694,0.00197317,
57610,146.754555,-0.000990944,0.00234665,
57610,225.130718,-0.00120213,0.00290419,
57610,318.69817,-0.00145244,0.00356346,
57610,428.732177,-0.00173576,0.00431518,
57610,534.409428,-0.00201124,0.00507115,
57810,640.796948,-0.00225182,0.00587284,
57810,729.824548,-0.00244298,0.00641422,
57810,774.910821,-0.00253242,0.00668599,
57810,799.357131,-0.00259057,0.00682546,
57810,784.247851,-0.00251248,0.0066107,
57810,732.234879,-0.00236807,0.00622261,
57810,660.069902,-0.00215947,0.00564068,
57810,554.252313,-0.00188985,0.00489073,
57810,451.463542,-0.00163494,0.00418989,
57810,349.800393,-0.00134803,0.00343461,
57810,234.549771,-0.0010766,0.00272501,
57810,160.438743,-0.000899667,0.00226198,
57810,102.084111,-0.000768726,0.00191136,
57810,80.463771,-0.000743514,0.0018593,
57810,99.181112,-0.000805011,0.00202115,
57810,146.764215,-0.000952471,0.00240437,
57810,223.551216,-0.00115941,0.00295218,
57810,320.939423,-0.00141301,0.00365052,
57810,430.10398,-0.00168702,0.00439407,
57810,533.071434,-0.00195874,0.00513964,
