N_cycles,Load,eyy,exx,Specimen_name
0,-13.441736,0.0,0.0,T1-FC-13-B7
0,-14.673458,-2.83e-05,-1.27e-05,
0,-14.142127,-3.51e-05,-1.45e-05,
0,-14.36915,-1.99e-05,-5.23e-06,
0,-17.827633,-2.61e-05,-2.48e-05,
0,-99.739582,0.00034151,-0.000573214,
1,424.809978,-0.00109839,0.00315563,
1,430.828524,-0.00110642,0.00319312,
1,430.934791,-0.00111648,0.00320627,
1,432.026437,-0.00111952,0.0031952,
1,428.007633,-0.0011051,0.00316625,
1,417.835035,-0.00108042,0.00309764,
1,408.33868,-0.00106148,0.0030221,
1,394.678616,-0.00102678,0.00293338,
1,380.578997,-0.00099629,0.00284697,
1,370.730036,-0.000956506,0.00275423,
1,354.495433,-0.000937556,0.00268363,
1,352.877287,-0.000932008,0.00267271,
1,349.858356,-0.000928163,0.0026597,
1,349.636163,-0.000929937,0.00265982,
1,357.504703,-0.00096081,0.00273659,
1,374.980691,-0.0010385,0.00292337,
1,403.440764,-0.00109079,0.00307483,
1,423.481648,-0.00114099,0.00320674,
2,439.503732,-0.00118031,0.0033083,
2,453.922162,-0.00121796,0.00340619,
2,463.104554,-0.00123761,0.00345672,
2,465.988241,-0.0012369,0.00346878,
2,462.771264,-0.00123297,0.00344496,
2,451.27516,-0.00120311,0.00335675,
2,435.620176,-0.00116641,0.00324379,
2,415.212186,-0.0011178,0.003097,
2,391.234618,-0.00105472,0.00292402,
2,367.648311,-0.000999907,0.00275945,
2,344.834856,-0.000958068,0.00264307,
2,332.981329,-0.000920082,0.00253503,
2,317.741773,-0.000893189,0.0024551,
2,315.920755,-0.000893507,0.00245482,
2,319.659397,-0.000919252,0.00249774,
2,333.565794,-0.000956019,0.00261229,
2,350.853396,-0.000998546,0.00273527,
2,380.429258,-0.00108145,0.00295799,
2,408.348341,-0.00114783,0.00313887,
2,434.311166,-0.00121414,0.00332188,
3,461.73275,-0.00127736,0.00350846,
3,481.116731,-0.00132705,0.00362517,
3,493.74796,-0.0013515,0.00371887,
3,500.321997,-0.00136009,0.0037296,
3,493.520936,-0.00133301,0.00366434,
3,476.986826,-0.0012957,0.00354832,
3,453.154145,-0.0012301,0.00335986,
3,422.105014,-0.00116029,0.00314759,
3,387.751978,-0.00106856,0.00291437,
3,352.524675,-0.000984654,0.0026775,
3,327.015924,-0.000922104,0.00249963,
3,301.569974,-0.000860965,0.00234587,
3,284.9393,-0.000825878,0.0022561,
3,284.258229,-0.000827002,0.00226835,
3,289.615016,-0.000850361,0.0023226,
3,305.714359,-0.00090747,0.00246854,
3,338.734202,-0.00098248,0.00268998,
3,369.63356,-0.00107094,0.00293831,
3,412.29952,-0.00117477,0.0032098,
3,449.048394,-0.00125967,0.00346151,
4,483.266213,-0.00134032,0.00369481,
4,512.233515,-0.00141004,0.00387581,
4,526.593999,-0.00143738,0.00395996,
4,530.694925,-0.00141693,0.00389144,
4,498.631392,-0.00135372,0.00371255,
4,471.340209,-0.00127284,0.00349762,
4,428.514813,-0.00116375,0.00318617,
4,384.109939,-0.00105642,0.00289392,
4,341.521278,-0.000955018,0.00260315,
4,304.685508,-0.000845803,0.00234123,
4,272.448182,-0.000787013,0.0021677,
4,255.015685,-0.000759242,0.00207355,
4,249.431876,-0.000740475,0.00205029,
4,258.396884,-0.000768324,0.00213573,
4,285.074548,-0.000858449,0.00235416,
4,320.543339,-0.00095239,0.00260391,
4,363.286559,-0.00105743,0.00293026,
4,417.323024,-0.00119592,0.00327796,
5,462.959645,-0.00129566,0.00359171,
5,504.108951,-0.00140349,0.00387848,
5,540.225112,-0.00148675,0.00410847,
5,560.212908,-0.00152128,0.00420344,
5,563.502346,-0.00152914,0.00421657,
5,554.146046,-0.00141064,0.00388556,
5,483.86517,-0.00130896,0.00360635,
5,438.059474,-0.00119177,0.00325188,
5,379.559806,-0.00103616,0.00284628,
5,326.238248,-0.000925709,0.00251578,
5,282.533817,-0.000806818,0.00220928,
5,242.302377,-0.000716863,0.00196013,
5,222.488553,-0.000690728,0.00186748,
5,219.812577,-0.000682637,0.00185475,
5,226.821318,-0.000716464,0.00195421,
5,258.208503,-0.000808884,0.00220545,
5,304.328067,-0.000932146,0.00252823,
5,356.867105,-0.00106574,0.00290837,
5,422.69431,-0.00122742,0.00335193,
6,475.175465,-0.00135216,0.00370559,
6,526.75823,-0.00148632,0.00405695,
6,569.960464,-0.00158331,0.00433451,
6,593.435754,-0.00162025,0.0044519,
6,595.242289,-0.00162533,0.00445468,
6,584.011824,-0.00158603,0.00433568,
6,548.282057,-0.0014888,0.00405062,
6,501.423305,-0.00136368,0.00371634,
6,445.338728,-0.00121403,0.00329091,
6,373.116199,-0.00104147,0.0027986,
6,313.940337,-0.000908141,0.00242607,
6,261.913331,-0.000764513,0.00205353,
6,214.011406,-0.00066936,0.00176678,
6,191.106205,-0.000631635,0.00165347,
6,187.613911,-0.000629659,0.00164034,
6,197.018471,-0.000670831,0.001768,
6,233.617527,-0.000773244,0.0020586,
6,288.074155,-0.000908799,0.00244354,
6,349.950132,-0.00106683,0.00288306,
6,425.621468,-0.00126107,0.00340806,
7,490.748345,-0.0014205,0.00383359,
7,549.112869,-0.00156051,0.0042395,
7,597.947262,-0.00167838,0.00455019,
7,623.63968,-0.00172845,0.00468278,
7,629.006156,-0.00173178,0.00469814,
7,616.413535,-0.00167884,0.00455605,
7,572.322483,-0.0015559,0.00421507,
7,517.662773,-0.00141631,0.00382198,
7,450.603749,-0.00124559,0.00333932,
7,370.271158,-0.00103206,0.0027569,
7,298.720105,-0.000883201,0.00232201,
7,236.317655,-0.000717591,0.00190058,
7,186.242111,-0.000609052,0.00159412,
7,158.540443,-0.000565502,0.00143706,
7,150.686404,-0.000548642,0.00142013,
7,167.906359,-0.000614352,0.00159102,
7,210.900704,-0.000722348,0.00191169,
7,269.554841,-0.000883833,0.00234622,
7,345.172976,-0.00108118,0.00289113,
7,430.582179,-0.00127987,0.00346162,
8,502.597068,-0.00145679,0.00394356,
8,572.259689,-0.00163218,0.00443176,
8,628.358894,-0.00175747,0.00477218,
8,656.331238,-0.00181769,0.00493563,
8,661.905422,-0.00181815,0.00494537,
8,646.008856,-0.00175626,0.00476567,
8,596.251824,-0.00161276,0.00438578,
8,534.071307,-0.00146495,0.0039298,
8,456.902454,-0.00125482,0.00337026,
8,365.648571,-0.00102372,0.00272814,
8,284.741258,-0.000841818,0.00222877,
8,216.600438,-0.00066814,0.00175973,
8,157.98013,-0.000544901,0.00138201,
8,123.931474,-0.000482329,0.00121355,
8,120.728997,-0.000475729,0.00121812,
8,137.794382,-0.00054127,0.0013996,
8,189.603988,-0.00067951,0.00178322,
8,253.624563,-0.000853606,0.00226051,
8,340.086683,-0.00106485,0.0028717,
8,435.19511,-0.00129851,0.00352647,
9,515.972168,-0.0014996,0.00407289,
9,595.667356,-0.00170285,0.00461672,
9,655.949643,-0.00184993,0.00499718,
9,688.312766,-0.00191122,0.00518763,
9,694.621162,-0.00191466,0.00519118,
9,674.333826,-0.00183403,0.00498503,
9,620.606244,-0.0016868,0.00457482,
9,550.489506,-0.001497,0.00404043,
9,460.800503,-0.00126816,0.00340555,
9,361.866454,-0.00101939,0.00270856,
9,271.544919,-0.000801841,0.00213021,
9,194.501894,-0.000617023,0.00160085,
9,127.216066,-0.000468363,0.00118522,
9,94.640647,-0.000407684,0.0010294,
9,87.883084,-0.000400711,0.00101501,
9,106.059433,-0.00063286,0.00166195,
9,241.036842,-0.00081408,0.00218451,
9,329.716055,-0.00105854,0.00285065,
9,438.909606,-0.00132641,0.00359677,
10,531.255241,-0.00154346,0.00420325,
10,614.988593,-0.0017577,0.00479455,
10,685.617448,-0.00191873,0.00524436,
10,722.09603,-0.00199149,0.0054243,
10,726.844238,-0.0019916,0.00543177,
10,703.165999,-0.00190047,0.00518759,
10,641.217185,-0.0017285,0.00471621,
10,565.125328,-0.00152704,0.00414719,
10,464.626097,-0.00125791,0.00342787,
10,358.335513,-0.00100439,0.00269993,
10,263.024296,-0.000769017,0.00207396,
10,177.948516,-0.000570789,0.00150531,
10,112.121436,-0.000421074,0.00110521,
10,79.898628,-0.000360823,0.000924223,
10,70.416786,-0.000353874,0.000915489,
10,94.819368,-0.00043209,0.00114315,
10,153.410683,-0.000600314,0.00160634,
10,234.970006,-0.000803475,0.00217604,
10,329.711225,-0.00105473,0.00286653,
10,439.035194,-0.00131717,0.00361345,
210,535.095331,-0.00162585,0.00461115,
210,619.219945,-0.00185234,0.00520316,
210,686.182595,-0.00199407,0.00561121,
210,717.647303,-0.00205969,0.0058017,
210,723.240816,-0.00205747,0.00578935,
210,700.388564,-0.00197538,0.00555458,
210,641.178543,-0.00180788,0.00509936,
210,559.93275,-0.0015823,0.00448845,
210,462.495937,-0.00134202,0.0037887,
210,358.369325,-0.0010693,0.00305831,
210,259.266335,-0.000838981,0.00241086,
210,180.049689,-0.000647955,0.00188704,
210,113.193758,-0.000494892,0.001443,
210,77.734662,-0.000429099,0.00128258,
210,73.174877,-0.000437258,0.00128446,
210,95.935163,-0.00051574,0.00149903,
210,155.110942,-0.000671775,0.00197078,
210,235.651076,-0.000879058,0.00252547,
210,330.319841,-0.00113752,0.00323476,
210,441.402038,-0.00139997,0.00397817,
410,534.264519,-0.00134734,0.00409893,
410,619.215115,-0.00156438,0.00472752,
410,686.55453,-0.0017907,0.00532291,
410,715.821441,-0.00192667,0.00572474,
410,724.076462,-0.00199574,0.00590751,
410,699.543258,-0.00200034,0.00591736,
410,640.458826,-0.00191383,0.00566516,
410,559.469041,-0.00174903,0.00521381,
410,459.77648,-0.00152414,0.0046034,
410,358.060187,-0.00126924,0.00388744,
410,261.154976,-0.00101749,0.00317021,
410,178.513659,-0.00078435,0.0025284,
410,112.266344,-0.000581378,0.00197969,
410,78.589622,-0.000437037,0.00155875,
410,74.121612,-0.000377238,0.00139401,
410,94.795216,-0.000370293,0.00139081,
410,155.193057,-0.000446606,0.00160829,
410,236.588151,-0.000615684,0.00208531,
410,331.184463,-0.000828855,0.00264707,
410,441.687025,-0.00107923,0.00334327,
610,534.752379,-0.00160742,0.00475794,
610,620.509638,-0.00183757,0.00535936,
610,686.076328,-0.00198351,0.00575232,
610,717.260877,-0.00206307,0.00594157,
610,721.294196,-0.00206657,0.0059332,
610,700.818463,-0.00199687,0.00570115,
610,638.405943,-0.00182991,0.0052261,
610,559.333793,-0.00162645,0.00463522,
610,459.11956,-0.00138864,0.00392423,
610,356.992693,-0.00113221,0.00320096,
610,260.155107,-0.00091048,0.00256956,
610,179.03533,-0.000717455,0.00201987,
610,110.232796,-0.000581604,0.0016097,
610,80.400978,-0.000526149,0.00144583,
610,72.764303,-0.000525488,0.00144065,
610,96.128374,-0.000602009,0.00167223,
610,154.140056,-0.000756284,0.00214094,
610,236.873138,-0.000961092,0.00272349,
610,331.904175,-0.0011986,0.00341239,
610,439.909477,-0.00146076,0.00417194,
810,536.505779,-0.00167005,0.00481577,
810,620.804287,-0.00186747,0.00538086,
810,685.559484,-0.00201849,0.00578528,
810,716.318964,-0.00208327,0.00596917,
810,723.313271,-0.00208794,0.00598129,
810,699.282421,-0.00199836,0.00572477,
810,636.425515,-0.00182321,0.00526453,
810,559.097108,-0.00160937,0.00465747,
810,458.337052,-0.00135735,0.00394604,
810,355.485643,-0.0010989,0.00323323,
810,259.140748,-0.000867374,0.00258602,
810,176.736115,-0.000661858,0.00204718,
810,111.454857,-0.000514161,0.00163462,
810,77.560772,-0.000451762,0.00145452,
810,73.754511,-0.000465965,0.00147102,
810,97.707876,-0.000532569,0.00169111,
810,157.221776,-0.000702763,0.00215724,
810,236.520527,-0.00090968,0.00273122,
810,335.246734,-0.00115975,0.00344384,
810,439.648641,-0.00142613,0.00417557,
1010,536.573403,-0.00172572,0.00488513,
1010,621.388755,-0.00193585,0.00547107,
1010,685.80583,-0.00207557,0.00585474,
1010,718.666501,-0.00215231,0.00605737,
1010,723.714188,-0.00214122,0.00604093,
1010,697.727058,-0.00205365,0.00579777,
1010,639.173963,-0.00189269,0.00533276,
1010,558.275956,-0.00166764,0.00472397,
1010,457.97961,-0.00141689,0.00401123,
1010,356.263319,-0.00115294,0.00329016,
1010,258.894403,-0.000918336,0.00264892,
1010,178.238333,-0.00072455,0.00210997,
1010,111.575614,-0.000581994,0.00169266,
1010,79.671605,-0.000518869,0.00152875,
1010,74.271351,-0.000515762,0.0015252,
1010,99.113488,-0.000593927,0.00175781,
1010,156.540706,-0.000763361,0.00222005,
1010,238.27875,-0.000964532,0.00279382,
1010,335.299868,-0.00121479,0.00349878,
1010,443.464574,-0.00148694,0.00424846,
1210,536.148337,-0.00172312,0.00487218,
1210,622.55769,-0.00193839,0.00546987,
1210,684.627233,-0.00207237,0.00584979,
1210,717.46375,-0.0021404,0.00602892,
1210,723.612751,-0.00214003,0.00603371,
1210,698.026538,-0.00205546,0.00577824,
1210,637.174214,-0.00189038,0.00531365,
1210,559.092277,-0.00167084,0.00471668,
1210,457.684962,-0.00141207,0.00399002,
1210,354.930159,-0.00115989,0.00327717,
1210,258.565944,-0.000924707,0.00262904,
1210,175.95844,-0.00072239,0.00209688,
1210,109.513084,-0.000588801,0.00167886,
1210,78.613774,-0.000526463,0.00151567,
1210,73.884928,-0.000526987,0.00151712,
1210,97.558137,-0.000604221,0.00174278,
1210,156.506894,-0.000773376,0.00221867,
1210,239.467,-0.00121993,0.00348028,
1210,443.049168,-0.00150304,0.00423925,
1410,622.55286,-0.00197034,0.00550586,
1410,686.960276,-0.00210717,0.00590097,
1410,717.734248,-0.00217057,0.00607796,
1410,723.569278,-0.00216967,0.00607745,
1410,698.311527,-0.00209154,0.00584017,
1410,638.116125,-0.001913,0.00535968,
1410,556.411459,-0.00169876,0.00475234,
1410,456.955588,-0.00144598,0.00404214,
1410,354.307052,-0.001183,0.00332096,
1410,257.039574,-0.00095241,0.0026749,
1410,176.538074,-0.000744383,0.00213897,
1410,111.870261,-0.000613423,0.00173399,
1410,78.179048,-0.000546308,0.00154799,
1410,74.807512,-0.000548063,0.00156901,
1410,98.079808,-0.000630724,0.00179898,
1410,158.15885,-0.00079401,0.00227322,
1410,238.496113,-0.00125226,0.00355793,
1410,444.628675,-0.00150989,0.00428326,
1610,537.911397,-0.00174592,0.00495882,
1610,623.050382,-0.00195793,0.00553818,
1610,687.670333,-0.00209592,0.00593294,
1610,717.642472,-0.00216082,0.00611574,
1610,723.008961,-0.00216657,0.0061024,
1610,697.466221,-0.00206692,0.00585408,
1610,637.183874,-0.00190288,0.00538863,
1610,556.710937,-0.00168091,0.00478082,
1610,454.158846,-0.00142203,0.00404937,
1610,353.630812,-0.00116323,0.00335457,
1610,257.266597,-0.000938862,0.00269726,
1610,173.949042,-0.000735625,0.00215246,
1610,110.517782,-0.000598114,0.00176515,
1610,77.831268,-0.000537892,0.00158454,
1610,73.599942,-0.000544324,0.00159885,
1610,98.268189,-0.000620206,0.00183083,
1610,157.738616,-0.000794053,0.00229928,
1610,239.950029,-0.00124591,0.0035699,
1610,445.599564,-0.00151468,0.00432515,
1810,539.268712,-0.0017745,0.00500419,
1810,622.436932,-0.00197756,0.00557859,
1810,687.254926,-0.00212348,0.00597027,
1810,718.275245,-0.00219251,0.00615001,
1810,723.912231,-0.00219426,0.00614833,
1810,697.277838,-0.00209386,0.00588255,
1810,637.449541,-0.00193349,0.00541973,
1810,555.971901,-0.00171026,0.00480452,
1810,454.260283,-0.00144897,0.00409194,
1810,353.640472,-0.00119278,0.00338425,
1810,256.416467,-0.000961895,0.00274312,
1810,173.108573,-0.000758058,0.00218199,
1810,109.488932,-0.000623482,0.00179269,
1810,78.058291,-0.000562421,0.00162642,
1810,73.06378,-0.000568471,0.00163393,
1810,98.688423,-0.000653187,0.00186039,
1810,159.69971,-0.000818426,0.00234067,
1810,239.747157,-0.00102007,0.00291625,
1810,337.652218,-0.00127092,0.00361476,
1810,445.469146,-0.00153551,0.00435745,
2010,537.119227,-0.00183434,0.00496962,
2010,626.165932,-0.00204842,0.00555177,
2010,685.148907,-0.00218569,0.00592786,
2010,718.825901,-0.00225413,0.0061176,
2010,723.43886,-0.00224963,0.00609836,
2010,696.340756,-0.00215877,0.00583717,
2010,635.942484,-0.00199306,0.00538004,
2010,555.686913,-0.00176967,0.0047664,
2010,451.574639,-0.0015131,0.00403928,
2010,353.012535,-0.0012558,0.00333649,
2010,255.880306,-0.00102595,0.00268977,
2010,173.152046,-0.000824086,0.00215208,
2010,109.657992,-0.000690171,0.00175554,
2010,78.681398,-0.000626613,0.00158106,
2010,73.58062,-0.000639499,0.00160013,
2010,99.804218,-0.00071555,0.00183472,
2010,158.342401,-0.000887297,0.00229333,
2010,242.196111,-0.0010974,0.00288321,
2010,337.599085,-0.00134237,0.00359295,
2010,446.541471,-0.0016061,0.00431928,
2210,539.621324,-0.00177102,0.00503747,
2210,625.122585,-0.00198373,0.00562344,
2210,687.993965,-0.00212279,0.00600207,
2210,717.816364,-0.00218457,0.00617419,
2210,723.120058,-0.00218983,0.00617115,
2210,698.606176,-0.00208939,0.00591199,
2210,634.623809,-0.00192964,0.00543368,
2210,555.372943,-0.00170889,0.00482972,
2210,452.540698,-0.00143977,0.00409606,
2210,352.162404,-0.00119906,0.00340608,
2210,255.397277,-0.000965016,0.00275475,
2210,172.36471,-0.00076644,0.00221724,
2210,109.952639,-0.000627201,0.00182338,
2210,79.323825,-0.000566356,0.00165661,
2210,74.918608,-0.000575362,0.0016711,
2210,99.297039,-0.000655012,0.00190095,
2210,160.627124,-0.000828998,0.00238342,
2210,243.002768,-0.00103954,0.00295709,
2210,336.232113,-0.00127911,0.00365042,
2210,448.454268,-0.00155326,0.00441317,
2410,539.143124,-0.00181899,0.00494518,
2410,625.537992,-0.00202965,0.00553363,
2410,687.042392,-0.0021617,0.00589632,
2410,716.821317,-0.00223232,0.00608248,
2410,724.525682,-0.00222402,0.00606483,
2410,696.500157,-0.00212431,0.00580512,
2410,634.889476,-0.00197015,0.00534212,
2410,554.305446,-0.00174273,0.00472365,
2410,450.415368,-0.0014839,0.00400429,
2410,351.650393,-0.00123889,0.00330795,
2410,252.156156,-0.00100397,0.00265042,
2410,172.905701,-0.000801314,0.00212561,
2410,110.271438,-0.000665347,0.00172876,
2410,77.401373,-0.000603166,0.00155907,
2410,74.411429,-0.000616865,0.00157764,
2410,99.939466,-0.000690688,0.00181364,
2410,158.960677,-0.000863655,0.00228564,
2410,242.418304,-0.00107204,0.00287604,
2410,337.782636,-0.00130823,0.00356039,
2410,447.454397,-0.00159358,0.00432415,
2610,541.012451,-0.00188151,0.0049756,
2610,626.484733,-0.0020851,0.00555689,
2610,686.786385,-0.00222341,0.00593499,
2610,718.20279,-0.0022861,0.00610959,
2610,722.294073,-0.00228517,0.00609195,
2610,695.33605,-0.00218581,0.00583608,
2610,634.33882,-0.00202261,0.00536413,
2610,553.126852,-0.00179808,0.00474811,
2610,452.212238,-0.00153779,0.00403953,
2610,351.413709,-0.00128758,0.00332548,
2610,253.416861,-0.00105555,0.00268367,
2610,172.726981,-0.000858675,0.00214878,
2610,108.402119,-0.000717805,0.00174876,
2610,77.840929,-0.000674132,0.00159881,
2610,75.952289,-0.000669436,0.00160916,
2610,98.871974,-0.000748015,0.00184245,
2610,159.593444,-0.000928332,0.00232733,
2610,243.282924,-0.00112468,0.00289962,
2610,338.207701,-0.00137467,0.003606,
2610,448.719934,-0.00164436,0.00435301,
2810,541.022112,-0.00184693,0.0050297,
2810,626.407448,-0.00205344,0.00560326,
2810,688.370729,-0.00218844,0.0059718,
2810,717.294689,-0.00225521,0.00615122,
2810,723.603091,-0.00224207,0.00613927,
2810,695.79976,-0.00215371,0.00587185,
2810,634.068323,-0.00198638,0.00540634,
2810,550.334936,-0.00176102,0.00478401,
2810,452.767721,-0.00151044,0.0040828,
2810,349.602351,-0.00125181,0.00336373,
2810,251.721431,-0.00101803,0.00271606,
2810,174.229199,-0.000829607,0.00219658,
2810,107.411911,-0.000679385,0.00178621,
2810,77.333749,-0.000629206,0.00164608,
2810,75.329182,-0.000636535,0.0016584,
2810,96.852916,-0.000710505,0.00187996,
2810,164.046964,-0.000892957,0.00239059,
2810,243.968825,-0.00109263,0.00295278,
2810,339.280025,-0.00134505,0.00365612,
2810,448.536383,-0.00161285,0.00440309,
3010,541.297439,-0.00183776,0.00506986,
3010,628.658373,-0.00205422,0.00565958,
3010,688.771646,-0.00218694,0.00602146,
3010,717.652133,-0.00225142,0.006199,
3010,723.545127,-0.00224503,0.00618117,
3010,696.277962,-0.00214418,0.00591137,
3010,634.300178,-0.00198202,0.00544412,
3010,552.638991,-0.00175767,0.00482359,
3010,450.589258,-0.00149929,0.00411906,
3010,347.375588,-0.0012382,0.00339543,
3010,252.431483,-0.00101626,0.00275729,
3010,171.050873,-0.000824028,0.00222831,
3010,106.991677,-0.000674317,0.00183002,
3010,75.45477,-0.000622817,0.00167296,
3010,74.450071,-0.000634624,0.00169216,
3010,98.147432,-0.000708416,0.00191878,
3010,161.641484,-0.000885764,0.00242103,
3010,245.451722,-0.00109861,0.00300469,
3010,339.125456,-0.00134403,0.00369256,
3010,450.579598,-0.00161464,0.00445612,
3210,541.722506,-0.00158536,0.00445457,
3210,627.281734,-0.00181626,0.00508176,
3210,689.032483,-0.00201993,0.00565625,
3210,719.41037,-0.00215291,0.00602642,
3210,722.883373,-0.00222047,0.00619804,
3210,696.079919,-0.00221942,0.00617838,
3210,633.570801,-0.00212254,0.00591352,
3210,551.841991,-0.00196187,0.0054406,
3210,449.46863,-0.00174041,0.00481771,
3210,349.104831,-0.00147645,0.00410811,
3210,250.794016,-0.00122977,0.00339847,
3210,171.00257,-0.000996513,0.00274598,
3210,107.807994,-0.000802889,0.00222221,
3210,76.609207,-0.000672386,0.00183442,
3210,74.000855,-0.00062864,0.00169906,
3210,98.683593,-0.000713256,0.00193071,
3210,162.795921,-0.000886014,0.00242649,
3210,246.118301,-0.00109491,0.00300025,
3210,340.845038,-0.00135103,0.00370914,
3210,451.342784,-0.00162139,0.00444571,
3410,544.760766,-0.00185332,0.0051415,
3410,626.851837,-0.00205964,0.00570408,
3410,689.872959,-0.00225336,0.0062521,
3410,721.410124,-0.00223418,0.00623024,
3410,695.891536,-0.00213831,0.00596668,
3410,634.710754,-0.00197785,0.0054854,
3410,551.233373,-0.00174887,0.00486856,
3410,450.033774,-0.00149163,0.00415698,
3410,346.776632,-0.00123304,0.00343313,
3410,253.344406,-0.00101274,0.00281213,
3410,169.935078,-0.000807773,0.00225843,
3410,105.619877,-0.000663975,0.00187418,
3410,78.159727,-0.000625986,0.00173442,
3410,73.121744,-0.000622726,0.00174138,
3410,99.949127,-0.000704891,0.00198792,
3410,164.916415,-0.00087818,0.00247847,
3410,244.543629,-0.00108678,0.00304284,
3410,343.178067,-0.00134195,0.00377406,
3410,451.961062,-0.0016019,0.00450565,
3610,543.355148,-0.00186746,0.00511052,
3610,629.605114,-0.00207398,0.00568354,
3610,688.675039,-0.00220145,0.00603587,
3610,717.391295,-0.0022719,0.00621661,
3610,724.530513,-0.00226283,0.00619469,
3610,695.075212,-0.00216242,0.0059221,
3610,631.759433,-0.0019951,0.00544713,
3610,548.866524,-0.0017681,0.00481834,
3610,447.420585,-0.00151139,0.00411348,
3610,348.008356,-0.00125049,0.00340566,
3610,250.702241,-0.00102382,0.00275225,
3610,170.814189,-0.000833921,0.00223532,
3610,106.668048,-0.000691097,0.00183083,
3610,76.541583,-0.000644532,0.0016873,
3610,76.49811,-0.000720799,0.00194409,
3610,165.090305,-0.000911516,0.00244643,
3610,246.973261,-0.00111454,0.00301399,
3610,342.598433,-0.00137043,0.00373176,
3610,453.265242,-0.00162972,0.00447306,
3810,545.016772,-0.00187953,0.0051396,
3810,630.701595,-0.00207715,0.00570876,
3810,688.124383,-0.0022052,0.00606566,
3810,719.540789,-0.00226506,0.0062471,
3810,722.086369,-0.00225711,0.00620991,
3810,694.640484,-0.00216601,0.00594907,
3810,633.363097,-0.0019911,0.00546401,
3810,548.050203,-0.00176485,0.00484446,
3810,447.565494,-0.00150939,0.00413242,
3810,347.902089,-0.00126125,0.00343469,
3810,249.32078,-0.00102489,0.00277029,
3810,169.538995,-0.000843192,0.00226539,
3810,108.604991,-0.000691357,0.00186901,
3810,74.358296,-0.000638359,0.00170334,
3810,75.541715,-0.000660229,0.00174854,
3810,103.137112,-0.000730704,0.00198921,
3810,163.931037,-0.000913784,0.0024731,
3810,247.552896,-0.00112767,0.00305909,
3810,344.375979,-0.00137386,0.00375786,
3810,453.762762,-0.00164514,0.00450706,
4010,546.857118,-0.00190414,0.00510694,
4010,628.692185,-0.00210363,0.00567293,
4010,689.853637,-0.00224151,0.00604736,
4010,720.144579,-0.00229811,0.00619955,
4010,722.69499,-0.00229413,0.00618705,
4010,695.698324,-0.00219844,0.00591537,
4010,631.208778,-0.00202233,0.00542249,
4010,548.088845,-0.00179062,0.00480388,
4010,448.232074,-0.0015421,0.00409401,
4010,345.462794,-0.00127935,0.00338052,
4010,249.629918,-0.00105459,0.0027455,
4010,170.645129,-0.00086178,0.0022074,
4010,105.644028,-0.000721359,0.00182134,
4010,76.560904,-0.000671461,0.00167495,
4010,74.904117,-0.00067284,0.00170145,
4010,102.427061,-0.000762544,0.0019493,
4010,164.82464,-0.000942561,0.00243447,
4010,249.538142,-0.0011551,0.00302777,
4010,343.153916,-0.00139369,0.00371791,
4010,454.110544,-0.00166853,0.0044672,
4210,543.514548,-0.00190162,0.00518528,
4210,629.832139,-0.00210466,0.00576838,
4210,690.186929,-0.00224005,0.00613032,
4210,718.20762,-0.00229996,0.00628514,
4210,723.429199,-0.00228892,0.00627293,
4210,693.08029,-0.00219358,0.00599009,
4210,631.329536,-0.00202832,0.00551674,
4210,547.306336,-0.00178668,0.00488093,
4210,444.870189,-0.00154155,0.00417697,
4210,346.337076,-0.00128941,0.00347187,
4210,246.871825,-0.0010529,0.00281306,
4210,167.688997,-0.00086673,0.00230152,
4210,104.880844,-0.000714631,0.00190352,
4210,76.652679,-0.000675251,0.00175836,
4210,75.618999,-0.000679189,0.00179364,
4210,100.195471,-0.000768676,0.00203345,
4210,164.201533,-0.000948011,0.00252757,
4210,249.214513,-0.00116189,0.00312511,
4210,346.419191,-0.00140817,0.00381432,
4210,452.062498,-0.00167069,0.00456193,
4410,546.190536,-0.00184973,0.00519246,
4410,630.638801,-0.00207253,0.0057652,
4410,691.607043,-0.00219906,0.00612717,
4410,719.188175,-0.00225553,0.00628609,
4410,722.54525,-0.00225699,0.0062651,
4410,694.1333,-0.00216104,0.00599162,
4410,630.078485,-0.00198415,0.00549728,
4410,547.282184,-0.00176022,0.00488649,
4410,447.647609,-0.00151381,0.00415872,
4410,342.018798,-0.00124666,0.0034458,
4410,250.204722,-0.00103353,0.00283412,
4410,168.210667,-0.000834424,0.00228689,
4410,104.011393,-0.000706007,0.0019057,
4410,77.401373,-0.000649091,0.00175809,
4410,74.401768,-0.000657676,0.0017737,
4410,101.311266,-0.000747699,0.00203827,
4410,167.592391,-0.000932377,0.00253145,
4410,248.354723,-0.00113921,0.00311167,
4410,346.283943,-0.00139107,0.00382514,
4410,454.564591,-0.00165952,0.00455235,
4610,545.712336,-0.00191251,0.00518886,
4610,632.976672,-0.002127,0.00576929,
4610,690.81004,-0.00226174,0.00611615,
4610,720.424738,-0.00231643,0.00628545,
4610,723.690036,-0.00231165,0.00625874,
4610,692.969193,-0.00221023,0.00597218,
4610,629.967388,-0.00203972,0.00549393,
4610,546.57213,-0.00181451,0.00485863,
4610,446.676719,-0.00155331,0.00416408,
4610,344.327676,-0.00129609,0.0034454,
4610,246.354985,-0.00106751,0.00281036,
4610,167.993305,-0.000873011,0.002277,
4610,103.238548,-0.00072953,0.00189582,
4610,76.952157,-0.000668013,0.00176239,
4610,76.560904,-0.000679396,0.00178825,
4610,100.408003,-0.000749944,0.00203349,
4610,166.70845,-0.000941374,0.00253561,
4610,250.233703,-0.00114302,0.00312365,
4610,345.810574,-0.00138466,0.00382061,
4610,456.583655,-0.00165687,0.0045703,
4810,546.818475,-0.00186029,0.00523106,
4810,631.614524,-0.00206371,0.00580287,
4810,692.718017,-0.00219536,0.00616679,
4810,718.758277,-0.00225154,0.00632776,
4810,722.438983,-0.00223817,0.00629381,
4810,693.399092,-0.00213801,0.00601711,
4810,629.721042,-0.0019732,0.00552345,
4810,545.736487,-0.0017402,0.00489495,
4810,443.7399,-0.00148354,0.0041833,
4810,342.767493,-0.00123113,0.00348423,
4810,246.340494,-0.00100342,0.00283226,
4810,164.49618,-0.00080742,0.00230353,
4810,105.953166,-0.000674849,0.00192777,
4810,76.580225,-0.000631033,0.00178485,
4810,74.928269,-0.000635609,0.00179968,
4810,101.948863,-0.000719489,0.00207058,
4810,168.461842,-0.000902968,0.0025724,
4810,249.093756,-0.00111115,0.00314556,
4810,345.530418,-0.00136369,0.00385764,
4810,457.554544,-0.00163076,0.00459274,
5010,547.171087,-0.00191131,0.00518077,
5010,631.769094,-0.00211752,0.00575756,
5010,691.090199,-0.00224851,0.00610754,
5010,720.540666,-0.00230504,0.00626571,
5010,721.695113,-0.0023003,0.00623827,
5010,692.481331,-0.00219536,0.00595711,
5010,628.629391,-0.00202177,0.00546484,
5010,544.8139,-0.00179132,0.00483794,
5010,444.623844,-0.00154351,0.00413842,
5010,342.347258,-0.00128019,0.00341,
5010,245.427571,-0.00106056,0.00278098,
5010,166.906491,-0.000866483,0.00226171,
5010,103.571838,-0.000724917,0.00186997,
5010,76.995629,-0.000683686,0.00174248,
5010,75.580357,-0.000684613,0.0017612,
5010,101.079412,-0.000777412,0.00202403,
5010,167.273593,-0.000956829,0.00252175,
5010,250.760204,-0.0011653,0.00310814,
5010,346.979504,-0.00142335,0.00381642,
5010,457.221254,-0.00168576,0.00455518,
5210,548.813391,-0.00191196,0.00521919,
5210,632.851084,-0.00210385,0.00576981,
5210,692.375064,-0.00224004,0.00614091,
5210,718.879035,-0.00229752,0.00629219,
5210,723.612751,-0.00228599,0.00626087,
5210,690.452597,-0.00217972,0.00597179,
5210,629.508508,-0.00201397,0.00549686,
5210,543.968596,-0.00178385,0.00485476,
5210,444.0587,-0.00153161,0.00415645,
5210,340.743602,-0.00126864,0.00343043,
5210,244.703028,-0.00103864,0.00280198,
5210,166.703619,-0.000856306,0.00228105,
5210,104.624839,-0.000710079,0.00189681,
5210,75.068347,-0.000663801,0.00175214,
5210,75.903986,-0.000679159,0.00179234,
5210,102.697557,-0.000762914,0.00204311,
5210,168.075419,-0.000951911,0.00255234,
5210,251.938794,-0.00116109,0.00312792,
5210,348.220888,-0.00140979,0.00384013,
5210,457.013551,-0.00167343,0.00457935,
5410,551.368621,-0.00171516,0.00465823,
5410,633.797825,-0.00194722,0.00530115,
5410,692.891908,-0.00214033,0.00584127,
5410,720.207374,-0.00227526,0.00621029,
5410,722.651517,-0.00232459,0.00636589,
5410,691.824407,-0.00232312,0.00633112,
5410,627.127164,-0.00221453,0.00603848,
5410,544.388833,-0.00203854,0.00555499,
5410,441.740158,-0.00181332,0.0049261,
5410,340.444124,-0.00155325,0.00420101,
5410,245.529007,-0.00130381,0.00349612,
5410,165.761714,-0.00108081,0.00287024,
5410,102.823144,-0.000895476,0.00233505,
5410,76.454638,-0.000746977,0.00195403,
5410,76.14067,-0.000703742,0.00182374,
5410,102.963222,-0.000712465,0.00185141,
5410,169.302311,-0.000803337,0.00211496,
5410,252.088532,-0.000978072,0.002615,
5410,348.457573,-0.00118939,0.00319906,
5410,458.713815,-0.00144393,0.0039103,
5610,549.905039,-0.00169539,0.00462485,
5610,633.551479,-0.00193065,0.00526275,
5610,693.345958,-0.00213028,0.00582527,
5610,719.632565,-0.00225868,0.00618162,
5610,721.859344,-0.00231906,0.00632294,
5610,692.384725,-0.00230505,0.00630156,
5610,626.813194,-0.00220215,0.00601528,
5610,543.649797,-0.00202372,0.00551436,
5610,443.754391,-0.00180516,0.0048978,
5610,339.081983,-0.00153873,0.00418684,
5610,245.543497,-0.00128815,0.00346513,
5610,166.404142,-0.00106245,0.00284256,
5610,101.944033,-0.000871029,0.00230733,
5610,78.956724,-0.000735062,0.00193367,
5610,75.831532,-0.000687881,0.00180318,
5610,103.465571,-0.000695169,0.00183372,
5610,171.799567,-0.000782289,0.00209349,
5610,252.441143,-0.000970348,0.0025935,
5610,350.780941,-0.0011871,0.00318654,
5610,458.583397,-0.00143665,0.00389679,
5810,548.924488,-0.00196204,0.00527716,
5810,637.256329,-0.00217281,0.00586581,
5810,691.978978,-0.00229194,0.00618635,
5810,720.067294,-0.00235394,0.00635451,
5810,723.231156,-0.00234227,0.00631414,
5810,692.761489,-0.00223543,0.00602918,
5810,626.726249,-0.00206227,0.00553423,
5810,542.529166,-0.00182966,0.00490474,
5810,441.44551,-0.00157413,0.00418882,
5810,339.521539,-0.00132388,0.00349126,
5810,243.495457,-0.00109538,0.00284864,
5810,165.013021,-0.000904007,0.00232943,
5810,103.774709,-0.000771721,0.00195267,
5810,75.309861,-0.000716204,0.00181583,
5810,75.778398,-0.000736585,0.00185237,
5810,104.146641,-0.0008304,0.00212244,
5810,171.601525,-0.00101289,0.00261296,
5810,252.716469,-0.00121678,0.00320715,
5810,351.722848,-0.00148084,0.00393735,
5810,458.158331,-0.00172498,0.00463021,
6010,551.281676,-0.00199571,0.00529978,
6010,636.584916,-0.00231797,0.00619133,
6010,720.642103,-0.00238022,0.00636565,
6010,722.946167,-0.00236871,0.00632916,
6010,691.974147,-0.00225693,0.00602529,
6010,625.533162,-0.00208426,0.00553339,
6010,542.364936,-0.00185876,0.00491467,
6010,440.339373,-0.00159688,0.0042021,
6010,336.169319,-0.00134104,0.00347489,
6010,244.823785,-0.00111769,0.00286425,
6010,163.892395,-0.000925749,0.00232314,
6010,102.485024,-0.000790209,0.00195941,
6010,76.333881,-0.00074592,0.00182343,
6010,74.271351,-0.000752297,0.00185588,
6010,105.793767,-0.000848918,0.00213358,
6010,170.616148,-0.00103883,0.00263403,
6010,253.948192,-0.00124844,0.0032213,
6010,351.234988,-0.00150533,0.00393204,
6010,462.433143,-0.0017648,0.0046731,
6210,552.218755,-0.00196885,0.0053288,
6210,633.981377,-0.00216692,0.00589012,
6210,695.089703,-0.00229817,0.00624698,
6210,721.569525,-0.0023335,0.00634334,
6210,691.916184,-0.00223357,0.00605948,
6210,625.793998,-0.00205414,0.00556644,
6210,541.877075,-0.00182379,0.00493162,
6210,438.668091,-0.00131234,0.00350332,
6210,243.321567,-0.00108815,0.00288614,
6210,163.153362,-0.000903505,0.00236274,
6210,102.808653,-0.000759303,0.00198418,
6210,75.135971,-0.000713805,0.00184793,
6210,75.261558,-0.000730723,0.00189565,
6210,105.938676,-0.000826392,0.00216293,
6210,171.17163,-0.00101009,0.00265723,
6210,255.532525,-0.00121871,0.00326304,
6210,350.665014,-0.00146574,0.00396285,
6210,460.510685,-0.00174169,0.0047093,
6410,551.730894,-0.00196965,0.00528527,
6410,636.184,-0.0021785,0.00584771,
6410,693.408752,-0.00229656,0.00618986,
6410,720.767691,-0.00235044,0.00634297,
6410,722.057387,-0.00233175,0.00629258,
6410,688.588094,-0.00222822,0.00599676,
6410,626.190084,-0.00205614,0.00551774,
6410,541.394045,-0.00182544,0.00487705,
6410,438.957909,-0.00156379,0.00416213,
6410,336.270755,-0.00131145,0.00345418,
6410,243.075222,-0.00109074,0.0028294,
6410,164.172551,-0.000891052,0.00229676,
6410,101.407872,-0.000762189,0.00194165,
6410,77.338579,-0.000719856,0.00180579,
6410,75.092498,-0.000712455,0.0018318,
6410,106.325098,-0.000823414,0.00211756,
6410,172.847738,-0.00100711,0.00262403,
6410,255.759548,-0.00121926,0.00320897,
6410,353.384467,-0.0014724,0.00391612,
6410,461.515387,-0.00173437,0.00464864,
6610,553.638864,-0.00196653,0.00530622,
6610,636.435176,-0.00216824,0.00587388,
6610,693.650268,-0.00229543,0.00621906,
6610,721.873835,-0.00234969,0.00637658,
6610,722.071878,-0.00233007,0.00632308,
6610,689.612121,-0.00222894,0.00602922,
6610,624.219317,-0.00205517,0.00552735,
6610,539.326676,-0.00182486,0.00489681,
6610,437.436366,-0.00156094,0.00419044,
6610,336.17415,-0.00130617,0.00347066,
6610,242.920653,-0.00108973,0.00284989,
6610,162.172815,-0.000899328,0.00231495,
6610,100.828238,-0.000758816,0.00195541,
6610,75.594848,-0.000709662,0.00182529,
6610,77.130877,-0.000729968,0.00186194,
6610,104.083847,-0.000822552,0.0021365,
6610,173.427372,-0.00100412,0.00264621,
6610,255.334483,-0.00122117,0.00323286,
6610,352.911099,-0.00147876,0.00394885,
6610,465.210563,-0.00174508,0.00469318,
6810,555.097616,-0.0019886,0.00537733,
6810,638.256204,-0.00218483,0.00593527,
6810,695.563075,-0.00235672,0.00641094,
6810,720.733879,-0.00234776,0.00637591,
6810,690.438106,-0.00223883,0.00608061,
6810,622.238889,-0.00205695,0.00556075,
6810,539.925633,-0.0018389,0.00495569,
6810,437.846941,-0.0015724,0.00422746,
6810,335.976108,-0.00132303,0.00351373,
6810,241.273526,-0.00109585,0.00289408,
6810,163.742656,-0.000909553,0.00236963,
6810,99.867012,-0.000775345,0.00200644,
6810,76.280748,-0.00073,0.00187328,
6810,77.126047,-0.000748357,0.00191468,
6810,103.9486,-0.000837488,0.00218261,
6810,175.803871,-0.00102919,0.00270115,
6810,255.397277,-0.00123663,0.00327702,
6810,354.529245,-0.00150217,0.00400291,
6810,463.698681,-0.00175929,0.00472854,
7010,554.885082,-0.00179538,0.00473202,
7010,636.159848,-0.00202266,0.00535773,
7010,694.345834,-0.00221471,0.00589787,
7010,722.728802,-0.00234756,0.00625645,
7010,721.463258,-0.0023995,0.00639868,
7010,688.863422,-0.00237939,0.00634998,
7010,623.591377,-0.00226452,0.00604715,
7010,538.404088,-0.00208957,0.00555504,
7010,437.692372,-0.00186584,0.00490727,
7010,335.077674,-0.00160802,0.00420298,
7010,238.747288,-0.00135332,0.00349339,
7010,164.022813,-0.00112721,0.0028621,
7010,99.630328,-0.000940826,0.00235024,
7010,72.701509,-0.000806529,0.00197519,
7010,76.778267,-0.000759214,0.00183914,
7010,106.812956,-0.000780231,0.00189741,
7010,173.615753,-0.000875318,0.00216764,
7010,258.203672,-0.00105867,0.00267838,
7010,354.137992,-0.00127213,0.00327775,
7010,462.621525,-0.0015266,0.00398138,
7210,555.285998,-0.00196411,0.00533514,
7210,638.893805,-0.00228978,0.00623013,
7210,722.670838,-0.00233517,0.00637501,
7210,720.535836,-0.00232309,0.00632611,
7210,690.578185,-0.00221372,0.00602764,
7210,622.050507,-0.00203152,0.00552238,
7210,538.394427,-0.00180393,0.00488616,
7210,438.470049,-0.00155256,0.00418662,
7210,332.546604,-0.00128263,0.00346006,
7210,240.007992,-0.00107637,0.00284149,
7210,161.699447,-0.000878156,0.00232554,
7210,99.533722,-0.000744333,0.00195093,
7210,75.319522,-0.000699564,0.00182659,
7210,75.918477,-0.000722535,0.00187753,
7210,106.455516,-0.000808847,0.00214794,
7210,173.21484,-0.000997694,0.00265086,
7210,260.304846,-0.00121842,0.00326842,
7210,355.538776,-0.00146723,0.00396415,
7210,465.104297,-0.00173827,0.00471555,
7410,555.764198,-0.00203092,0.00539692,
7410,640.284935,-0.0022303,0.0059607,
7410,693.650268,-0.002356,0.00627924,
7410,720.545496,-0.00240165,0.00644131,
7410,722.801257,-0.0023858,0.00639059,
7410,688.554282,-0.00227934,0.00608372,
7410,621.586797,-0.00209778,0.0055797,
7410,536.491288,-0.00186457,0.00494106,
7410,437.190021,-0.00161059,0.00423389,
7410,334.420755,-0.00135609,0.00352241,
7410,238.587889,-0.00113183,0.0028891,
7410,160.071642,-0.00094396,0.00238039,
7410,102.011657,-0.000816602,0.00200863,
7410,74.879966,-0.000767567,0.00188082,
7410,76.15033,-0.00078979,0.00194296,
7410,107.151076,-0.000877741,0.00220663,
7410,175.359485,-0.0010696,0.00273336,
7410,259.459546,-0.00128573,0.00331361,
7410,354.529245,-0.00154121,0.004033,
7410,465.452078,-0.0018077,0.00477753,
7610,556.12164,-0.00199036,0.00536063,
7610,640.033759,-0.00218363,0.00590564,
7610,696.480835,-0.00230921,0.00625477,
7610,719.820948,-0.00236136,0.00638641,
7610,721.443936,-0.00233988,0.00634607,
7610,688.095401,-0.00223416,0.00602561,
7610,620.446844,-0.00205324,0.00554218,
7610,538.008003,-0.00182763,0.00490145,
7610,434.296675,-0.00156798,0.00418366,
7610,331.851042,-0.00131061,0.00347594,
7610,239.669872,-0.0010912,0.00285224,
7610,158.535612,-0.000905638,0.00232711,
7610,100.161659,-0.000771157,0.00197709,
7610,75.45477,-0.000725718,0.00184428,
7610,74.971741,-0.00073481,0.00188981,
7610,107.397421,-0.000846781,0.00218497,
7610,173.548129,-0.00103087,0.0026836,
7610,257.81725,-0.00124717,0.00328962,
7610,358.11332,-0.00150549,0.00400088,
7610,464.6744,-0.00176475,0.00472935,
7810,556.831695,-0.00198315,0.00534443,
7810,639.4348,-0.00217563,0.00589836,
7810,696.84794,-0.00230187,0.00623604,
7810,720.680745,-0.00235608,0.00637207,
7810,719.729172,-0.00233002,0.00631873,
7810,688.921386,-0.00222609,0.00601275,
7810,621.702725,-0.00204892,0.00551245,
7810,534.44807,-0.00181912,0.00487237,
7810,433.915082,-0.0015527,0.00416527,
7810,332.899215,-0.00130253,0.00345908,
7810,236.969743,-0.0010759,0.00281906,
7810,160.453234,-0.000900247,0.00232505,
7810,99.683461,-0.000764415,0.00195258,
7810,75.218086,-0.000724461,0.00183136,
7810,77.705681,-0.000736392,0.00188654,
7810,107.21387,-0.000837201,0.00216243,
7810,176.736115,-0.00101921,0.00267608,
7810,260.966595,-0.00123156,0.00326927,
7810,358.668803,-0.00149742,0.00399553,
7810,467.398687,-0.00175519,0.00471554,
8010,556.947622,-0.00175293,0.00473732,
8010,641.193034,-0.00198584,0.00536171,
8010,696.587102,-0.0021847,0.00591131,
8010,720.477872,-0.00230524,0.0062486,
8010,720.825655,-0.00234765,0.00638913,
8010,686.815367,-0.0023395,0.00633667,
8010,621.263167,-0.00222533,0.006023,
8010,535.916482,-0.00204924,0.00552575,
8010,433.38375,-0.00180967,0.00487623,
8010,330.836682,-0.00155032,0.00417481,
8010,238.679664,-0.0012973,0.00345678,
8010,160.047491,-0.00108183,0.00284671,
8010,97.717537,-0.000887038,0.00231686,
8010,76.585055,-0.00076007,0.00195992,
8010,75.788059,-0.000722483,0.00184714,
8010,107.523008,-0.000734384,0.00189124,
8010,179.189899,-0.00083074,0.00217433,
8010,258.213333,-0.00102978,0.00270196,
8010,360.185514,-0.00123165,0.00327155,
8010,467.731978,-0.00150071,0.00401962,
8210,557.836398,-0.00200315,0.00541072,
8210,642.873983,-0.00219828,0.0059562,
8210,695.514772,-0.00231729,0.00628437,
8210,722.139503,-0.00235305,0.00636218,
8210,687.568896,-0.00223357,0.00606163,
8210,620.934705,-0.00205544,0.00554731,
8210,532.443495,-0.00182047,0.00491017,
8210,433.775003,-0.00157224,0.00420568,
8210,330.334332,-0.00130852,0.00348013,
8210,234.998988,-0.00108329,0.00286121,
8210,159.907412,-0.00091157,0.00236444,
8210,97.133073,-0.000769194,0.00198009,
8210,74.522525,-0.00073593,0.00187997,
8210,78.019649,-0.000746376,0.00192202,
8210,108.097811,-0.000847581,0.00221214,
8210,177.866401,-0.00103469,0.00272702,
8210,262.555759,-0.0012499,0.00332091,
8210,357.968411,-0.00150956,0.004038,
8210,466.891506,-0.00177019,0.00476902,
8410,559.498023,-0.00200423,0.00539301,
8410,641.90309,-0.00219053,0.00593159,
8410,696.026785,-0.00231218,0.00626424,
8410,723.264968,-0.00236661,0.00642046,
8410,720.791843,-0.0023409,0.0063394,
8410,686.134292,-0.00223173,0.00603071,
8410,620.108722,-0.00205206,0.00554295,
8410,533.453028,-0.00181557,0.00488654,
8410,431.190796,-0.00155595,0.00417068,
8410,330.47441,-0.00130662,0.00347305,
8410,237.462432,-0.00107479,0.00284248,
8410,158.511461,-0.000904202,0.00233516,
8410,98.055656,-0.000761303,0.001968,
8410,74.855815,-0.00072461,0.00186228,
8410,77.00046,-0.000744797,0.00190281,
8410,109.392327,-0.000849301,0.00220528,
8410,177.760135,-0.00103052,0.00270443,
8410,261.285394,-0.00124679,0.00331646,
8410,361.388256,-0.00150834,0.00404411,
8410,467.43733,-0.00176568,0.00474841,
8610,558.82178,-0.00198775,0.00542224,
8610,641.212355,-0.00218569,0.00597416,
8610,696.84794,-0.00231393,0.00631101,
8610,721.5019,-0.00235232,0.00643621,
8610,720.526175,-0.00234194,0.00638896,
8610,685.18755,-0.00222319,0.0060677,
8610,618.543702,-0.0020402,0.00556216,
8610,533.293628,-0.00180716,0.00491786,
8610,430.147453,-0.00155284,0.0042112,
8610,330.363314,-0.00130597,0.00351438,
8610,236.312825,-0.00106966,0.00286994,
8610,157.695143,-0.000897681,0.00237624,
8610,99.538553,-0.000759924,0.00200915,
8610,72.358559,-0.00071595,0.00188914,
8610,76.333881,-0.000740994,0.00195699,
8610,109.740107,-0.000846712,0.00224476,
8610,176.629849,-0.00103275,0.00275153,
8610,263.343095,-0.00124435,0.00336382,
8610,358.596349,-0.00149442,0.00406942,
8610,470.852349,-0.00176028,0.00480779,
8810,561.391502,-0.00200688,0.00544558,
8810,642.072151,-0.00219738,0.00598573,
8810,697.514524,-0.00231195,0.00631185,
8810,720.584139,-0.00236872,0.00644897,
8810,719.386219,-0.0023451,0.0063931,
8810,686.540039,-0.00222957,0.00606712,
8810,617.828816,-0.00204881,0.00556216,
8810,533.974701,-0.00182265,0.00493182,
8810,429.171733,-0.00156002,0.00421144,
8810,328.78381,-0.00131006,0.00351191,
8810,234.549771,-0.0010793,0.00287626,
8810,156.043187,-0.00090301,0.0023704,
8810,99.775236,-0.000725884,0.00190945,
8810,77.667038,-0.000750674,0.00195455,
8810,108.600161,-0.000853646,0.00225721,
8810,178.465356,-0.0010412,0.0027598,
8810,263.338265,-0.00125375,0.00337085,
8810,362.334992,-0.00151568,0.00409939,
8810,469.142424,-0.00176831,0.00480616,
9010,560.88432,-0.00200119,0.00544015,
9010,643.690306,-0.00219658,0.00599396,
9010,698.533721,-0.00232417,0.0063189,
9010,721.192759,-0.00236074,0.00644192,
9010,720.120428,-0.00234025,0.00638321,
9010,685.139246,-0.0022279,0.00607129,
9010,619.335873,-0.00204468,0.00556593,
9010,531.260071,-0.00181396,0.00491524,
9010,429.205545,-0.00155236,0.00420503,
9010,328.049606,-0.0012985,0.00350605,
9010,233.274576,-0.00106888,0.00286599,
9010,158.352062,-0.000903202,0.00237602,
9010,97.60161,-0.000760354,0.00200682,
9010,73.817304,-0.000725056,0.00190173,
9010,79.106462,-0.000740712,0.00194952,
9010,108.889978,-0.00085447,0.00225486,
9010,180.967443,-0.00103168,0.00276503,
9010,262.555759,-0.0012523,0.00336842,
9010,362.977421,-0.00151307,0.00409095,
9010,471.02624,-0.00177124,0.00481616,
9210,559.889278,-0.00202554,0.0054523,
9210,645.076606,-0.00222732,0.00600781,
9210,696.587102,-0.00233874,0.00631456,
9210,721.830362,-0.0023809,0.00644748,
9210,720.236355,-0.00237543,0.00639754,
9210,684.709348,-0.00224834,0.00606482,
9210,616.50048,-0.0020662,0.00556231,
9210,529.796489,-0.00183102,0.00490879,
9210,429.461551,-0.00157468,0.00421226,
9210,327.494123,-0.00131793,0.00348731,
9210,234.284106,-0.00110225,0.00287815,
9210,156.284701,-0.000915041,0.00236492,
9210,97.007485,-0.000788775,0.00202232,
9210,75.213256,-0.000747954,0.00190474,
9210,76.097197,-0.000764947,0.00195093,
9210,110.981489,-0.000878633,0.00226998,
9210,179.697078,-0.00105693,0.00276934,
9210,262.662025,-0.00127353,0.00337511,
9210,365.025464,-0.00153559,0.00412357,
9210,470.37898,-0.0017962,0.00481378,
9410,562.835764,-0.00201974,0.00546717,
9410,645.520995,-0.00221079,0.00599883,
9410,695.79493,-0.00233293,0.00632164,
9410,724.511191,-0.00238683,0.00646867,
9410,720.279828,-0.00235399,0.00638266,
9410,683.105682,-0.00223624,0.00606846,
9410,618.973599,-0.00205702,0.00556493,
9410,528.550272,-0.00182093,0.00489462,
9410,429.055806,-0.00156952,0.00421535,
9410,328.62441,-0.00130919,0.00348684,
9410,231.274839,-0.00108183,0.00285337,
9410,158.178172,-0.000915724,0.00237483,
9410,95.345868,-0.000776409,0.00200715,
9410,74.503204,-0.000741502,0.00190397,
9410,77.502809,-0.000753942,0.00196673,
9410,111.073265,-0.000872258,0.00226994,
9410,181.648512,-0.00106013,0.00278894,
9410,264.400927,-0.00126917,0.00337386,
9410,363.267238,-0.00152923,0.00411087,
9410,472.992171,-0.00179983,0.00483469,
9610,560.584842,-0.00201783,0.00547338,
9610,643.545397,-0.00221976,0.00602817,
9610,699.335555,-0.00232791,0.00634891,
9610,720.994716,-0.00238286,0.0064757,
9610,721.685452,-0.00235822,0.00641163,
9610,683.240931,-0.00224183,0.00607906,
9610,615.71797,-0.00205413,0.00557463,
9610,530.830174,-0.00182555,0.00494186,
9610,427.196143,-0.00157292,0.00421521,
9610,324.098431,-0.00131117,0.00351748,
9610,233.723793,-0.00110054,0.00290176,
9610,154.082092,-0.000904726,0.00236936,
9610,95.505268,-0.000782762,0.00204667,
9610,76.739624,-0.000748322,0.00193584,
9610,77.551112,-0.000754116,0.00198499,
9610,111.614256,-0.000878331,0.0023076,
9610,181.580888,-0.0010624,0.00281377,
9610,265.429778,-0.00126933,0.00341309,
9610,364.30092,-0.00153346,0.0041445,
9610,473.243346,-0.00179156,0.00486326,
9810,562.835764,-0.00205495,0.00550166,
9810,645.59828,-0.00225235,0.00603955,
9810,699.11819,-0.002372,0.0063549,
9810,723.13938,-0.00242824,0.00649981,
9810,720.709727,-0.00240646,0.00643899,
9810,683.149155,-0.00228997,0.00609663,
9810,614.824363,-0.00210292,0.00559283,
9810,528.68552,-0.00186809,0.00494706,
9810,428.094578,-0.00160426,0.0042289,
9810,325.122452,-0.00134259,0.00352744,
9810,234.19233,-0.00111533,0.0029075,
9810,153.275435,-0.000923119,0.00238715,
9810,96.770801,-0.000800205,0.00206519,
9810,76.179312,-0.000751625,0.00195379,
9810,76.261427,-0.000765907,0.00201072,
9810,111.561123,-0.000878858,0.00231878,
9810,182.203995,-0.00106549,0.00284122,
9810,266.941657,-0.00128078,0.00344847,
9810,366.175073,-0.00153862,0.00416223,
9810,471.581724,-0.00179117,0.00487839,
10010,563.275321,-0.00177743,0.00488951,
10010,646.506379,-0.00200968,0.00553039,
10010,697.45656,-0.00221034,0.00608508,
10010,722.313394,-0.00232229,0.00637658,
10010,720.796673,-0.00235792,0.00651693,
10010,683.622526,-0.00234898,0.00646014,
10010,615.761443,-0.00221609,0.00611045,
10010,529.825471,-0.00204635,0.00560434,
10010,426.394315,-0.00180633,0.00495765,
10010,324.707047,-0.00154526,0.0042496,
10010,231.951079,-0.00128654,0.00353842,
10010,154.767992,-0.00107532,0.00292786,
10010,95.857878,-0.000892621,0.00240795,
10010,76.246936,-0.000764787,0.0020731,
10010,78.096934,-0.000723963,0.00196966,
10010,111.821958,-0.00074617,0.0020253,
10010,182.537284,-0.000857378,0.00233378,
10010,267.134869,-0.00104416,0.00285041,
10010,367.657971,-0.00126101,0.00346387,
10010,473.079116,-0.00152152,0.00419068,
10210,564.222061,-0.00202236,0.00554063,
10210,646.419433,-0.00222025,0.00608665,
10210,700.011799,-0.00233807,0.00640546,
10210,721.695113,-0.00237837,0.00651796,
10210,719.40554,-0.00235396,0.00645169,
10210,684.322923,-0.00223172,0.00612473,
10210,614.77606,-0.00205846,0.00560656,
10210,527.028727,-0.00181865,0.00495569,
10210,425.539353,-0.00156403,0.00425172,
10210,324.296473,-0.0013086,0.00353496,
10210,230.052777,-0.00108456,0.00292357,
10210,154.763162,-0.000906399,0.00240979,
10210,96.123544,-0.000786156,0.00207278,
10210,73.701377,-0.000740968,0.00196042,
10210,78.89876,-0.000767718,0.00203984,
10210,112.609294,-0.000877213,0.00233393,
10210,182.658041,-0.001069,0.00285767,
10210,268.482518,-0.00128631,0.00346777,
10210,365.663062,-0.00154006,0.00418787,
10210,474.2722,-0.00180067,0.00490564,
10410,568.303669,-0.00204346,0.00554924,
10410,643.661324,-0.00222179,0.00605802,
10410,699.485294,-0.00233951,0.00639553,
10410,722.926845,-0.00237928,0.00650462,
10410,719.188175,-0.00236575,0.00644198,
10410,682.129958,-0.00223887,0.0061078,
10410,613.476706,-0.00205457,0.00558814,
10410,526.965933,-0.00181705,0.00495209,
10410,424.592615,-0.00156335,0.00423815,
10410,323.253131,-0.00130484,0.00352886,
10410,231.955909,-0.00108625,0.00291997,
10410,152.724783,-0.000902809,0.00239957,
10410,93.785687,-0.000778511,0.00207258,
10410,75.846022,-0.000744004,0.00196513,
10410,77.802286,-0.000761563,0.00203101,
10410,113.56569,-0.000877063,0.0023495,
10410,183.455038,-0.00106449,0.00286173,
10410,268.071944,-0.00127477,0.00347014,
10410,365.79348,-0.00154083,0.00420342,
10410,476.498967,-0.00180089,0.00492465,
10610,566.062407,-0.00203224,0.00551265,
10610,647.081186,-0.00222726,0.0060398,
10610,698.81871,-0.00233507,0.00635359,
10610,722.327885,-0.00238373,0.0064853,
10610,719.912724,-0.00236116,0.00641309,
10610,681.149404,-0.00223741,0.00606401,
10610,613.747203,-0.00204493,0.00555792,
10610,527.07703,-0.00182333,0.00491704,
10610,423.51063,-0.00155739,0.00418617,
10610,321.89582,-0.00130008,0.00349875,
10610,230.477842,-0.00108685,0.00288186,
10610,151.449589,-0.000900319,0.00235828,
10610,95.770933,-0.000782797,0.00204001,
10610,74.227878,-0.000741512,0.00192696,
10610,76.295239,-0.000768534,0.00199221,
10610,113.73958,-0.000880831,0.00232173,
10610,183.126579,-0.00107089,0.00282003,
10610,268.400403,-0.00128265,0.00344677,
10610,369.203664,-0.00155225,0.00417512,
10610,473.581467,-0.00180663,0.00487886,
10810,565.907837,-0.00206047,0.00553924,
10810,645.520995,-0.00224683,0.00606687,
10810,699.494955,-0.00236023,0.00638464,
10810,723.617582,-0.00240513,0.00650935,
10810,718.729295,-0.00237444,0.00643037,
10810,680.531123,-0.00226,0.00609648,
10810,612.022783,-0.00207727,0.00557864,
10810,523.415661,-0.00183547,0.00493045,
10810,426.688963,-0.00158614,0.00422229,
10810,319.471016,-0.00132108,0.00349716,
10810,229.685676,-0.00110886,0.00290244,
10810,152.599196,-0.00093416,0.00238933,
10810,94.263885,-0.000804931,0.0020478,
10810,75.986101,-0.00076659,0.00195474,
10810,77.169519,-0.000790195,0.00201722,
10810,113.879658,-0.000912088,0.00233881,
10810,185.247073,-0.00109239,0.00286188,
10810,267.704842,-0.0013041,0.0034538,
10810,369.503142,-0.00158056,0.00420488,
10810,475.682646,-0.0018263,0.0049013,
11010,568.231214,-0.00206236,0.00552637,
11010,647.081186,-0.00225855,0.00606767,
11010,700.997185,-0.00237328,0.00637297,
11010,722.612874,-0.00241307,0.00649734,
11010,718.545743,-0.00238807,0.00641641,
11010,680.748487,-0.00226057,0.00607037,
11010,611.718473,-0.00207964,0.00556449,
11010,526.44909,-0.00185058,0.00491725,
11010,422.819898,-0.00158422,0.00419144,
11010,320.630285,-0.00132937,0.00349384,
11010,228.845206,-0.00111761,0.00288529,
11010,152.550893,-0.000931285,0.00236678,
11010,94.191431,-0.000808619,0.00204537,
11010,75.020044,-0.000771214,0.00193716,
11010,79.217559,-0.000797184,0.00201083,
11010,113.869998,-0.000908401,0.0023312,
11010,186.478795,-0.00109809,0.00285151,
11010,269.424424,-0.00130947,0.0034614,
11010,370.783169,-0.00157439,0.00419538,
11010,477.151057,-0.00183418,0.00490145,
11210,569.796233,-0.00209526,0.00561806,
11210,647.665654,-0.00228736,0.00614085,
11210,698.881504,-0.00239084,0.00644757,
11210,723.636903,-0.00243846,0.00657715,
11210,719.40071,-0.0024177,0.00649408,
11210,680.33791,-0.00228805,0.00615835,
11210,609.849143,-0.00209554,0.00562559,
11210,524.35274,-0.00187073,0.00498822,
11210,423.558933,-0.00160729,0.00426608,
11210,320.04582,-0.00135908,0.00357516,
11210,229.791942,-0.00114067,0.00295567,
11210,149.676875,-0.000956172,0.00243924,
11210,96.340906,-0.000839914,0.0021344,
11210,73.672396,-0.000793151,0.00200858,
11210,76.778267,-0.000825825,0.00208935,
11210,114.739448,-0.000943288,0.00240413,
11210,184.836499,-0.00113319,0.00293337,
11210,271.486955,-0.00134839,0.00354657,
11210,370.884605,-0.00161438,0.00427393,
11210,476.668027,-0.00186422,0.00498507,
11410,569.033045,-0.00207259,0.00559792,
11410,648.882893,-0.00226053,0.00612334,
11410,701.113112,-0.00237407,0.00644059,
11410,722.593553,-0.00241243,0.00654831,
11410,718.424984,-0.00238611,0.00647453,
11410,680.956191,-0.0022667,0.00613161,
11410,611.655679,-0.00208607,0.00561723,
11410,524.125716,-0.00184556,0.00495936,
11410,421.443264,-0.00158369,0.00424846,
11410,320.470885,-0.00133941,0.00354245,
11410,227.086983,-0.00112422,0.00293595,
11410,151.415777,-0.000936085,0.00241425,
11410,94.070674,-0.00080988,0.00209788,
11410,75.271219,-0.000776255,0.00200625,
11410,78.642755,-0.000796471,0.00205874,
11410,115.391536,-0.000919628,0.00239267,
11410,187.879577,-0.00111355,0.00291954,
11410,271.863718,-0.0015898,0.00426161,
11410,478.522861,-0.00184773,0.00497664,
11610,569.322863,-0.00213232,0.00558025,
11610,649.394906,-0.0023181,0.00608981,
11610,698.862183,-0.00243478,0.00639831,
11610,723.245647,-0.00248138,0.00652557,
11610,719.714681,-0.00243747,0.00643103,
11610,679.313883,-0.00232543,0.00608683,
11610,610.216247,-0.0021292,0.00556307,
11610,522.309522,-0.00190278,0.00492383,
11610,420.622114,-0.00163569,0.00421007,
11610,319.272974,-0.00138444,0.00349278,
11610,225.763486,-0.00116633,0.00288383,
11610,152.589535,-0.000998124,0.00239165,
11610,94.075504,-0.000859265,0.00204413,
11610,71.658168,-0.000823928,0.00195533,
11610,80.801891,-0.000856038,0.00203826,
11610,113.541539,-0.000975912,0.00234574,
11610,186.725139,-0.0011629,0.00287757,
11610,272.168025,-0.00137241,0.00348811,
11610,373.570246,-0.0016386,0.00422634,
11610,476.832257,-0.0018946,0.00491577,
11810,650.897134,-0.00234563,0.00643849,
11810,722.516268,-0.00238694,0.00655867,
11810,718.676161,-0.00236426,0.0064894,
11810,677.855127,-0.00223374,0.0061184,
11810,609.897447,-0.00204337,0.00561349,
11810,523.246601,-0.00181397,0.00496223,
11810,417.975114,-0.0015499,0.0042302,
11810,319.698039,-0.00130614,0.00355229,
11810,227.086983,-0.00108278,0.0029222,
11810,148.087713,-0.000790906,0.00211341,
11810,74.488713,-0.000747379,0.0019971,
11810,77.749153,-0.000769972,0.00206911,
11810,116.463859,-0.000895484,0.00240602,
11810,187.92788,-0.00108163,0.00292839,
11810,271.274423,-0.00129809,0.00353824,
11810,375.700404,-0.00157386,0.00429171,
11810,478.479388,-0.0018161,0.00496394,
12010,570.327567,-0.00207222,0.00562992,
12010,650.283684,-0.00226668,0.00615323,
12010,701.494708,-0.00237581,0.00646622,
12010,724.559495,-0.00241622,0.00657663,
12010,717.241555,-0.00237801,0.00648542,
12010,679.560229,-0.00226336,0.00614854,
12010,610.085829,-0.00206935,0.00562294,
12010,521.560826,-0.00183238,0.00495272,
12010,420.095612,-0.00157387,0.00426541,
12010,320.031329,-0.00132354,0.00354575,
12010,224.377194,-0.00110627,0.00293333,
12010,150.000504,-0.000923809,0.00243988,
12010,93.916105,-0.000801084,0.00210285,
12010,72.88506,-0.000767678,0.00200815,
12010,79.096802,-0.000808553,0.00209984,
12010,116.415556,-0.000920399,0.00241841,
12010,189.149941,-0.00110459,0.00294314,
12010,274.341654,-0.00132118,0.00355905,
12010,373.439828,-0.00157554,0.00428613,
12010,479.827041,-0.00185294,0.00500818,
12210,570.317906,-0.00205694,0.00563274,
12210,650.389951,-0.00224725,0.00615247,
12210,701.287004,-0.00235608,0.00645915,
12210,723.651394,-0.00239865,0.00656999,
12210,716.835808,-0.00236032,0.00647421,
12210,680.299268,-0.00224031,0.00613861,
12210,608.23582,-0.00205152,0.00560971,
12210,521.396596,-0.00182234,0.00496445,
12210,418.825245,-0.00156184,0.00424321,
12210,317.934985,-0.00130691,0.00354271,
12210,225.169361,-0.0010915,0.00292554,
12210,147.247244,-0.000909459,0.00241356,
12210,95.239602,-0.000789777,0.00211168,
12210,73.23284,-0.000752891,0.00200754,
12210,79.24171,-0.0007837,0.00209219,
12210,115.947019,-0.000897039,0.00241412,
12210,188.038976,-0.00109065,0.00293864,
12210,274.935779,-0.00130592,0.00356394,
12210,375.80667,-0.00157143,0.00429443,
12210,479.421296,-0.00183221,0.0050008,
12410,569.796233,-0.00212927,0.00562689,
12410,652.264113,-0.0023269,0.00616745,
12410,702.383487,-0.00242528,0.00645803,
12410,723.28912,-0.00247117,0.00657136,
12410,718.019237,-0.00244014,0.00648952,
12410,678.66179,-0.00230908,0.00612458,
12410,608.008795,-0.00212217,0.00561287,
12410,521.580147,-0.00188718,0.00496168,
12410,418.303574,-0.00162881,0.00423716,
12410,315.819319,-0.00137702,0.00354027,
12410,226.792336,-0.00116627,0.00293953,
12410,148.609383,-0.000981778,0.00242209,
12410,92.607099,-0.000862257,0.0021102,
12410,74.09263,-0.000827643,0.00201722,
12410,78.971214,-0.000855542,0.00210308,
12410,117.029002,-0.00097898,0.00242749,
12410,189.415607,-0.00116697,0.00296197,
12410,275.167632,-0.0013801,0.00358171,
12410,374.603928,-0.00163911,0.00430367,
12410,481.575609,-0.00190683,0.00502068,
12610,571.568955,-0.00203604,0.00567176,
12610,651.790742,-0.00222024,0.00621156,
12610,702.117819,-0.00232392,0.00650099,
12610,724.293827,-0.00236941,0.00662235,
12610,718.850053,-0.00233317,0.0065383,
12610,677.507344,-0.00220407,0.00617783,
12610,607.76728,-0.00202621,0.00566517,
12610,518.701288,-0.00178947,0.00499154,
12610,416.10096,-0.00152679,0.00428481,
12610,316.795037,-0.00127847,0.00357798,
12610,225.038943,-0.0010623,0.00295944,
12610,148.372699,-0.000888154,0.0024557,
12610,94.732423,-0.000773963,0.00213567,
12610,73.179707,-0.000735336,0.00203523,
12610,79.603981,-0.000777922,0.00212633,
12610,117.188401,-0.000898912,0.00244243,
12610,189.120959,-0.00109791,0.00297713,
12610,276.293089,-0.00131532,0.00360066,
12610,377.748447,-0.00157733,0.00433262,
12610,482.614123,-0.00182992,0.00503236,
12810,572.848987,-0.00209227,0.00568433,
12810,650.83434,-0.00227829,0.0061993,
12810,703.33506,-0.00238616,0.00650039,
12810,724.327639,-0.00242429,0.0066134,
12810,718.685822,-0.00239741,0.00651713,
12810,676.024437,-0.00226902,0.00614825,
12810,608.718851,-0.00209145,0.00564417,
12810,518.334185,-0.00184734,0.00497057,
12810,416.042997,-0.00158704,0.0042477,
12810,317.055872,-0.00134161,0.00357453,
12810,225.246645,-0.00111868,0.00293638,
12810,145.629099,-0.000932707,0.002443,
12810,94.848349,-0.000825554,0.00213833,
12810,73.165216,-0.000783762,0.00202672,
12810,79.188577,-0.000940637,0.00245991,
12810,189.966259,-0.00112301,0.00297448,
12810,275.868024,-0.00133736,0.00360315,
12810,376.840352,-0.00159993,0.00433806,
12810,481.247149,-0.00185893,0.0050371,
13010,574.447818,-0.00207747,0.00568321,
13010,651.568548,-0.00225867,0.00618211,
13010,702.905161,-0.0023656,0.0064937,
13010,724.955581,-0.00240896,0.00660659,
13010,718.700313,-0.00237331,0.00649759,
13010,676.787627,-0.00224368,0.00614307,
13010,608.612584,-0.00206045,0.00562943,
13010,517.643452,-0.00181311,0.00495179,
13010,414.057747,-0.00155493,0.00424192,
13010,317.307047,-0.00130965,0.00356338,
13010,222.739728,-0.00108851,0.00292187,
13010,146.754555,-0.000907381,0.00243701,
13010,93.515192,-0.000799295,0.00212502,
13010,73.073441,-0.000756247,0.00202792,
13010,78.256333,-0.00079687,0.00212074,
13010,116.734355,-0.000917074,0.00244667,
13010,191.545761,-0.00110525,0.00298228,
13010,276.549094,-0.00131919,0.00360199,
13010,377.743617,-0.00158634,0.0043404,
13010,482.908771,-0.0018448,0.00504153,
13210,573.486587,-0.00206033,0.00571355,
13210,654.751725,-0.00225368,0.00624586,
13210,703.402684,-0.00235281,0.00652433,
13210,722.385849,-0.00239811,0.00663411,
13210,718.763107,-0.00236756,0.0065505,
13210,677.729539,-0.00223456,0.00618685,
13210,604.772488,-0.0020488,0.0056474,
13210,518.937972,-0.00181746,0.00500903,
13210,414.77263,-0.00155235,0.00427561,
13210,313.254437,-0.0013045,0.00358382,
13210,224.599387,-0.00109904,0.00298077,
13210,145.590457,-0.000912073,0.00245873,
13210,92.056447,-0.000801512,0.00216252,
13210,74.522525,-0.000776666,0.00207843,
13210,78.657246,-0.000804938,0.00214309,
13210,118.917642,-0.00093724,0.00250323,
13210,192.56012,-0.00111881,0.00302512,
13210,276.892044,-0.00134198,0.00364563,
13210,378.941529,-0.00160904,0.00438385,
13210,484.889193,-0.00186729,0.00508223,
13410,573.621835,-0.00210317,0.00566828,
13410,655.819225,-0.0022817,0.00618757,
13410,702.721609,-0.00238319,0.00646867,
13410,723.062094,-0.00242424,0.00658554,
13410,718.342869,-0.00238993,0.00648816,
13410,675.951982,-0.00225877,0.00611806,
13410,606.409963,-0.00207697,0.00560299,
13410,515.218641,-0.00183681,0.00493013,
13410,415.825634,-0.00158263,0.00422899,
13410,313.404175,-0.00132235,0.00352156,
13410,222.305003,-0.00110208,0.00291537,
13410,147.01056,-0.000934766,0.00241603,
13410,91.539607,-0.000811549,0.00210737,
13410,74.42592,-0.000783596,0.00202537,
13410,78.956724,-0.000805965,0.00210114,
13410,118.88383,-0.000945624,0.00245148,
13410,193.74837,-0.00112702,0.00297664,
13410,275.182123,-0.0013451,0.00358963,
13410,380.719075,-0.00162043,0.00434957,
13410,484.778096,-0.00186477,0.00502842,
13610,574.766618,-0.00212743,0.00565211,
13610,652.896884,-0.00232007,0.00618801,
13610,705.016011,-0.00242684,0.0064865,
13610,722.342376,-0.0024573,0.0065661,
13610,717.30918,-0.00242971,0.00648784,
13610,676.38188,-0.00229769,0.00610802,
13610,605.73372,-0.00211687,0.00558984,
13610,514.518247,-0.00187935,0.00492874,
13610,413.719626,-0.00161655,0.00421559,
13610,312.964619,-0.00137578,0.00352083,
13610,221.24234,-0.00115604,0.00290331,
13610,145.759517,-0.000980466,0.00240511,
13610,93.384774,-0.000869521,0.00211504,
13610,73.22801,-0.000839401,0.00200976,
13610,78.864948,-0.000872414,0.00210739,
13610,118.999757,-0.000990876,0.00244372,
13610,192.487666,-0.00119452,0.00298514,
13610,277.732514,-0.00140964,0.00360711,
13610,380.521034,-0.00167837,0.00433622,
13610,485.97601,-0.0019336,0.00504771,
13810,575.568449,-0.00209936,0.00568217,
13810,654.630967,-0.00228684,0.00618738,
13810,704.99669,-0.00239348,0.00648204,
13810,724.115105,-0.00243022,0.00659428,
13810,717.90331,-0.00238822,0.00647716,
13810,675.212943,-0.0022657,0.00612236,
13810,605.487374,-0.00207389,0.00558281,
13810,515.402192,-0.00182971,0.0049229,
13810,414.956181,-0.00157151,0.00420918,
13810,310.964881,-0.00132218,0.0035088,
13810,220.131375,-0.00110883,0.00289809,
13810,144.382887,-0.000932574,0.00240339,
13810,93.394435,-0.00081314,0.00209855,
13810,72.609734,-0.000779085,0.00199841,
13810,79.676436,-0.000818857,0.00210142,
13810,119.994795,-0.000942913,0.00244295,
13810,194.100981,-0.0011303,0.00296979,
13810,278.650268,-0.0013477,0.00359694,
13810,380.588658,-0.0016173,0.00433834,
13810,484.198461,-0.00187375,0.00502473,
14010,577.089995,-0.00209517,0.00574129,
14010,654.988411,-0.00227059,0.00623884,
14010,702.866519,-0.00237942,0.00653471,
14010,723.322932,-0.00241454,0.00663057,
14010,716.942075,-0.00237367,0.00653152,
14010,674.121292,-0.00224987,0.00616314,
14010,604.386064,-0.00206662,0.00563989,
14010,514.445793,-0.00181783,0.00496892,
14010,412.014533,-0.00156329,0.00425359,
14010,311.568667,-0.00130785,0.00356055,
14010,219.658007,-0.00110014,0.00295795,
14010,144.281451,-0.000911538,0.00244614,
14010,91.206317,-0.000798195,0.00215144,
14010,74.053988,-0.000771543,0.00207046,
14010,78.367429,-0.000797944,0.00215281,
14010,119.762941,-0.000934474,0.00251155,
14010,195.950979,-0.00133693,0.00365399,
14010,381.404977,-0.00160816,0.00440997,
14010,486.449379,-0.00185596,0.00509742,
14210,576.370279,-0.00211418,0.00568831,
14210,655.650164,-0.00230571,0.00621586,
14210,703.079053,-0.00240583,0.00649293,
14210,721.917308,-0.00244023,0.00658917,
14210,717.676284,-0.00240733,0.00649467,
14210,675.439968,-0.0022772,0.00613163,
14210,602.724437,-0.00208163,0.00558723,
14210,512.769679,-0.00184223,0.0049253,
14210,412.990252,-0.00158939,0.00422623,
14210,309.737988,-0.00132964,0.00351262,
14210,219.450305,-0.0011217,0.00292459,
14210,145.015653,-0.000944475,0.00241276,
14210,90.684647,-0.000824223,0.00211669,
14210,75.12148,-0.000799932,0.00203569,
14210,81.502282,-0.000834902,0.00213575,
14210,119.733959,-0.000949036,0.00246017,
14210,196.14902,-0.00115787,0.00301767,
14210,280.621024,-0.00136456,0.00362502,
14210,380.636961,-0.00163887,0.00437302,
14210,487.787372,-0.00189014,0.00506845,
14410,578.993136,-0.00207952,0.00575092,
14410,656.002777,-0.00226136,0.0062561,
14410,703.600727,-0.00236066,0.00654025,
14410,724.743047,-0.00239725,0.00664634,
14410,717.183592,-0.00236415,0.00653632,
14410,674.440093,-0.0022278,0.0061674,
14410,603.318565,-0.0020413,0.00564046,
14410,511.972679,-0.00179986,0.0049636,
14410,412.029024,-0.00154567,0.00427017,
14410,309.815273,-0.0012893,0.00355167,
14410,218.875502,-0.00107858,0.00295103,
14410,144.180015,-0.000901422,0.0024553,
14410,90.91167,-0.000786366,0.00216612,
14410,72.831927,-0.000756297,0.0020741,
14410,79.821344,-0.000784402,0.00216617,
14410,120.323254,-0.000918545,0.00251752,
14410,195.496932,-0.00111673,0.00306183,
14410,281.070241,-0.00132929,0.00367675,
14410,383.235657,-0.00159659,0.00443048,
14410,487.801863,-0.00185272,0.00511653,
14610,574.752127,-0.00207069,0.00574458,
14610,658.799529,-0.00227102,0.00626717,
14610,704.267312,-0.00236386,0.00653076,
14610,721.960781,-0.00240735,0.00662974,
14610,717.594169,-0.00237385,0.00653502,
14610,672.363056,-0.00223322,0.00614759,
14610,602.053024,-0.0020483,0.00562635,
14610,511.562104,-0.00181201,0.00494913,
14610,410.792469,-0.0015633,0.00424393,
14610,310.042296,-0.00130904,0.0035459,
14610,219.580723,-0.00110113,0.00293848,
14610,142.619834,-0.000922165,0.00243636,
14610,90.486605,-0.000813592,0.00214151,
14610,74.793021,-0.000783678,0.00206567,
14610,81.753457,-0.000812938,0.00215697,
14610,120.25563,-0.000947852,0.00250437,
14610,196.400195,-0.00114252,0.00304493,
14610,281.277943,-0.00136114,0.00366116,
14610,382.187484,-0.00162193,0.00440418,
14610,488.207608,-0.00187073,0.00510117,
14810,579.273294,-0.00208587,0.00581694,
14810,657.215186,-0.00226842,0.00631466,
14810,704.08376,-0.00237203,0.00659315,
14810,724.78652,-0.00241535,0.00670236,
14810,715.879405,-0.00236851,0.00658303,
14810,672.966846,-0.0022442,0.00621116,
14810,600.536307,-0.00181859,0.00500926,
14810,410.261137,-0.00156564,0.00429623,
14810,308.752609,-0.00131883,0.0036027,
14810,219.271585,-0.00110606,0.00300062,
14810,140.929235,-0.000922383,0.002485,
14810,90.2306,-0.000813909,0.00220507,
14810,73.179707,-0.000799275,0.00213073,
14810,82.405545,-0.000828105,0.00222292,
14810,118.782394,-0.000959468,0.00256753,
14810,199.89732,-0.00115964,0.00312613,
14810,281.529118,-0.00136875,0.00372257,
14810,382.873385,-0.00163472,0.00447035,
14810,490.946387,-0.00189835,0.00517373,
15010,580.099276,-0.00189793,0.00514195,
15010,656.21048,-0.0021188,0.00576159,
15010,705.764711,-0.00229718,0.00625743,
15010,724.685083,-0.00240341,0.00655921,
15010,714.560727,-0.00244419,0.00664272,
15010,671.672321,-0.00239797,0.00652867,
15010,602.019212,-0.00226677,0.00615665,
15010,511.513801,-0.00208205,0.00562386,
15010,408.942467,-0.00183501,0.00495753,
15010,307.24556,-0.00157684,0.00424482,
15010,218.233074,-0.00132369,0.00354153,
15010,142.528058,-0.00111287,0.00294158,
15010,91.042088,-0.000934169,0.00244327,
15010,74.126442,-0.000824869,0.00215371,
15010,81.656851,-0.000794781,0.00208127,
15010,121.685393,-0.000834494,0.00217737,
15010,196.540273,-0.000963106,0.00252633,
15010,283.553008,-0.00115751,0.0030677,
15010,385.162943,-0.00137235,0.00369924,
15010,490.357091,-0.00163914,0.0044338,
15210,581.929962,-0.00214935,0.00571406,
15210,655.075356,-0.00231443,0.00618508,
15210,706.19944,-0.00242785,0.00649468,
15210,724.989393,-0.00246109,0.00658078,
15210,714.377174,-0.00241498,0.00646203,
15210,672.981337,-0.00228024,0.00608786,
15210,601.598975,-0.00209041,0.0055564,
15210,509.272542,-0.00185135,0.0048768,
15210,409.174321,-0.00159714,0.00418606,
15210,307.603001,-0.00133565,0.00347249,
15210,216.890255,-0.00112389,0.00287393,
15210,141.479887,-0.000947101,0.0023754,
15210,90.665326,-0.000848765,0.00210941,
15210,73.281143,-0.000809347,0.00201213,
15210,81.309071,-0.000850665,0.0021204,
15210,122.574165,-0.000978915,0.00248234,
15210,197.820298,-0.00117641,0.00300257,
15210,282.75118,-0.00139665,0.00364912,
15210,386.834223,-0.00165731,0.00438344,
15210,488.965965,-0.00190913,0.00507006,
15410,578.481123,-0.00212539,0.00577731,
15410,658.630468,-0.0023122,0.00628991,
15410,704.972539,-0.00241254,0.00656127,
15410,723.564448,-0.00244329,0.00666288,
15410,715.855253,-0.00240785,0.00654552,
15410,673.03447,-0.00227632,0.00616267,
15410,596.845952,-0.00207764,0.00562608,
15410,510.37868,-0.00183978,0.00496871,
15410,406.358261,-0.0015755,0.00423784,
15410,306.651435,-0.001332,0.0035625,
15410,217.421586,-0.00112419,0.00295195,
15410,140.50417,-0.000940812,0.00246005,
15410,91.578249,-0.000835615,0.00217484,
15410,72.276444,-0.000803808,0.00209103,
15410,81.323561,-0.00083701,0.00220267,
15410,123.047533,-0.00097267,0.00255707,
15410,198.88296,-0.00116035,0.00309883,
15410,282.649744,-0.00138491,0.00371534,
15410,387.360725,-0.0016507,0.00446474,
15410,491.342471,-0.00191347,0.00516424,
15610,580.451888,-0.00217736,0.00581951,
15610,657.59195,-0.00235953,0.00631368,
15610,704.267312,-0.00246245,0.00658931,
15610,724.211711,-0.00249874,0.00668329,
15610,715.082401,-0.00245808,0.00656105,
15610,671.295556,-0.00232642,0.00618439,
15610,598.575202,-0.00212186,0.0056489,
15610,508.726718,-0.00188644,0.00497373,
15610,407.971578,-0.0016312,0.00427756,
15610,306.839816,-0.00137791,0.003573,
15610,213.571851,-0.00115839,0.00296822,
15610,141.315658,-0.000997802,0.0024768,
15610,90.143655,-0.000887306,0.00219512,
15610,73.392239,-0.000858643,0.00210861,
15610,81.758287,-0.000889253,0.0022268,
15610,122.680431,-0.00101913,0.00257501,
15610,199.481915,-0.00122146,0.00311785,
15610,283.388778,-0.00144002,0.0037418,
15610,387.075738,-0.00170647,0.00450028,
15610,491.15892,-0.00195669,0.00517711,
15810,582.432314,-0.00215092,0.00575049,
15810,660.234133,-0.00231739,0.00623216,
15810,703.79394,-0.00242278,0.00650591,
15810,724.549834,-0.00245735,0.00661439,
15810,714.270907,-0.00241216,0.0064822,
15810,670.261869,-0.00228115,0.0061111,
15810,598.106662,-0.00208416,0.00555954,
15810,506.746295,-0.00184332,0.00490212,
15810,407.802518,-0.00158793,0.0041916,
15810,303.748433,-0.00132665,0.00348678,
15810,215.141693,-0.00112565,0.00289427,
15810,140.368922,-0.000837688,0.00211591,
15810,74.198896,-0.000807711,0.00204477,
15810,82.400714,-0.000853137,0.00214382,
15810,123.897662,-0.000986892,0.00251575,
15810,198.646277,-0.00117569,0.00304522,
15810,285.403007,-0.0013965,0.00367981,
15810,389.616471,-0.00166124,0.00442821,
15810,490.19286,-0.00191171,0.0050993,
16010,583.504642,-0.00195989,0.00519654,
16010,659.42264,-0.00218122,0.00581472,
16010,705.566668,-0.00236915,0.00631348,
16010,724.64161,-0.00246815,0.00659321,
16010,715.521961,-0.00249321,0.00667797,
16010,670.218396,-0.00245262,0.00655381,
16010,598.633166,-0.00231776,0.00617791,
16010,507.248646,-0.00212721,0.00564752,
16010,405.580584,-0.00188329,0.00495915,
16010,305.125064,-0.00163312,0.00426389,
16010,213.335167,-0.0013708,0.00355936,
16010,141.267355,-0.00115476,0.00295112,
16010,90.365848,-0.000982218,0.00246961,
16010,73.189368,-0.000876056,0.002185,
16010,81.830741,-0.000856597,0.00211808,
16010,122.699752,-0.000894035,0.00222837,
16010,200.819904,-0.0010187,0.00257217,
16010,286.63473,-0.00122434,0.00313823,
16010,388.206026,-0.00143926,0.00375247,
16010,491.670932,-0.00170625,0.00449854,
16210,584.108431,-0.002137,0.00584528,
16210,659.620683,-0.00231437,0.0063388,
16210,706.890176,-0.00241928,0.00662264,
16210,723.211834,-0.00244302,0.00669791,
16210,714.546236,-0.00240406,0.006581,
16210,669.851292,-0.00226388,0.00619911,
16210,599.299748,-0.00206968,0.00565997,
16210,508.200215,-0.00182933,0.00498556,
16210,404.19429,-0.00156806,0.00427418,
16210,303.511749,-0.00132042,0.00359147,
16210,215.417019,-0.00110835,0.00298339,
16210,138.6107,-0.000930276,0.00249245,
16210,90.757101,-0.000830863,0.00222626,
16210,74.60464,-0.000798844,0.00214491,
16210,82.753325,-0.000840657,0.00226238,
16210,125.57377,-0.000970257,0.00261399,
16210,201.805281,-0.00117091,0.00316552,
16210,286.513973,-0.00139022,0.00379174,
16210,388.239838,-0.00165142,0.00453036,
16210,493.366366,-0.00190186,0.00523085,
16410,583.62057,-0.00212092,0.00581625,
16410,659.007233,-0.00230513,0.00631649,
16410,705.44591,-0.0024028,0.00659895,
16410,724.627119,-0.00243295,0.00667741,
16410,715.034098,-0.0023907,0.00654849,
16410,666.61981,-0.00226355,0.00616984,
16410,597.015013,-0.00206158,0.00562981,
16410,404.909173,-0.00182407,0.00495383,
16410,302.270365,-0.00156429,0.00423514,
16410,214.223939,-0.00131848,0.00355133,
16410,137.717098,-0.00109552,0.00294924,
16410,91.471983,-0.000931864,0.0024547,
16410,72.662867,-0.000834022,0.00219442,
16410,81.589227,-0.000797007,0.00211666,
16410,125.776642,-0.000834352,0.00222218,
16410,201.684524,-0.000972268,0.00259337,
16410,285.562406,-0.00116622,0.00312659,
16410,390.882007,-0.00138659,0.00376309,
16410,493.834905,-0.00165106,0.00451163,
16610,660.712334,-0.00234069,0.00612731,
16610,708.740189,-0.00244205,0.0064088,
16610,724.327639,-0.00246559,0.00647335,
16610,714.063203,-0.00241936,0.00635743,
16610,669.228181,-0.00228745,0.0059886,
16610,597.744389,-0.00208683,0.00545094,
16610,503.698376,-0.00184487,0.00479169,
16610,405.368051,-0.00158448,0.00411764,
16610,302.550522,-0.00133075,0.00342654,
16610,212.480207,-0.00112491,0.0028409,
16610,139.784458,-0.0009576,0.0023793,
16610,88.733213,-0.000853896,0.00211372,
16610,73.715868,-0.000835832,0.00206402,
16610,83.598624,-0.000893698,0.00219534,
16610,126.163064,-0.00102672,0.00257083,
16610,201.858415,-0.00122977,0.00312514,
16610,288.151439,-0.00145206,0.00377701,
16610,391.273261,-0.00172131,0.00452496,
16610,492.873676,-0.00197115,0.00522217,
16810,584.243679,-0.00234564,0.00629492,
16810,707.658197,-0.00243061,0.00656494,
16810,723.820455,-0.00246347,0.00664571,
16810,714.063203,-0.00241862,0.00651756,
16810,669.228181,-0.0022804,0.00613551,
16810,595.295423,-0.00208539,0.0055842,
16810,503.896418,-0.00184845,0.00491795,
16810,402.194549,-0.00159056,0.00420698,
16810,302.294517,-0.00133524,0.00351799,
16810,212.37394,-0.00112002,0.00291371,
16810,138.760439,-0.000950804,0.00242281,
16810,86.752798,-0.000850183,0.002156,
16810,73.976703,-0.000815693,0.00208138,
16810,82.516641,-0.000863267,0.00219681,
16810,125.042439,-0.00118904,0.00311286,
16810,287.793998,-0.00141006,0.00374398,
16810,392.09924,-0.00167644,0.00448977,
16810,494.72368,-0.00193335,0.00517584,
17010,584.88128,-0.0021421,0.0058278,
17010,661.905422,-0.00233215,0.00633576,
17010,707.339396,-0.00242765,0.00659065,
17010,723.158701,-0.00244969,0.00667259,
17010,668.262118,-0.00227038,0.00615851,
17010,596.275975,-0.00207665,0.00562099,
17010,502.47631,-0.00183081,0.00492839,
17010,402.624445,-0.00157083,0.0042441,
17010,301.642428,-0.0013215,0.00354147,
17010,210.581905,-0.00110454,0.00293955,
17010,137.606001,-0.000942418,0.0024669,
17010,88.824988,-0.000828873,0.00217942,
17010,72.097724,-0.000803754,0.00211348,
17010,83.212202,-0.000855022,0.00224855,
17010,126.370766,-0.000982511,0.00260916,
17010,203.404105,-0.00117317,0.00314105,
17010,289.895173,-0.00140197,0.00379698,
17010,393.775351,-0.00167086,0.00453153,
17010,495.279165,-0.00192264,0.00521681,
17210,588.528162,-0.00218234,0.00588455,
17210,660.770298,-0.0023415,0.00633117,
17210,706.94814,-0.00244895,0.00663315,
17210,723.941213,-0.00247855,0.00669511,
17210,713.184085,-0.00243094,0.00656152,
17210,667.141484,-0.00229169,0.00617823,
17210,596.280806,-0.00209493,0.00563418,
17210,502.456989,-0.00184698,0.00495418,
17210,400.991807,-0.00159336,0.00424872,
17210,299.710314,-0.00133847,0.00355278,
17210,211.34992,-0.00113251,0.00295994,
17210,137.770231,-0.000961911,0.00248149,
17210,87.327601,-0.000859675,0.0022044,
17210,73.242501,-0.000836909,0.00214041,
17210,82.313769,-0.00086885,0.00224987,
17210,128.32703,-0.00101711,0.00264196,
17210,201.592749,-0.00119863,0.00316165,
17210,290.209141,-0.00142943,0.00381378,
17210,393.992714,-0.00168925,0.00455775,
17210,494.602923,-0.00193805,0.00522223,
17410,587.55244,-0.00212456,0.00588185,
17410,662.393284,-0.00230462,0.00636899,
17410,707.783785,-0.00239865,0.00663008,
17410,725.105321,-0.00243803,0.00672242,
17410,714.116337,-0.00237836,0.00657034,
17410,666.291349,-0.00224992,0.00619071,
17410,594.77858,-0.00204533,0.00564349,
17410,500.85333,-0.00180151,0.00495836,
17410,398.909951,-0.00154637,0.00425087,
17410,299.971149,-0.00130234,0.00357474,
17410,208.388957,-0.00108273,0.00295032,
17410,135.108746,-0.000913229,0.00248445,
17410,87.931386,-0.000813913,0.00221199,
17410,71.556732,-0.000784502,0.00213956,
17410,83.584133,-0.000833556,0.00227663,
17410,127.365804,-0.000966035,0.00263768,
17410,203.360633,-0.00116075,0.00318086,
17410,289.861361,-0.00138136,0.00382229,
17410,394.726919,-0.00165212,0.00456521,
17410,496.897315,-0.00190267,0.00525067,
17610,587.991998,-0.00222503,0.00586104,
17610,664.987163,-0.00239394,0.00633643,
17610,706.769418,-0.00248984,0.00659329,
17610,725.370989,-0.0025187,0.00668716,
17610,713.942445,-0.00247208,0.00654479,
17610,665.339776,-0.00232924,0.00614673,
17610,593.609645,-0.00213588,0.00560154,
17610,502.659861,-0.00189229,0.00492938,
17610,400.37836,-0.00163384,0.00421699,
17610,297.942429,-0.00138257,0.0035219,
17610,210.432167,-0.0011728,0.00292716,
17610,135.055613,-0.0010013,0.00243689,
17610,87.515982,-0.000897954,0.00217707,
17610,72.851248,-0.000872953,0.00211581,
17610,81.965989,-0.000915338,0.00223224,
17610,128.752095,-0.00105225,0.00262394,
17610,203.293009,-0.0012449,0.0031518,
17610,289.962797,-0.00146163,0.00378457,
17610,395.799243,-0.00174228,0.00455354,
17610,496.993921,-0.00198458,0.00521633,
17810,586.711966,-0.00216426,0.00594061,
17810,663.745772,-0.00233957,0.00640982,
17810,706.706624,-0.00243513,0.0066761,
17810,724.409755,-0.00246588,0.00675949,
17810,713.478735,-0.00240699,0.00660863,
17810,666.214064,-0.00227451,0.00622575,
17810,594.793071,-0.00207356,0.00567374,
17810,499.669906,-0.00182697,0.00498481,
17810,400.644026,-0.00158138,0.00429601,
17810,298.898825,-0.00132252,0.00359172,
17810,210.345222,-0.00111904,0.00300907,
17810,136.586812,-0.000945456,0.00252337,
17810,86.917027,-0.000841049,0.00224834,
17810,74.039497,-0.000822554,0.00219815,
17810,84.110634,-0.000871287,0.00232411,
17810,128.974288,-0.00100269,0.00268986,
17810,203.201233,-0.00119738,0.0032313,
17810,291.629245,-0.00143128,0.00388947,
17810,395.842716,-0.00168531,0.00462392,
17810,496.530212,-0.00193172,0.0052925,
18010,587.924373,-0.00215671,0.00588142,
18010,665.001654,-0.00233436,0.00635856,
18010,707.170335,-0.00243236,0.00662401,
18010,725.757415,-0.00245602,0.0066954,
18010,713.976258,-0.00240885,0.00655656,
18010,665.08377,-0.00225932,0.00615172,
18010,593.715912,-0.00207254,0.00561781,
18010,498.901889,-0.00182173,0.00491943,
18010,399.112823,-0.00157046,0.00422505,
18010,297.179244,-0.00132646,0.00352535,
18010,209.383995,-0.00111259,0.00293297,
18010,134.389034,-0.000944041,0.00245845,
18010,86.974991,-0.000839002,0.00218843,
18010,72.37788,-0.000818185,0.0021298,
18010,82.279957,-0.00086394,0.00224632,
18010,129.133687,-0.00101401,0.00264169,
18010,205.70815,-0.001206,0.00318071,
18010,291.923893,-0.00142662,0.00381461,
18010,397.866608,-0.00169778,0.00456319,
18010,497.47212,-0.00194561,0.005238,
18210,588.846962,-0.00222106,0.00593522,
18210,664.48481,-0.00239726,0.00641283,
18210,708.31029,-0.00247903,0.00666025,
18210,724.250354,-0.00251013,0.0067463,
18210,713.459413,-0.00246181,0.00660894,
18210,663.282062,-0.00231749,0.00618992,
18210,591.49397,-0.0021216,0.00565817,
18210,499.375258,-0.00188473,0.00498057,
18210,398.127444,-0.00162509,0.00426533,
18210,297.101959,-0.00137428,0.00357681,
18210,208.60632,-0.00116608,0.00298273,
18210,134.181332,-0.000998564,0.00250023,
18210,87.887914,-0.000902653,0.00224582,
18210,73.358427,-0.000877839,0.00217856,
18210,82.608416,-0.000922939,0.00230099,
18210,130.143216,-0.0010612,0.00268764,
18210,207.630603,-0.00125513,0.00323279,
18210,293.633814,-0.00148036,0.00386341,
18210,396.716999,-0.0017469,0.00460667,
18210,499.167555,-0.00199858,0.00529013,
18410,589.716417,-0.00222746,0.00598433,
18410,663.335195,-0.00239598,0.00645391,
18410,707.030255,-0.00248746,0.00670852,
18410,724.211711,-0.00251709,0.00677835,
18410,713.850669,-0.00245712,0.00663308,
18410,664.199822,-0.0023182,0.00623422,
18410,590.754933,-0.00211701,0.005676,
18410,498.737659,-0.00186678,0.00499616,
18410,397.702378,-0.00160498,0.00429664,
18410,298.618669,-0.00135605,0.00359608,
18410,206.964024,-0.00114508,0.0030018,
18410,135.52415,-0.000972038,0.00252683,
18410,87.511152,-0.000866493,0.00226366,
18410,73.512996,-0.000841449,0.00219479,
18410,83.091444,-0.00088106,0.00232312,
18410,129.751963,-0.00102422,0.00271805,
18410,208.229558,-0.00121584,0.00325063,
18410,293.440602,-0.00143524,0.00388446,
18410,398.050159,-0.00169794,0.00462954,
18410,500.355809,-0.00195477,0.00530969,
18610,592.996196,-0.00223906,0.00582733,
18610,663.881021,-0.002402,0.00629504,
18610,710.000903,-0.00250754,0.00657084,
18610,724.48704,-0.00251889,0.00662911,
18610,711.691515,-0.00247461,0.00648611,
18610,663.967967,-0.00233512,0.00608998,
18610,592.27648,-0.00213846,0.00554975,
18610,496.641309,-0.00188297,0.00485034,
18610,395.895849,-0.00163417,0.00415297,
18610,297.744387,-0.00138436,0.00347187,
18610,206.640395,-0.00116016,0.00286571,
18610,132.336164,-0.000998358,0.00238512,
18610,89.230732,-0.000906154,0.002146,
18610,72.909211,-0.000877439,0.00207314,
18610,84.115464,-0.000926306,0.00220456,
18610,130.775983,-0.0010683,0.00259324,
18610,207.447052,-0.00126351,0.00313969,
18610,294.454962,-0.00148716,0.00378734,
18610,399.982276,-0.00175403,0.00452557,
18610,499.945233,-0.00200773,0.0052034,
18810,591.904547,-0.00264576,0.00590362,
18810,665.228679,-0.00280812,0.00636766,
18810,708.556637,-0.0028772,0.006623,
18810,726.72348,-0.00285634,0.00670284,
18810,711.324411,-0.00273746,0.00653801,
18810,663.774754,-0.00253783,0.00615805,
18810,591.890056,-0.00228035,0.00560913,
18810,497.322381,-0.00198752,0.00492604,
18810,397.39807,-0.00169491,0.00423482,
18810,295.633552,-0.001436,0.00354256,
18810,206.548619,-0.00121631,0.00296221,
18810,133.29256,-0.00104675,0.00247879,
18810,86.849403,-0.000951408,0.00223502,
18810,72.266784,-0.000925331,0.00218774,
18810,84.202409,-0.000960612,0.00231222,
18810,130.55379,-0.00109887,0.00270657,
18810,207.562979,-0.00128249,0.00323435,
18810,295.136033,-0.00148608,0.00386323,
18810,400.281754,-0.00174392,0.00460007,
18810,499.983876,-0.00203871,0.00526757,
19010,591.271776,-0.00213939,0.00593005,
19010,665.489516,-0.00231,0.00640874,
19010,709.416434,-0.00240194,0.00666722,
19010,725.013545,-0.00241929,0.00674097,
19010,711.768801,-0.00236577,0.00659107,
19010,663.219268,-0.0022202,0.00618456,
19010,588.65375,-0.00201837,0.00562952,
19010,497.022902,-0.00177227,0.0049586,
19010,396.021437,-0.00150986,0.00425116,
19010,292.827156,-0.00125944,0.00356266,
19010,206.775643,-0.00104658,0.00298031,
19010,130.292955,-0.000867935,0.0024819,
19010,86.27943,-0.000775672,0.00225007,
19010,74.710906,-0.000750322,0.00219409,
19010,84.521208,-0.000792268,0.00231851,
19010,131.964232,-0.000937627,0.0027146,
19010,208.118461,-0.00112831,0.00324965,
19010,296.628591,-0.00136173,0.00390453,
19010,398.127444,-0.00161978,0.00463062,
19010,501.118996,-0.00187569,0.00530596,
19210,665.0886,-0.00235165,0.00639986,
19210,708.90925,-0.00247246,0.00673134,
19210,710.778585,-0.0022722,0.00617327,
19210,587.789125,-0.00207146,0.00561173,
19210,494.733341,-0.00182032,0.00493551,
19210,395.451462,-0.00157386,0.00423821,
19210,294.261751,-0.00132454,0.0035402,
19210,204.761415,-0.00109942,0.00294285,
19210,133.336032,-0.0009512,0.00248447,
19210,85.878517,-0.000842571,0.00222354,
19210,72.856078,-0.00082536,0.00216045,
19210,84.487396,-0.000872011,0.00230851,
19210,133.11867,-0.00102555,0.00270355,
19210,209.900836,-0.00121421,0.00323647,
19210,294.483944,-0.00143647,0.0038764,
19210,402.238022,-0.00171446,0.00464073,
19210,502.345892,-0.00196447,0.00530806,
19410,593.377791,-0.00220395,0.00594741,
19410,665.373589,-0.00238172,0.006422,
19410,710.981458,-0.00247567,0.0066939,
19410,726.931184,-0.00249347,0.00674157,
19410,710.913834,-0.00244113,0.00659346,
19410,663.769924,-0.00230081,0.00618947,
19410,589.711587,-0.00210485,0.00563242,
19410,494.829947,-0.00184823,0.00494391,
19410,395.654335,-0.00159718,0.00424726,
19410,293.57585,-0.00133989,0.00354919,
19410,204.428125,-0.00113712,0.00295681,
19410,134.176501,-0.000971235,0.0024997,
19410,85.93165,-0.000875741,0.00223425,
19410,71.363521,-0.00084986,0.00218033,
19410,84.73374,-0.000909313,0.00233164,
19410,132.220237,-0.00104299,0.00270902,
19410,209.509583,-0.00124285,0.00325746,
19410,298.087337,-0.00148085,0.00390622,
19410,402.146246,-0.001738,0.00465136,
19410,502.418346,-0.00198357,0.00532905,
19610,593.923615,-0.00221616,0.00595572,
19610,667.204278,-0.00238562,0.00642009,
19610,708.411727,-0.00247342,0.00667305,
19610,726.259769,-0.00250464,0.00674099,
19610,710.841379,-0.00243367,0.00657427,
19610,661.195365,-0.00229614,0.00618117,
19610,587.373718,-0.00210032,0.00562097,
19610,493.226288,-0.0018447,0.00493353,
19610,393.640103,-0.00159794,0.00423754,
19610,293.783553,-0.00134694,0.00354637,
19610,203.177082,-0.00114424,0.00294997,
19610,132.44243,-0.000979894,0.00249619,
19610,87.342092,-0.000877926,0.0022381,
19610,71.609866,-0.000854976,0.00217447,
19610,85.781911,-0.000914575,0.00232668,
19610,132.751568,-0.00105123,0.00271189,
19610,209.958799,-0.00125162,0.00326695,
19610,299.178982,-0.00147926,0.00390526,
19610,400.962825,-0.00174851,0.00465868,
19610,505.925144,-0.0019959,0.0053393,
19810,595.488635,-0.00218314,0.00597182,
19810,667.977129,-0.00235223,0.00643699,
19810,708.74985,-0.0024401,0.00668822,
19810,724.772029,-0.00246505,0.00675992,
19810,710.797906,-0.00240735,0.00659585,
19810,660.668861,-0.00225836,0.00618618,
19810,587.23847,-0.00206367,0.0056316,
19810,493.076548,-0.00182244,0.00494971,
19810,392.504985,-0.00156472,0.00424917,
19810,293.126634,-0.00131497,0.00354619,
19810,202.447709,-0.00110425,0.00296197,
19810,132.374806,-0.000931766,0.00250277,
19810,85.946141,-0.000847244,0.0022467,
19810,72.020439,-0.000818812,0.00219222,
19810,86.559587,-0.000886441,0.00234971,
19810,132.321673,-0.00101784,0.00272285,
19810,208.934779,-0.00121432,0.0032804,
19810,299.98564,-0.00145316,0.00393678,
19810,403.146117,-0.00171188,0.00466353,
19810,503.659733,-0.00195576,0.00534119,
20010,595.068398,-0.00225316,0.00595342,
20010,669.107423,-0.00242851,0.00642894,
20010,709.310167,-0.00251254,0.00666378,
20010,724.49187,-0.00253756,0.00672525,
20010,711.831595,-0.00247539,0.00657466,
20010,660.461157,-0.00233258,0.00615657,
20010,587.373718,-0.00213043,0.00560412,
20010,491.559835,-0.00188097,0.00490425,
20010,392.577439,-0.00163349,0.00422201,
20010,292.643605,-0.00137681,0.00352428,
20010,201.549276,-0.00116534,0.00292053,
20010,130.389561,-0.00101092,0.0024687,
20010,87.839611,-0.000912607,0.00222372,
20010,72.918872,-0.000890075,0.00216125,
20010,86.690004,-0.000952274,0.0023189,
20010,133.930157,-0.00108485,0.00269904,
20010,212.166238,-0.00128578,0.00326122,
20010,300.903394,-0.00151456,0.00390262,
20010,404.141157,-0.00177931,0.00464147,
20010,503.529315,-0.00202477,0.00531359,
20210,596.449866,-0.00223649,0.00599786,
20210,669.199199,-0.00240251,0.00643974,
20210,708.522825,-0.00249437,0.00667893,
20210,724.897617,-0.00251768,0.00675054,
20210,711.942692,-0.0024585,0.00659184,
20210,660.639879,-0.00231672,0.00617298,
20210,585.122795,-0.00210872,0.00562138,
20210,491.864144,-0.00186104,0.00493668,
20210,390.944801,-0.00161182,0.00422341,
20210,290.02559,-0.00136241,0.00354471,
20210,203.404105,-0.00115732,0.00295374,
20210,128.950137,-0.000981816,0.00247108,
20210,86.115201,-0.000899185,0.0022448,
20210,73.281143,-0.000872763,0.00218673,
20210,85.207108,-0.000924067,0.00232906,
20210,133.195954,-0.00107176,0.00273663,
20210,211.233994,-0.00127661,0.00328192,
20210,298.763577,-0.00149974,0.00391866,
20210,405.469487,-0.00177159,0.00468902,
20210,505.485587,-0.00202022,0.00534533,
20410,596.469188,-0.00216596,0.00599428,
20410,668.60507,-0.0023332,0.00645704,
20410,710.793076,-0.00242576,0.00671058,
20410,724.743047,-0.00244303,0.0067596,
20410,712.140735,-0.00239152,0.0065962,
20410,659.364676,-0.00224136,0.00618537,
20410,586.446299,-0.0020378,0.00562828,
20410,491.81101,-0.00179837,0.00493831,
20410,389.703416,-0.0015441,0.00423328,
20410,290.339559,-0.00129803,0.00356573,
20410,201.008285,-0.00108277,0.00295221,
20410,128.288388,-0.000923721,0.00249295,
20410,85.75776,-0.000828408,0.00225382,
20410,72.440674,-0.0008092,0.00220301,
20410,84.38113,-0.000863439,0.00234551,
20410,133.98812,-0.00101546,0.00274967,
20410,213.39796,-0.00120391,0.00330187,
20410,299.81175,-0.00144284,0.00395809,
20410,406.329279,-0.00170228,0.00468913,
20410,505.094332,-0.00195327,0.00536543,
20610,594.503252,-0.00217003,0.00600553,
20610,670.783543,-0.00233765,0.00647108,
20610,709.001026,-0.00242324,0.00670877,
20610,726.655855,-0.00245289,0.00677202,
20610,711.184332,-0.00223529,0.00618624,
20610,582.876702,-0.00204123,0.00563837,
20610,491.448738,-0.00179227,0.00493952,
20610,389.118951,-0.00154375,0.0042478,
20610,289.615016,-0.00129634,0.00355265,
20610,201.013115,-0.00108114,0.00295702,
20610,129.751963,-0.000916326,0.00250803,
20610,85.197447,-0.000829147,0.00226456,
20610,72.416523,-0.000806554,0.00221007,
20610,86.202146,-0.000860027,0.00236232,
20610,136.021669,-0.00101169,0.00276375,
20610,213.209579,-0.00120643,0.00331978,
20610,299.352872,-0.00143373,0.00395966,
20610,406.493509,-0.00170624,0.00471056,
20610,506.108695,-0.0019435,0.00537815,
20810,596.010308,-0.00225102,0.00598928,
20810,669.643588,-0.00241877,0.00645029,
20810,710.884852,-0.00250687,0.00669983,
20810,724.366282,-0.00251841,0.00674396,
20810,709.580665,-0.00231792,0.0061601,
20810,583.586757,-0.0021186,0.00560875,
20810,491.400435,-0.00187259,0.00493315,
20810,389.046496,-0.00161198,0.00421687,
20810,288.093476,-0.00137351,0.00353544,
20810,201.389877,-0.00115934,0.00294593,
20810,128.597526,-0.000993704,0.00248156,
20810,85.318204,-0.000908378,0.00224307,
20810,71.300728,-0.000882237,0.0021939,
20810,86.071728,-0.000947435,0.00236016,
20810,136.166577,-0.00108769,0.00274215,
20810,213.035689,-0.00128282,0.00329384,
20810,303.796736,-0.00152118,0.00395893,
20810,407.459567,-0.00178342,0.00469425,
20810,505.504908,-0.00202783,0.005367,
21010,598.343347,-0.00226118,0.00603339,
21010,668.073735,-0.00241798,0.00647534,
21010,708.769171,-0.00251596,0.00672665,
21010,725.23574,-0.00253145,0.00678264,
21010,708.793323,-0.00232866,0.00619959,
21010,584.88611,-0.00212008,0.00564581,
21010,486.526664,-0.00187154,0.0049395,
21010,388.26882,-0.00162001,0.00424368,
21010,288.190082,-0.00137252,0.00355474,
21010,200.520426,-0.00117273,0.00297415,
21010,129.896872,-0.00100765,0.00250452,
21010,84.366639,-0.000915351,0.00226841,
21010,74.131272,-0.000902714,0.00222678,
21010,87.680212,-0.000956579,0.00238493,
21010,135.683549,-0.00109725,0.00277208,
21010,214.103182,-0.00130001,0.00333145,
21010,305.709529,-0.00153377,0.00398371,
21010,405.711002,-0.00179836,0.00471249,
21010,509.055178,-0.00205907,0.00541955,
21210,599.203142,-0.0022003,0.00602911,
21210,669.199199,-0.00235866,0.00647891,
21210,711.783292,-0.00244842,0.00673043,
21210,724.095784,-0.00246489,0.00677475,
21210,708.817474,-0.00240894,0.00660741,
21210,659.910502,-0.00225546,0.00619292,
21210,583.920049,-0.00205126,0.00561908,
21210,488.651995,-0.00180744,0.00493719,
21210,388.998193,-0.00156039,0.00424071,
21210,288.803528,-0.00130827,0.00355432,
21210,198.564162,-0.001098,0.00296253,
21210,130.177028,-0.000936401,0.00250941,
21210,84.72891,-0.000846189,0.00226202,
21210,72.445504,-0.000831579,0.0022252,
21210,88.549662,-0.000884548,0.002384,
21210,136.127935,-0.00103024,0.00278375,
21210,214.489604,-0.00123362,0.00334526,
21210,304.318407,-0.00146139,0.00398748,
21210,407.865312,-0.00172609,0.0047311,
21210,508.2775,-0.00197692,0.00540685,
21410,599.3239,-0.00220222,0.00605563,
21410,673.213192,-0.00236787,0.0065039,
21410,713.246879,-0.00245365,0.00673956,
21410,724.255184,-0.00246892,0.00677921,
21410,710.223098,-0.00241083,0.00662188,
21410,659.524076,-0.00226158,0.00620187,
21410,582.852551,-0.00204849,0.00562064,
21410,486.236846,-0.00179936,0.00492616,
21410,388.77117,-0.00155704,0.00423582,
21410,287.716714,-0.00130133,0.00353745,
21410,197.322779,-0.00109393,0.00294124,
21410,130.592432,-0.00092628,0.00249671,
21410,82.313769,-0.000828107,0.00223686,
21410,73.933231,-0.000820356,0.00221021,
21410,86.79627,-0.000874611,0.00235847,
21410,138.127672,-0.00102607,0.00277516,
21410,215.837253,-0.00121981,0.00332257,
21410,303.212271,-0.00145203,0.00396254,
21410,409.464139,-0.00172076,0.00472114,
21410,510.398001,-0.00196403,0.00539288,
21610,602.1448,-0.00221754,0.00609681,
21610,671.865534,-0.00236595,0.00652767,
21610,709.527531,-0.00246256,0.00677478,
21610,725.911985,-0.00248283,0.0068313,
21610,709.614477,-0.0024144,0.00665701,
21610,656.427844,-0.00226591,0.0062244,
21610,581.021865,-0.00206374,0.00565945,
21610,487.483063,-0.0018083,0.00497233,
21610,387.925869,-0.00155804,0.00426822,
21610,286.538124,-0.00131081,0.00358827,
21610,198.907112,-0.0010982,0.00298879,
21610,126.810322,-0.000943404,0.00253926,
21610,83.796666,-0.000852585,0.00230546,
21610,70.576185,-0.00083219,0.002261,
21610,88.689741,-0.00090271,0.00242897,
21610,137.765401,-0.00104372,0.00282581,
21610,215.77446,-0.0012431,0.00338466,
21610,306.327806,-0.00148254,0.0040428,
21610,409.580066,-0.00174511,0.00478274,
21610,512.426727,-0.00199587,0.00546965,
21810,601.077302,-0.00221891,0.00605532,
21810,670.421269,-0.00238842,0.00650793,
21810,713.097139,-0.00247958,0.00675746,
21810,724.622289,-0.00249067,0.0067872,
21810,708.585619,-0.00242093,0.00661301,
21810,656.21048,-0.00228036,0.00619476,
21810,581.002543,-0.00208204,0.0056306,
21810,487.946772,-0.0018325,0.00493769,
21810,386.505763,-0.00157321,0.00423647,
21810,284.456271,-0.00132734,0.00354786,
21810,200.090531,-0.00112636,0.00297314,
21810,124.752622,-0.000956414,0.00249426,
21810,85.298883,-0.000875835,0.00228914,
21810,73.005817,-0.000850347,0.00223615,
21810,87.487001,-0.000916676,0.00240048,
21810,137.615662,-0.00106585,0.00280586,
21810,217.155921,-0.00126665,0.00336411,
21810,306.438902,-0.00150938,0.00402607,
21810,411.043644,-0.00176492,0.00476399,
21810,508.214706,-0.00200231,0.00542869,
22010,601.20289,-0.0022948,0.0060653,
22010,671.860703,-0.00245139,0.00650804,
22010,711.561097,-0.0025399,0.00674621,
22010,724.380773,-0.00255112,0.00679183,
22010,710.691639,-0.00249774,0.00663089,
22010,655.312042,-0.00233814,0.00618165,
22010,579.765985,-0.00213973,0.00562829,
22010,486.734367,-0.00188712,0.00494707,
22010,385.109809,-0.0016303,0.00422629,
22010,285.823242,-0.00138797,0.00355629,
22010,197.540142,-0.00118407,0.00296058,
22010,126.810322,-0.00101837,0.00251019,
22010,83.376431,-0.000926869,0.0022791,
22010,73.628923,-0.00091809,0.00224712,
22010,87.288959,-0.000979361,0.00240074,
22010,138.031066,-0.00112841,0.00282536,
22010,217.252526,-0.00132039,0.003376,
22010,306.670756,-0.00155551,0.00402544,
22010,413.014403,-0.00181881,0.00477905,
22010,510.05988,-0.0020657,0.00544643,
22210,603.004595,-0.00223788,0.00607848,
22210,672.363056,-0.00239039,0.00650659,
22210,711.145689,-0.0024787,0.00674779,
22210,724.052311,-0.00249585,0.00678731,
22210,708.658074,-0.00243681,0.00662065,
22210,655.920661,-0.00228495,0.00618392,
22210,579.616245,-0.00207991,0.00562777,
22210,485.47849,-0.00183157,0.00492915,
22210,383.535135,-0.00157455,0.00421779,
22210,285.412668,-0.00133809,0.00355518,
22210,196.738315,-0.0011305,0.00296146,
22210,124.660847,-0.000961807,0.00249707,
22210,84.033349,-0.000881778,0.00228275,
22210,72.633885,-0.000865585,0.00223581,
22210,89.631645,-0.000931734,0.00239849,
22210,138.731457,-0.00107823,0.00281602,
22210,216.899916,-0.00127472,0.00337244,
22210,308.863706,-0.00151259,0.00402967,
22210,411.091947,-0.00177966,0.0047637,
22210,511.634558,-0.00202381,0.00545113,
22410,602.758249,-0.00229438,0.00608664,
22410,672.189165,-0.00246389,0.00653673,
22410,712.247002,-0.00254579,0.00676942,
22410,724.090953,-0.00256046,0.00681112,
22410,708.146059,-0.00249536,0.00662804,
22410,656.331238,-0.00234481,0.00620359,
22410,578.553578,-0.00214252,0.00563767,
22410,483.130965,-0.00188779,0.00494266,
22410,384.419078,-0.0016346,0.00424747,
22410,283.519196,-0.00138828,0.00355013,
22410,195.63701,-0.00119084,0.00297641,
22410,126.022986,-0.00102,0.00252462,
22410,83.419904,-0.000933898,0.00229243,
22410,72.773963,-0.000920485,0.0022575,
22410,87.912065,-0.000983217,0.00242513,
22410,140.480019,-0.00113485,0.00284356,
22410,216.2913,-0.00132937,0.00340002,
22410,308.858876,-0.00157516,0.00405558,
22410,411.840642,-0.00182935,0.00479761,
22410,512.547485,-0.00207876,0.00547367,
22610,511.605576,-0.0019959,0.0054741,
22610,602.729268,-0.00221681,0.0060905,
22610,673.551314,-0.00237466,0.00654294,
22610,712.135905,-0.00245892,0.00677421,
22610,724.134426,-0.0024764,0.00680856,
22610,708.667734,-0.00241372,0.00663811,
22610,654.288015,-0.00225093,0.00620321,
22610,576.974068,-0.00204799,0.00562966,
22610,484.106685,-0.00181495,0.00495836,
22610,385.626651,-0.00154706,0.00423208,
22610,281.084732,-0.00130089,0.00355357,
22610,198.114945,-0.00110019,0.00297835,
22610,122.32299,-0.000936022,0.00251327,
22610,83.593794,-0.000854749,0.00230463,
22610,73.488845,-0.000835749,0.00226402,
22610,87.660891,-0.000888872,0.00241632,
22610,141.310827,-0.00105004,0.00285231,
22610,219.686989,-0.00124268,0.00340348,
22610,308.028067,-0.00148314,0.00406433,
22610,415.564798,-0.00174492,0.00481418,
22810,603.627705,-0.00221939,0.00615712,
22810,674.159934,-0.00237597,0.00660009,
22810,712.493349,-0.00245729,0.00682876,
22810,725.525559,-0.00247427,0.0068723,
22810,707.55676,-0.00241252,0.00668719,
22810,653.225346,-0.0022519,0.00625559,
22810,578.345875,-0.00205619,0.00569334,
22810,482.164905,-0.00179464,0.00498388,
22810,382.110199,-0.00154956,0.00429437,
22810,283.978073,-0.00130845,0.00361161,
22810,193.714558,-0.00109882,0.00302464,
22810,125.766981,-0.000931195,0.00257498,
22810,83.545491,-0.000857146,0.0023537,
22810,73.141065,-0.00084237,0.00231781,
22810,88.742874,-0.000901541,0.00248539,
22810,139.093728,-0.00125615,0.00346188,
22810,311.399607,-0.00149867,0.00412551,
22810,413.487772,-0.00175747,0.00485583,
22810,514.23809,-0.00200807,0.00554805,
23010,604.791809,-0.00221748,0.00612273,
23010,674.990749,-0.00237838,0.0065746,
23010,711.846086,-0.0024599,0.00679195,
23010,723.690036,-0.00247711,0.0068318,
23010,707.571251,-0.00241518,0.00665188,
23010,653.732529,-0.00225745,0.00621705,
23010,576.945086,-0.00205095,0.00563678,
23010,482.179396,-0.0018114,0.00495827,
23010,382.095708,-0.00155226,0.00424752,
23010,282.258491,-0.00131063,0.00356809,
23010,194.743408,-0.00110682,0.00298023,
23010,122.979909,-0.000940918,0.00252463,
23010,83.69523,-0.000855173,0.00230734,
23010,71.566393,-0.000838023,0.00227093,
23010,90.694307,-0.000910027,0.00245194,
23010,142.189939,-0.00105986,0.00286924,
23010,219.889861,-0.00125508,0.00341819,
23010,308.694646,-0.00149806,0.0040822,
23010,418.091041,-0.00176498,0.00483854,
23210,515.933525,-0.00201608,0.00549683,
23210,601.850151,-0.00223844,0.00611255,
23210,676.724833,-0.00240706,0.00657687,
23210,713.41594,-0.0024745,0.00678857,
23210,722.308564,-0.00249695,0.00682508,
23210,707.276602,-0.00243333,0.00664769,
23210,654.089972,-0.00227559,0.00620944,
23210,577.104486,-0.00207333,0.00564305,
23210,482.976395,-0.00182406,0.00494618,
23210,380.883305,-0.00157481,0.00424007,
23210,281.533948,-0.001327,0.00355541,
23210,194.78205,-0.0011161,0.00297743,
23210,124.511108,-0.000965423,0.00252629,
23210,81.603718,-0.000877506,0.0022995,
23210,73.561299,-0.000870347,0.00228331,
23210,89.88282,-0.00093391,0.00244435,
23210,140.566964,-0.00108364,0.0028752,
23210,222.285682,-0.00128909,0.00343797,
23210,309.047257,-0.00151861,0.00408339,
23210,416.796523,-0.00179857,0.00485118,
23410,515.112374,-0.00198571,0.00551525,
23410,604.028621,-0.00220696,0.00613786,
23410,676.502638,-0.00236539,0.00658115,
23410,713.126121,-0.00244382,0.00679649,
23410,725.09083,-0.00246303,0.00683349,
23410,708.078435,-0.00239084,0.00665047,
23410,653.350934,-0.00224401,0.00622219,
23410,575.805134,-0.00203448,0.00563928,
23410,480.802761,-0.00178434,0.0049483,
23410,380.545185,-0.00152874,0.00424654,
23410,282.205358,-0.00128296,0.00356795,
23410,192.951373,-0.00107784,0.00298342,
23410,123.033042,-0.000925503,0.00253738,
23410,82.212333,-0.000835473,0.00231503,
23410,74.281011,-0.000826262,0.00229373,
23410,88.631777,-0.000882925,0.00245445,
23410,141.605475,-0.00103995,0.00289027,
23410,222.93777,-0.00124073,0.00344372,
23410,310.119581,-0.0014742,0.00409932,
23410,417.58386,-0.00174577,0.00485218,
23610,514.382999,-0.002009,0.0055115,
23610,607.646522,-0.00223699,0.00614184,
23610,675.208113,-0.00237715,0.0065564,
23610,712.483688,-0.00246875,0.00679992,
23610,724.525682,-0.00248578,0.00683339,
23610,706.402314,-0.00241395,0.00663035,
23610,652.534611,-0.00226618,0.00620241,
23610,575.027454,-0.00205148,0.00562442,
23610,480.561247,-0.00180743,0.00493738,
23610,378.79179,-0.00155009,0.00422073,
23610,280.437474,-0.00130721,0.00354871,
23610,191.859729,-0.00110345,0.00297136,
23610,124.520768,-0.000939075,0.00251381,
23610,82.531132,-0.000858285,0.00230925,
23610,75.073177,-0.000852213,0.00228436,
23610,88.583474,-0.000911318,0.00244622,
23610,142.948293,-0.00106878,0.00287984,
23610,221.995865,-0.00127035,0.00343646,
23610,312.230416,-0.0014996,0.00409298,
23610,418.289083,-0.00177614,0.00485042,
23810,515.952847,-0.00200692,0.00554056,
23810,607.260098,-0.00223445,0.00614583,
23810,675.024561,-0.0023933,0.00658907,
23810,714.517254,-0.00247092,0.00681082,
23810,722.950997,-0.00248787,0.00684199,
23810,708.15089,-0.00241125,0.00665796,
23810,650.090472,-0.00225527,0.0062122,
23810,573.979278,-0.00204671,0.00563759,
23810,480.261768,-0.00180612,0.00495811,
23810,378.753147,-0.0015423,0.00422836,
23810,279.857839,-0.00130116,0.00356034,
23810,195.27957,-0.00109125,0.00299703,
23810,121.149232,-0.000932105,0.00252977,
23810,81.579566,-0.000852601,0.00232054,
23810,73.029968,-0.000841435,0.00230419,
23810,89.129296,-0.000901194,0.00247037,
23810,144.237978,-0.00105891,0.00290858,
23810,222.507875,-0.00125071,0.00345641,
23810,310.834463,-0.00149652,0.00412007,
23810,420.081122,-0.00176438,0.00488077,
24010,517.957421,-0.00200565,0.00554003,
24010,606.009047,-0.00222577,0.00615446,
24010,675.826394,-0.00238125,0.00659074,
24010,713.981088,-0.00245912,0.006815,
24010,723.921892,-0.00247129,0.00684486,
24010,706.79357,-0.00240529,0.00665207,
24010,650.21606,-0.00224833,0.00621158,
24010,573.892333,-0.00204661,0.00563761,
24010,478.17508,-0.00178882,0.00494225,
24010,377.869204,-0.00153876,0.00424062,
24010,280.191129,-0.00128842,0.00356619,
24010,191.439495,-0.00108888,0.00297564,
24010,122.796358,-0.000934051,0.00254318,
24010,83.516509,-0.000854167,0.0023252,
24010,72.150857,-0.000840624,0.00229367,
24010,90.472114,-0.000916425,0.00248616,
24010,143.136674,-0.00106125,0.00290615,
24010,220.851087,-0.00126266,0.00346916,
24010,314.331591,-0.00149887,0.0041339,
24010,418.815585,-0.00176217,0.00487242,
24210,515.170338,-0.00201326,0.00557926,
24210,607.047564,-0.00239324,0.00663281,
24210,713.353146,-0.00247221,0.00684862,
24210,725.095661,-0.00248505,0.00688951,
24210,706.088343,-0.00241051,0.00668882,
24210,651.317372,-0.00225676,0.00625002,
24210,573.032538,-0.00204697,0.00566987,
24210,477.141396,-0.00180166,0.004983,
24210,377.048055,-0.00153657,0.00425664,
24210,277.974028,-0.00130572,0.00361163,
24210,194.965601,-0.00109505,0.00302573,
24210,119.424821,-0.000938171,0.00256004,
24210,80.893666,-0.000859207,0.00236598,
24210,75.353334,-0.000844035,0.00234391,
24210,90.278903,-0.000915716,0.00251514,
24210,143.223619,-0.00106652,0.00295388,
24210,223.826542,-0.00126228,0.00351435,
24210,312.887335,-0.00149772,0.00416504,
24210,420.844308,-0.00177599,0.00492696,
24410,518.566039,-0.00202231,0.00554927,
24410,607.873547,-0.0022378,0.00614964,
24410,675.898848,-0.00240077,0.00659007,
24410,715.372221,-0.00248158,0.00681176,
24410,724.100614,-0.00248596,0.00683384,
24410,704.817968,-0.00242188,0.00663587,
24410,651.863197,-0.00226905,0.00621031,
24410,571.617258,-0.00205093,0.00560989,
24410,476.890221,-0.00181291,0.0049318,
24410,379.076777,-0.00155524,0.00421362,
24410,275.351183,-0.00131223,0.00352631,
24410,191.226962,-0.00111806,0.00297935,
24410,122.670771,-0.000950296,0.00252068,
24410,81.64236,-0.000874441,0.00230691,
24410,73.044459,-0.000872243,0.00228742,
24410,92.62642,-0.000941841,0.00247473,
24410,143.783932,-0.00109965,0.00290196,
24410,224.98581,-0.00129883,0.00346192,
24410,314.689032,-0.00154469,0.00412963,
24410,420.110103,-0.001803,0.00486309,
24610,518.957294,-0.00201524,0.00553966,
24610,607.467801,-0.00222363,0.00613487,
24610,676.270783,-0.00238805,0.00656481,
24610,714.473781,-0.00247662,0.00678952,
24610,724.612628,-0.00248585,0.00681282,
24610,706.107664,-0.00241221,0.00661377,
24610,648.37571,-0.00226377,0.00616417,
24610,572.998726,-0.00205386,0.0055892,
24610,476.957845,-0.00180716,0.00489646,
24610,375.30432,-0.00156405,0.00418395,
24610,277.626248,-0.00132803,0.00353021,
24610,190.512081,-0.00111683,0.0029322,
24610,118.082003,-0.000970837,0.00249785,
24610,83.661418,-0.000896735,0.00229121,
24610,73.609602,-0.000888923,0.00226342,
24610,91.240129,-0.000958031,0.00244492,
24610,145.358603,-0.00111899,0.00288366,
24610,223.865184,-0.0013293,0.00343739,
24610,316.659789,-0.00156656,0.00410355,
24610,420.54966,-0.00183621,0.00483844,
24810,520.116566,-0.00201605,0.00556151,
24810,609.409585,-0.00224281,0.00615861,
24810,675.855375,-0.00239796,0.00659451,
24810,715.222481,-0.00247562,0.00681373,
24810,722.859221,-0.00248257,0.00682628,
24810,703.769789,-0.00241325,0.0066253,
24810,650.930946,-0.00226162,0.0061991,
24810,571.303289,-0.00204685,0.00560567,
24810,476.484476,-0.00179967,0.00491272,
24810,374.338262,-0.00154158,0.00420801,
24810,276.423507,-0.00130234,0.0035342,
24810,190.096676,-0.00109529,0.00295666,
24810,119.535918,-0.000937409,0.0025111,
24810,82.888573,-0.000861022,0.00231111,
24810,72.37305,-0.000853178,0.00229076,
24810,90.930991,-0.000921077,0.00247216,
24810,145.223356,-0.00107585,0.00291234,
24810,226.719882,-0.00127396,0.0034727,
24810,314.718013,-0.00151129,0.00413237,
24810,421.559191,-0.00178556,0.00488619,
25010,519.06356,-0.00203766,0.00558836,
25010,609.448228,-0.00224943,0.00618191,
25010,675.840885,-0.00239929,0.00660554,
25010,714.382005,-0.00248095,0.006838,
25010,725.655978,-0.00249312,0.00685485,
25010,703.204641,-0.00241331,0.00663724,
25010,650.3658,-0.00226697,0.0062257,
25010,570.883052,-0.00204553,0.00561469,
25010,473.441389,-0.00180362,0.00492722,
25010,375.912937,-0.0015534,0.00423641,
25010,276.090217,-0.00130442,0.00354029,
25010,188.096939,-0.00110065,0.00298142,
25010,122.806018,-0.000945854,0.00254563,
25010,80.512074,-0.000861874,0.00232735,
25010,74.937929,-0.000861682,0.002317,
25010,93.32198,-0.000929556,0.00249616,
25010,144.817612,-0.00108838,0.00293887,
25010,225.720013,-0.00128589,0.00350482,
25010,316.142948,-0.00152038,0.00415895,
25010,421.414283,-0.00179268,0.00490911,
25210,521.353123,-0.00214231,0.0055731,
25210,610.380477,-0.00236246,0.00618299,
25210,677.536326,-0.00250932,0.0066168,
25210,715.430185,-0.00259338,0.00682318,
25210,723.796304,-0.00260335,0.00684678,
25210,704.895253,-0.00252504,0.00664603,
25210,649.332112,-0.00237575,0.0062063,
25210,569.148972,-0.00215516,0.00560812,
25210,475.431471,-0.00191717,0.00493357,
25210,375.120769,-0.00165133,0.00421197,
25210,274.984082,-0.00141704,0.00355173,
25210,190.777746,-0.00122104,0.00297156,
25210,117.579654,-0.0010533,0.00252379,
25210,83.265335,-0.000981837,0.00233564,
25210,72.20399,-0.000971752,0.002308,
25210,90.254752,-0.0010416,0.00250219,
25210,147.078184,-0.00119953,0.00294377,
25210,227.405782,-0.00139078,0.0035089,
25210,317.055872,-0.0016361,0.00416268,
25210,424.718203,-0.00190903,0.00492518,
25410,520.111735,-0.00201403,0.00562603,
25410,611.67017,-0.00223731,0.00623848,
25410,678.091812,-0.00238783,0.00665366,
25410,715.019607,-0.00247182,0.0068813,
25410,724.375942,-0.00247103,0.00688908,
25410,703.914698,-0.00239712,0.00668342,
25410,648.361219,-0.00224479,0.00624759,
25410,568.32782,-0.00202443,0.00564296,
25410,473.13225,-0.00178228,0.00496627,
25410,373.850403,-0.00152123,0.00424486,
25410,273.467372,-0.00128086,0.00358196,
25410,188.116261,-0.00108059,0.00301061,
25410,117.975737,-0.000921439,0.00256226,
25410,82.043273,-0.000849581,0.00236901,
25410,72.788454,-0.000846462,0.00235071,
25410,91.375377,-0.000908735,0.00254306,
25410,146.793197,-0.00107179,0.00298484,
25410,226.35761,-0.00126822,0.00354269,
25410,317.625846,-0.00150855,0.0042087,
25410,425.065984,-0.00177782,0.00496355,
25610,521.749207,-0.0021106,0.00559419,
25610,611.583225,-0.00232881,0.00620643,
25610,679.516756,-0.00247838,0.0066294,
25610,714.715297,-0.00255556,0.0068392,
25610,724.916939,-0.00256769,0.00686053,
25610,703.103204,-0.00249198,0.00665164,
25610,646.820349,-0.0023323,0.0062049,
25610,569.873518,-0.00212294,0.00561923,
25610,472.113057,-0.0018796,0.00491436,
25610,374.555625,-0.00161967,0.00422349,
25610,273.655753,-0.00138046,0.00354187,
25610,185.846028,-0.00118201,0.00295386,
25610,118.222081,-0.00102625,0.00253833,
25610,82.236485,-0.000954675,0.00232856,
25610,72.822266,-0.000947582,0.00230802,
25610,91.819763,-0.00102239,0.00250609,
25610,149.261471,-0.00118181,0.00295673,
25610,227.251213,-0.00137248,0.00349632,
25610,320.166577,-0.00161863,0.0041784,
25610,427.258937,-0.00189282,0.00492053,
25810,522.546207,-0.00199583,0.00560226,
25810,610.815205,-0.00222762,0.00622881,
25810,681.197707,-0.0023779,0.00664962,
25810,712.184208,-0.00244915,0.00683184,
25810,725.206758,-0.00246799,0.0068849,
25810,705.112618,-0.00238176,0.00665435,
25810,646.042669,-0.00222401,0.00620951,
25810,568.815681,-0.0020146,0.0056248,
25810,472.15653,-0.0017581,0.00492366,
25810,373.328732,-0.00151746,0.00423605,
25810,274.047006,-0.00126987,0.00355299,
25810,185.807386,-0.00106472,0.0029731,
25810,117.632787,-0.000909324,0.00254396,
25810,81.405676,-0.000834469,0.00234795,
25810,74.459732,-0.000829294,0.00233394,
25810,92.930728,-0.000902835,0.00251901,
25810,147.609515,-0.00105662,0.00297408,
25810,228.767922,-0.00125588,0.00353171,
25810,319.079763,-0.00150054,0.00419996,
25810,425.012851,-0.00176714,0.00494734,
26010,523.768273,-0.0021218,0.00561281,
26010,611.520431,-0.00233713,0.00621212,
26010,680.762978,-0.00248997,0.00664344,
26010,714.285398,-0.00256295,0.0068361,
26010,723.250477,-0.00256478,0.00686145,
26010,704.624755,-0.00248761,0.00664423,
26010,645.694886,-0.00232574,0.00619486,
26010,567.168547,-0.0021169,0.00562041,
26010,471.475458,-0.00186114,0.00492356,
26010,371.401446,-0.00161023,0.00421388,
26010,272.428861,-0.0013629,0.00353966,
26010,185.899161,-0.00116555,0.00296853,
26010,116.82613,-0.00100576,0.00253623,
26010,79.864816,-0.000928918,0.00233692,
26010,74.406599,-0.000921668,0.00233427,
26010,93.776027,-0.000997688,0.00252722,
26010,146.735234,-0.00115447,0.00296292,
26010,229.173666,-0.00135021,0.00353501,
26010,321.040859,-0.00158741,0.00419648,
26010,425.66494,-0.00185214,0.00494108,
26210,523.029237,-0.00204839,0.00562796,
26210,613.322136,-0.00226832,0.00624232,
26210,678.999912,-0.0024214,0.00665621,
26210,715.618567,-0.00249851,0.00686681,
26210,724.371112,-0.00249687,0.00687742,
26210,703.460648,-0.00241786,0.00666085,
26210,646.07165,-0.00226627,0.00621784,
26210,567.897923,-0.00205459,0.00563093,
26210,470.036029,-0.00179375,0.00492159,
26210,370.749357,-0.00155026,0.00423026,
26210,272.375728,-0.00129785,0.00354637,
26210,185.150467,-0.00109608,0.00298156,
26210,117.565163,-0.000947249,0.00254282,
26210,80.130482,-0.000870532,0.00236051,
26210,74.329314,-0.000863886,0.00234058,
26210,91.892217,-0.000938783,0.00254019,
26210,148.884709,-0.00109829,0.00299023,
26210,228.695468,-0.00129069,0.00355089,
26210,321.630154,-0.00154247,0.00423044,
26210,427.379695,-0.00180065,0.00496473,
26410,524.425194,-0.00204936,0.0056266,
26410,612.75699,-0.00226196,0.0062306,
26410,680.79679,-0.00241873,0.00665428,
26410,716.763354,-0.00249193,0.00684913,
26410,724.78652,-0.00249908,0.00687159,
26410,703.663522,-0.00242369,0.00664791,
26410,643.584039,-0.00226042,0.00619278,
26410,567.013977,-0.00205415,0.00561172,
26410,470.813707,-0.00180163,0.00490498,
26410,370.102098,-0.0015537,0.00420366,
26410,271.264762,-0.00130312,0.00352433,
26410,184.16992,-0.00110484,0.00295729,
26410,118.511898,-0.000951119,0.00253487,
26410,81.014423,-0.000874145,0.00233883,
26410,71.228273,-0.00086831,0.00231765,
26410,93.703573,-0.000947815,0.00253459,
26410,149.855596,-0.00110996,0.00297931,
26410,229.202647,-0.00130495,0.0035382,
26410,321.084332,-0.00154587,0.00421306,
26410,428.384396,-0.00181337,0.00495974,
26610,525.917757,-0.00213439,0.00564787,
26610,613.916264,-0.00234849,0.00624535,
26610,679.869369,-0.00249493,0.00665839,
26610,715.497809,-0.00256925,0.00686612,
26610,723.825286,-0.00258187,0.00688274,
26610,702.064686,-0.00248715,0.00665228,
26610,644.608065,-0.00232826,0.00620977,
26610,566.931862,-0.00211671,0.00561661,
26610,470.065011,-0.00185899,0.00491633,
26610,370.034474,-0.00160851,0.00421581,
26610,271.829905,-0.00135621,0.00354783,
26610,183.285978,-0.00115446,0.00297689,
26610,116.275478,-0.00100737,0.00255114,
26610,80.033876,-0.000937057,0.0023604,
26610,72.962344,-0.000929183,0.00234352,
26610,94.746913,-0.000998982,0.00256293,
26610,149.131054,-0.00116219,0.00300073,
26610,229.159175,-0.00135842,0.0035623,
26610,322.190467,-0.00159875,0.00424178,
26610,428.326432,-0.00186205,0.00497557,
26810,524.603915,-0.00181331,0.00498782,
26810,615.761443,-0.00205321,0.00564353,
26810,680.429686,-0.00227587,0.00626416,
26810,716.087108,-0.00241864,0.00665353,
26810,725.699451,-0.00249738,0.00687871,
26810,701.9874,-0.00249992,0.00688012,
26810,643.487433,-0.00241354,0.0066535,
26810,565.00457,-0.00225506,0.00620569,
26810,468.340595,-0.00204249,0.00561026,
26810,369.165022,-0.00179578,0.00492606,
26810,268.907583,-0.00154317,0.00421032,
26810,184.778535,-0.00130197,0.00354461,
26810,115.719996,-0.00110246,0.00298691,
26810,78.749021,-0.000939244,0.00254114,
26810,74.817172,-0.000874539,0.00236025,
26810,92.921067,-0.00087085,0.00234852,
26810,151.425437,-0.000940077,0.00255029,
26810,231.067137,-0.0011069,0.0030112,
26810,321.89582,-0.0012981,0.0035577,
26810,431.712468,-0.00154422,0.00424551,
27010,526.217236,-0.00210715,0.00564296,
27010,616.737166,-0.00232628,0.00624661,
27010,681.772515,-0.0024652,0.00665269,
27010,717.096646,-0.00254513,0.0068596,
27010,724.501531,-0.00255006,0.00686626,
27010,701.881133,-0.00247249,0.00664735,
27010,644.806108,-0.00230746,0.00618836,
27010,564.004697,-0.00210418,0.00560039,
27010,468.973364,-0.0018403,0.00489841,
27010,368.252097,-0.00159357,0.00419482,
27010,269.641786,-0.00135759,0.00353158,
27010,183.933236,-0.00114634,0.00296032,
27010,113.981094,-0.00099208,0.00252443,
27010,81.024084,-0.000923927,0.00234682,
27010,73.846286,-0.000916626,0.00232663,
27010,92.558796,-0.000995146,0.00254025,
27010,153.69084,-0.00115888,0.00299767,
27010,229.656694,-0.00135898,0.00354082,
27010,326.001564,-0.00160013,0.00424129,
27010,430.644973,-0.00187135,0.0049642,
27210,527.87886,-0.00201763,0.00566541,
27210,616.399044,-0.00223913,0.00627066,
27210,680.540783,-0.00237853,0.00667408,
27210,716.198206,-0.00245865,0.00687747,
27210,723.791473,-0.00245591,0.00688865,
27210,701.895624,-0.00237444,0.00666046,
27210,642.66628,-0.00220998,0.00619612,
27210,564.313837,-0.00199865,0.00561232,
27210,469.036158,-0.00174973,0.00492055,
27210,367.80771,-0.00149117,0.0041981,
27210,270.501577,-0.00125319,0.00354273,
27210,183.054125,-0.00105592,0.00298104,
27210,117.51203,-0.000901289,0.00254533,
27210,77.903722,-0.000822725,0.00235776,
27210,74.43558,-0.00083304,0.00236397,
27210,95.693649,-0.000902657,0.00255804,
27210,151.575176,-0.00106725,0.00302102,
27210,231.332802,-0.00126253,0.00357219,
27210,326.160964,-0.00151523,0.00424801,
27210,431.128002,-0.00177859,0.00499877,
27410,528.405363,-0.00216762,0.00565272,
27410,615.983637,-0.0023823,0.00624539,
27410,681.777345,-0.00252017,0.00665221,
27410,715.628228,-0.00259801,0.00685404,
27410,724.849314,-0.00260846,0.0068655,
27410,701.741054,-0.00252011,0.00663055,
27410,644.207149,-0.00236474,0.00618739,
27410,563.294642,-0.00214365,0.00557633,
27410,465.027012,-0.00189259,0.0048813,
27410,368.662672,-0.00165168,0.00419576,
27410,266.453798,-0.00138865,0.00349866,
27410,182.010784,-0.00120222,0.0029549,
27410,116.14023,-0.00104842,0.00251734,
27410,77.918213,-0.00097246,0.00232645,
27410,74.150594,-0.000976856,0.00233119,
27410,95.601873,-0.00105206,0.00253801,
27410,151.724915,-0.00121615,0.00299816,
27410,234.974836,-0.00141947,0.00356918,
27410,324.074279,-0.00165296,0.00422582,
27410,431.934661,-0.00192177,0.00498121,
27610,529.32312,-0.00216392,0.00565714,
27610,615.046557,-0.00237632,0.00624264,
27610,684.13937,-0.00252961,0.00667005,
27610,717.357483,-0.00259575,0.00684893,
27610,724.404924,-0.0025956,0.00686731,
27610,702.755421,-0.00251219,0.00663544,
27610,640.507129,-0.00234582,0.00616791,
27610,563.439552,-0.00214028,0.00558978,
27610,465.867484,-0.00188016,0.00488801,
27610,365.073767,-0.00162748,0.00417434,
27610,268.17338,-0.00138473,0.00351021,
27610,180.808043,-0.00118762,0.00294355,
27610,115.005114,-0.0010402,0.0025234,
27610,78.188709,-0.000965818,0.00232947,
27610,73.604772,-0.000964811,0.00233874,
27610,95.360359,-0.0010461,0.00254827,
27610,154.333267,-0.00120598,0.00299837,
27610,233.67549,-0.00140234,0.00356962,
27610,326.257569,-0.00166058,0.00426274,
27610,431.987795,-0.00191085,0.00497936,
27810,531.062028,-0.00208299,0.00568494,
27810,616.210662,-0.0022983,0.00627481,
27810,683.941327,-0.0024446,0.00669371,
27810,717.169101,-0.00251172,0.00687738,
27810,721.748247,-0.00252023,0.00687839,
27810,701.006845,-0.00243924,0.00665978,
27810,642.714583,-0.00227841,0.00619643,
27810,560.88432,-0.00206132,0.00559112,
27810,465.529363,-0.00181511,0.0049126,
27810,366.822331,-0.00156017,0.00419502,
27810,264.140092,-0.00131938,0.0035231,
27810,182.744986,-0.00112166,0.00297781,
27810,112.435404,-0.000962079,0.00253239,
27810,78.831136,-0.000906332,0.00236444,
27810,74.701246,-0.000904358,0.00236591,
27810,95.964144,-0.000978355,0.00256913,
27810,152.439797,-0.00114376,0.00303513,
27810,235.762173,-0.00134126,0.00360284,
27810,327.1077,-0.00158839,0.00426575,
27810,434.229051,-0.00185956,0.00502197,
28010,529.139568,-0.0020435,0.0056973,
28010,617.157403,-0.00224329,0.00627995,
28010,683.651508,-0.00239981,0.00669712,
28010,716.719881,-0.00246761,0.006887,
28010,723.839776,-0.00247087,0.00688655,
28010,700.147048,-0.00238578,0.0066517,
28010,641.999696,-0.0022264,0.00619481,
28010,561.889024,-0.00200702,0.00559463,
28010,463.244633,-0.00176336,0.00489693,
28010,365.218675,-0.00151125,0.0042051,
28010,265.830692,-0.00126346,0.00351755,
28010,180.837025,-0.00107271,0.00297254,
28010,115.222477,-0.000921847,0.00254957,
28010,78.860118,-0.000853604,0.00235392,
28010,74.43075,-0.000851334,0.00236247,
28010,96.157356,-0.000936328,0.00257938,
28010,153.033921,-0.00109752,0.00302937,
28010,235.588282,-0.00130141,0.00361591,
28010,327.247778,-0.00154238,0.00426986,
28010,433.963385,-0.00181605,0.00502813,
28210,530.409938,-0.00227327,0.00630623,
28210,685.19238,-0.00242003,0.00672007,
28210,717.086985,-0.00248616,0.00689196,
28210,722.24577,-0.0024969,0.00690221,
28210,702.58636,-0.00241211,0.00667379,
28210,640.130365,-0.00223976,0.00619412,
28210,561.169308,-0.00203171,0.00560808,
28210,463.437845,-0.00177692,0.00491969,
28210,363.62468,-0.00151982,0.00419991,
28210,264.154583,-0.00127746,0.0035372,
28210,180.624493,-0.00108482,0.00298167,
28210,111.889582,-0.00093285,0.00255177,
28210,80.797061,-0.000864713,0.00237723,
28210,75.092498,-0.00085842,0.00237609,
28210,96.345737,-0.000940757,0.0025976,
28210,154.072432,-0.00110107,0.0030511,
28210,234.834758,-0.00130769,0.00363106,
28210,328.397387,-0.0015471,0.0043053,
28210,433.586622,-0.00181389,0.00503986,
28410,530.506544,-0.00214645,0.00550611,
28410,618.220071,-0.00236591,0.00610353,
28410,686.960276,-0.00251935,0.0065255,
28410,714.362683,-0.00258013,0.00668138,
28410,723.902571,-0.00259831,0.00669899,
28410,701.784527,-0.00251159,0.00646108,
28410,638.318998,-0.00234447,0.00598426,
28410,560.07766,-0.00214342,0.00540542,
28410,462.288234,-0.00189249,0.00469412,
28410,364.30575,-0.00164416,0.00399449,
28410,264.512024,-0.00140471,0.00332539,
28410,179.069142,-0.00120783,0.00275416,
28410,112.290496,-0.00106835,0.00234812,
28410,81.666511,-0.00100049,0.00216493,
28410,72.629055,-0.0010024,0.00215574,
28410,96.437512,-0.00109046,0.00239353,
28410,156.632481,-0.00126089,0.0028544,
28410,235.597943,-0.00145459,0.00340394,
28410,329.595298,-0.00171197,0.00410376,
28410,437.078924,-0.00198869,0.00484242,
28610,531.375998,-0.00215646,0.00571726,
28610,619.374515,-0.00237371,0.00632109,
28610,683.303725,-0.00251696,0.00671315,
28610,718.748616,-0.00258437,0.00690295,
28610,722.680499,-0.00258074,0.00690287,
28610,699.354876,-0.00250344,0.00666652,
28610,640.217311,-0.00233351,0.00620371,
28610,558.633398,-0.0021147,0.00559196,
28610,463.674529,-0.00187191,0.00491447,
28610,361.929248,-0.0016103,0.00418779,
28610,265.946619,-0.0013659,0.00353533,
28610,179.20439,-0.00116767,0.00296885,
28610,113.961773,-0.00102787,0.00255833,
28610,77.681529,-0.000953377,0.00237387,
28610,73.865607,-0.000955203,0.00238052,
28610,94.809707,-0.00103676,0.00260181,
28610,156.323343,-0.00120292,0.00307611,
28610,235.158387,-0.00139159,0.00362139,
28610,330.913966,-0.00165178,0.00432898,
28610,437.214173,-0.00191222,0.00505908,
28810,533.81047,-0.00208661,0.00572978,
28810,618.326338,-0.0023004,0.00632095,
28810,685.680242,-0.00244278,0.00673957,
28810,717.521714,-0.00251103,0.00691359,
28810,723.066925,-0.00251505,0.00691944,
28810,700.422377,-0.00242872,0.00667381,
28810,639.995116,-0.00224769,0.00621264,
28810,558.010289,-0.00204053,0.0056034,
28810,461.07583,-0.00178728,0.00490187,
28810,361.006663,-0.00153586,0.00421222,
28810,264.690745,-0.00129402,0.00352891,
28810,176.253087,-0.00109395,0.00297596,
28810,113.517387,-0.000953083,0.00257076,
28810,78.884269,-0.000878545,0.00238802,
28810,73.06378,-0.000880707,0.00238762,
28810,95.843387,-0.000959961,0.00261002,
28810,157.197624,-0.00112739,0.00309295,
28810,236.530188,-0.00132213,0.00364207,
28810,330.416447,-0.00157319,0.0043282,
28810,437.750335,-0.00184384,0.00508353,
29010,532.279265,-0.00218074,0.0057438,
29010,622.24855,-0.00239489,0.00634335,
29010,684.854258,-0.00253347,0.00672507,
29010,718.50227,-0.00261156,0.00692705,
29010,723.028282,-0.00260375,0.00691116,
29010,699.707489,-0.00252121,0.00667413,
29010,638.908296,-0.00235296,0.00620282,
29010,557.140834,-0.00213859,0.00560734,
29010,461.993586,-0.00189406,0.00491826,
29010,359.258098,-0.00161883,0.0041862,
29010,261.778083,-0.00139035,0.00354057,
29010,179.465225,-0.00119126,0.00298602,
29010,109.025225,-0.0010379,0.00254576,
29010,78.55581,-0.00098258,0.00239726,
29010,76.058555,-0.000980175,0.00239379,
29010,96.345737,-0.00106284,0.0026149,
29010,156.386137,-0.00122024,0.00308381,
29010,237.626662,-0.00142464,0.00365625,
29010,331.928327,-0.00167654,0.00434359,
29010,437.141718,-0.00193756,0.00507458,
29210,531.970125,-0.00206606,0.00574844,
29210,621.538494,-0.00228819,0.00635322,
29210,685.110264,-0.00242356,0.00673673,
29210,718.999793,-0.00249263,0.00693425,
29210,723.728679,-0.00249909,0.00691801,
29210,699.552919,-0.00240505,0.00667348,
29210,638.700592,-0.00224198,0.00621552,
29210,556.75924,-0.00202297,0.00560755,
29210,460.520346,-0.00177133,0.00491504,
29210,359.881206,-0.00151305,0.00419658,
29210,261.681477,-0.00127156,0.0035369,
29210,177.711832,-0.00108154,0.00298348,
29210,110.759296,-0.000935109,0.00256668,
29210,78.183879,-0.000867037,0.00239381,
29210,72.735321,-0.000867244,0.00239381,
29210,97.471192,-0.000958455,0.00263402,
29210,158.250626,-0.00111018,0.00308976,
29210,236.409431,-0.001325,0.00367296,
29210,334.227544,-0.0015624,0.00435719,
29210,436.088714,-0.00182521,0.005082,
29410,533.916737,-0.00186734,0.0050991,
29410,620.37922,-0.00210944,0.00576153,
29410,685.675412,-0.00231401,0.0063435,
29410,718.338039,-0.00245877,0.0067468,
29410,723.540296,-0.00252715,0.00692561,
29410,698.504739,-0.00252584,0.00692121,
29410,637.797324,-0.00242952,0.00667184,
29410,557.469295,-0.00227173,0.00620975,
29410,459.312772,-0.00205497,0.00560542,
29410,360.219326,-0.00180024,0.00490784,
29410,260.942444,-0.00154864,0.00420139,
29410,175.987422,-0.00130003,0.00353601,
29410,110.865563,-0.00110259,0.00297423,
29410,79.198238,-0.00095956,0.00257335,
29410,73.942891,-0.000895225,0.00238983,
29410,96.669365,-0.000898258,0.00240443,
29410,157.584047,-0.000976949,0.00262481,
29410,239.79546,-0.00114277,0.0030979,
29410,331.343862,-0.00134565,0.00368117,
29410,439.069006,-0.00159333,0.0043526,
29610,534.887628,-0.00205602,0.00576595,
29610,624.436681,-0.0022769,0.00637079,
29610,684.385717,-0.00240303,0.00673735,
29610,718.014407,-0.00248548,0.00695171,
29610,725.665639,-0.00248296,0.00692915,
29610,696.514648,-0.00237821,0.0066764,
29610,637.7297,-0.00221856,0.00621388,
29610,557.445144,-0.00200017,0.00561408,
29610,458.404676,-0.00174662,0.00490291,
29610,359.924678,-0.00149655,0.00420614,
29610,259.01033,-0.00125261,0.00353313,
29610,176.98246,-0.0010597,0.00299098,
29610,111.725353,-0.000915844,0.00257546,
29610,77.116386,-0.000847821,0.00240206,
29610,74.580489,-0.000848235,0.00240269,
29610,97.166884,-0.000933137,0.0026418,
29610,158.66603,-0.00110729,0.00311809,
29610,239.017784,-0.00129843,0.00367789,
29610,332.681852,-0.00155046,0.004376,
29610,439.774229,-0.00181547,0.00510873,
29810,533.544804,-0.00216155,0.00580544,
29810,624.233808,-0.00238196,0.00641747,
29810,687.366023,-0.00251985,0.00679198,
29810,718.222111,-0.00259128,0.00696754,
29810,723.569278,-0.00258797,0.00696775,
29810,699.86689,-0.00249223,0.00671491,
29810,636.34823,-0.00233115,0.00623898,
29810,555.213543,-0.00210766,0.00564087,
29810,459.327263,-0.00185998,0.00493619,
29810,358.272719,-0.00160588,0.00422675,
29810,258.778476,-0.00135962,0.00355327,
29810,176.344862,-0.00116377,0.00301778,
29810,111.623917,-0.00101656,0.00258992,
29810,78.348108,-0.00094836,0.00242115,
29810,74.029837,-0.00095641,0.00242971,
29810,98.891295,-0.00104117,0.0026749,
29810,159.453366,-0.00120903,0.00313766,
29810,239.037105,-0.00140491,0.00370792,
29810,335.710442,-0.00164953,0.0044004,
29810,440.542245,-0.0019204,0.00514437,
30010,536.858391,-0.00217395,0.00575605,
30010,621.799331,-0.00238491,0.00633918,
30010,688.993841,-0.00253452,0.00675838,
30010,717.545866,-0.00259614,0.00690874,
30010,721.516391,-0.00259229,0.006904,
30010,699.369367,-0.00250599,0.00666305,
30010,634.633469,-0.00233613,0.00617499,
30010,555.942919,-0.00212603,0.00559493,
30010,457.858853,-0.00187071,0.00487932,
30010,356.664233,-0.00161641,0.00417164,
30010,260.560851,-0.00138339,0.0035272,
30010,174.871626,-0.00119276,0.00295923,
30010,110.107208,-0.00104564,0.00255613,
30010,78.990536,-0.000990191,0.00239257,
30010,73.073441,-0.000992807,0.00240331,
30010,98.157092,-0.00107682,0.00263183,
30010,159.926734,-0.00124711,0.00311153,
30010,241.50538,-0.00145257,0.00368324,
30010,334.918275,-0.0016974,0.00436417,
30010,441.141202,-0.00196764,0.00510963,
30210,536.993639,-0.00219425,0.00577126,
30210,625.731204,-0.00240724,0.00636916,
30210,687.62203,-0.00254083,0.0067416,
30210,719.545619,-0.00261546,0.00693265,
30210,722.69982,-0.00259949,0.00691028,
30210,696.992849,-0.00251349,0.00666098,
30210,636.923037,-0.00234498,0.00619172,
30210,555.619289,-0.00212799,0.00558605,
30210,455.69005,-0.00186481,0.00487927,
30210,357.127941,-0.00162083,0.00418166,
30210,260.116465,-0.00137461,0.00351496,
30210,173.185858,-0.00118122,0.00295502,
30210,110.98632,-0.00104748,0.00256113,
30210,79.773041,-0.00098178,0.00238993,
30210,73.74002,-0.000979211,0.0024029,
30210,100.886201,-0.00106931,0.00263779,
30210,158.646709,-0.00123318,0.00311398,
30210,243.326397,-0.00143699,0.00369262,
30210,335.261225,-0.00168145,0.00437128,
30210,439.972271,-0.00195175,0.00510866,
30410,536.235282,-0.00226373,0.00578822,
30410,624.412529,-0.00248223,0.00639611,
30410,688.53496,-0.00262096,0.0067732,
30410,716.879281,-0.00268204,0.00694149,
30410,723.965365,-0.00268579,0.00693847,
30410,696.176525,-0.00258303,0.00667071,
30410,634.908797,-0.00241462,0.00620187,
30410,554.392391,-0.00220049,0.00560457,
30410,455.264984,-0.00194526,0.00489293,
30410,354.76593,-0.00169091,0.0041909,
30410,260.348319,-0.00146035,0.00353629,
30410,172.611054,-0.00126261,0.00297708,
30410,109.600029,-0.00111928,0.00257815,
30410,77.275786,-0.00105228,0.00240455,
30410,73.22801,-0.00106045,0.0024141,
30410,100.127847,-0.0011468,0.00266726,
30410,159.124907,-0.00130974,0.00312818,
30410,242.824047,-0.00152231,0.00372591,
30410,336.995299,-0.00176211,0.00438866,
30410,442.522666,-0.00203052,0.00514614,
30610,538.5973,-0.00211648,0.00583832,
30610,625.82298,-0.0023291,0.00642511,
30610,687.829734,-0.00246706,0.00680685,
30610,718.333208,-0.00253469,0.00698863,
30610,723.805964,-0.00253133,0.00697349,
30610,697.620791,-0.00243093,0.0067092,
30610,634.193911,-0.00226887,0.00623575,
30610,553.634034,-0.00204523,0.0056234,
30610,455.593444,-0.001797,0.0049368,
30610,356.461361,-0.0015365,0.00422023,
30610,256.372995,-0.00129598,0.00356322,
30610,174.011836,-0.00110566,0.00301802,
30610,108.339325,-0.000956841,0.0026037,
30610,77.430355,-0.000897409,0.00244682,
30610,75.198765,-0.000908921,0.0024624,
30610,98.234377,-0.000988761,0.00270055,
30610,162.172815,-0.0011624,0.00318245,
30610,243.389191,-0.00136755,0.00375989,
30610,336.246604,-0.00161723,0.00444113,
30610,443.377628,-0.00188115,0.00518704,
30810,536.747294,-0.00211788,0.00580002,
30810,626.875988,-0.00233631,0.00640772,
30810,688.82961,-0.00246907,0.00678042,
30810,718.014407,-0.00253292,0.0069542,
30810,724.733386,-0.00253196,0.00694873,
30810,695.282916,-0.00243192,0.00667684,
30810,632.909048,-0.00226258,0.00619959,
30810,553.030246,-0.00204944,0.00560018,
30810,454.612894,-0.00178639,0.00488809,
30810,353.408618,-0.00153717,0.00418555,
30810,257.923516,-0.0012988,0.00353782,
30810,173.456354,-0.0011074,0.00297395,
30810,108.484234,-0.000961,0.00257299,
30810,77.894062,-0.000901352,0.00241345,
30810,74.116782,-0.000907585,0.00242905,
30810,98.939598,-0.000992581,0.00266969,
30810,162.59788,-0.0011635,0.00315751,
30810,244.413211,-0.00136106,0.00373025,
30810,336.68616,-0.00160553,0.00441391,
30810,444.343687,-0.00188317,0.00515853,
31010,537.520142,-0.00210322,0.00580381,
31010,625.750526,-0.00233078,0.00640687,
31010,690.583015,-0.00246315,0.00678571,
31010,719.362067,-0.00252747,0.00695643,
31010,722.603214,-0.00251435,0.00692977,
31010,696.620915,-0.00242793,0.00667855,
31010,634.208402,-0.00225437,0.00618708,
31010,552.281549,-0.00203726,0.0055924,
31010,455.008979,-0.00179096,0.00489402,
31010,353.215407,-0.00152991,0.00417167,
31010,255.136442,-0.00129295,0.00352261,
31010,173.799304,-0.00110483,0.00297516,
31010,108.07849,-0.000958432,0.00256376,
31010,76.073046,-0.000895697,0.00239688,
31010,76.073046,-0.00090704,0.00243028,
31010,100.436985,-0.000996478,0.00266741,
31010,161.796053,-0.00116352,0.00314083,
31010,246.036186,-0.00137051,0.00373489,
31010,337.314098,-0.00161215,0.0044115,
31010,446.000478,-0.00188274,0.00515404,
31210,539.447433,-0.00209572,0.00583758,
31210,627.334868,-0.00231338,0.00643309,
31210,691.167484,-0.00244998,0.00680641,
31210,718.226941,-0.0025146,0.00697181,
31210,723.033113,-0.00251334,0.00696171,
31210,697.200553,-0.00241164,0.0066933,
31210,633.271321,-0.00223927,0.0062079,
31210,550.576451,-0.00202574,0.00560674,
31210,454.951015,-0.00177125,0.0048998,
31210,352.621281,-0.00150743,0.00418073,
31210,256.054196,-0.0012838,0.00354712,
31210,174.171235,-0.00108986,0.00299291,
31210,106.127057,-0.000935919,0.00258015,
31210,79.014687,-0.000883315,0.00244181,
31210,75.082838,-0.000886577,0.0024487,
31210,99.83803,-0.00096821,0.00268325,
31210,163.491482,-0.00114969,0.00317779,
31210,245.393759,-0.0013506,0.00375795,
31210,339.763054,-0.00160217,0.00444228,
31210,446.275805,-0.00187282,0.00518894,
31410,542.345615,-0.0021008,0.00588077,
31410,627.020898,-0.00229171,0.00644173,
31410,688.98418,-0.0024438,0.00684127,
31410,719.574601,-0.00249857,0.00699641,
31410,721.588846,-0.00249581,0.0069738,
31410,696.123392,-0.00239856,0.00672121,
31410,632.682023,-0.00223308,0.00623126,
31410,549.407518,-0.00200037,0.00561552,
31410,452.7484,-0.00175276,0.00491804,
31410,352.510185,-0.00150269,0.00420894,
31410,255.146102,-0.00125726,0.00355251,
31410,171.1668,-0.00106882,0.00299878,
31410,106.677709,-0.000922729,0.0025962,
31410,76.435317,-0.000874789,0.00244403,
31410,74.94759,-0.000874225,0.00247102,
31410,101.243642,-0.000963303,0.00271188,
31410,163.515633,-0.00113968,0.00320437,
31410,245.615952,-0.00133562,0.00378296,
31410,340.072192,-0.0015797,0.00446414,
31410,445.763794,-0.00185809,0.0052027,
31610,627.909675,-0.00235673,0.00642471,
31610,690.930798,-0.00249921,0.00680424,
31610,718.555403,-0.00255948,0.00696418,
31610,721.917308,-0.00255003,0.00694241,
31610,695.7901,-0.00245364,0.00667723,
31610,633.971716,-0.0022894,0.00620129,
31610,549.687676,-0.00206374,0.00558461,
31610,450.796961,-0.00180919,0.00488005,
31610,353.031856,-0.00156083,0.00417965,
31610,253.006286,-0.00131184,0.00350846,
31610,171.046043,-0.00112581,0.00297108,
31610,107.151076,-0.000990827,0.00258095,
31610,76.527092,-0.0009271,0.00241651,
31610,75.377485,-0.000937123,0.00244248,
31610,102.23868,-0.00101568,0.00268881,
31610,163.819941,-0.00119969,0.00317343,
31610,246.712426,-0.00140593,0.00377116,
31610,340.168798,-0.00164975,0.00443799,
31610,448.178941,-0.00192737,0.0051975,
31810,542.645093,-0.00212039,0.00589115,
31810,628.363724,-0.0023281,0.00646196,
31810,688.655718,-0.00246856,0.00684527,
31810,721.893156,-0.00253013,0.00702246,
31810,722.453474,-0.00252085,0.00698246,
31810,693.413583,-0.00242585,0.00671072,
31810,633.532158,-0.00225299,0.00624092,
31810,549.12253,-0.00202943,0.00561757,
31810,450.95153,-0.00177438,0.00492391,
31810,352.500524,-0.00152183,0.0042112,
31810,254.373257,-0.00128727,0.00355801,
31810,169.848133,-0.00109292,0.0030022,
31810,106.305777,-0.000949677,0.00261662,
31810,79.811683,-0.000884146,0.00245534,
31810,74.26169,-0.000903291,0.00247884,
31810,101.528629,-0.000984833,0.00273022,
31810,164.31263,-0.00116747,0.00321334,
31810,247.45629,-0.0013651,0.00380344,
31810,342.115404,-0.00161903,0.00448992,
31810,446.710532,-0.00187918,0.00521702,
32010,543.084651,-0.00226301,0.00586538,
32010,630.170261,-0.00247567,0.00644766,
32010,690.061341,-0.00260033,0.0068066,
32010,719.632565,-0.00266271,0.00698203,
32010,723.805964,-0.0026576,0.00696108,
32010,694.167112,-0.0025561,0.00667485,
32010,631.406821,-0.00238865,0.00620166,
32010,550.276973,-0.00216624,0.00558461,
32010,449.091867,-0.00191297,0.00488327,
32010,352.360446,-0.00165981,0.0041893,
32010,253.629393,-0.00140951,0.00350896,
32010,169.031815,-0.001219,0.00297126,
32010,107.469875,-0.001076,0.00258519,
32010,77.913383,-0.00101553,0.00242962,
32010,75.305031,-0.00103039,0.00244931,
32010,101.765312,-0.00112036,0.00269978,
32010,165.843829,-0.00129064,0.00318711,
32010,248.156681,-0.0014892,0.00377583,
32010,342.806135,-0.00174458,0.00446441,
32010,448.478419,-0.00200574,0.00519831,
32210,541.732166,-0.00214953,0.00587318,
32210,631.068699,-0.00236561,0.00646242,
32210,688.935877,-0.00249095,0.00680827,
32210,719.453843,-0.00255496,0.00698704,
32210,723.018622,-0.00255381,0.00696438,
32210,692.61175,-0.00244214,0.00668006,
32210,630.981753,-0.00227966,0.00621014,
32210,547.765215,-0.00205165,0.00557903,
32210,449.685993,-0.00180173,0.00488586,
32210,350.998304,-0.00154649,0.0041813,
32210,250.818168,-0.00130408,0.00351715,
32210,168.572938,-0.00111397,0.00298326,
32210,107.064131,-0.000971645,0.00258784,
32210,75.80255,-0.000918898,0.00242974,
32210,74.889627,-0.000930178,0.00246304,
32210,103.576668,-0.00100999,0.00271706,
32210,163.80062,-0.00118898,0.0032041,
32210,249.291798,-0.00139941,0.00378915,
32210,343.714229,-0.00164708,0.00447455,
32210,448.874504,-0.00190729,0.00521533,
32410,544.939487,-0.00215105,0.00588725,
32410,631.377839,-0.00235123,0.00645978,
32410,690.370481,-0.00249269,0.00682641,
32410,722.139503,-0.00255453,0.00699075,
32410,722.24577,-0.00254314,0.00696194,
32410,695.534093,-0.00244413,0.00669077,
32410,546.180875,-0.00227219,0.00620572,
32410,448.874504,-0.00205062,0.0055886,
32410,349.616842,-0.00180204,0.00489661,
32410,250.731223,-0.00155058,0.00418101,
32410,169.737036,-0.00130517,0.00352206,
32410,107.609953,-0.00111924,0.0029875,
32410,75.478921,-0.000974549,0.00258356,
32410,77.17435,-0.000924698,0.00243604,
32410,102.016487,-0.000942791,0.00247366,
32410,167.437822,-0.00102976,0.00271556,
32410,249.823129,-0.00120724,0.00322948,
32410,343.182898,-0.00140717,0.00378907,
32410,450.44918,-0.00165083,0.00449828,
32610,544.567554,-0.00221767,0.00581555,
32610,631.479275,-0.00242922,0.00639477,
32610,690.34633,-0.00255787,0.00675167,
32610,719.2558,-0.00262344,0.00692582,
32610,723.955704,-0.00261969,0.00689689,
32610,692.703526,-0.00250834,0.00660589,
32610,628.692185,-0.00232848,0.0061186,
32610,548.175791,-0.00211725,0.0055186,
32610,447.695912,-0.00186028,0.00480542,
32610,347.655745,-0.00160841,0.00409854,
32610,252.330047,-0.00137143,0.0034508,
32610,166.399311,-0.00117878,0.00290237,
32610,105.890373,-0.00104425,0.00250522,
32610,74.26652,-0.000985007,0.00235148,
32610,76.459468,-0.00099942,0.00240225,
32610,102.663745,-0.00108478,0.00265088,
32610,166.495917,-0.00126226,0.00313834,
32610,249.190362,-0.0014708,0.00372325,
32610,344.685117,-0.00172115,0.00443007,
32610,449.487951,-0.00197697,0.00514231,
32810,545.325912,-0.00219154,0.00585587,
32810,632.063743,-0.00240094,0.00642651,
32810,691.09986,-0.00253863,0.00679328,
32810,721.753077,-0.00260253,0.00695624,
32810,722.414831,-0.00258814,0.00691812,
32810,693.82416,-0.00249239,0.00664497,
32810,629.706551,-0.00230831,0.00614953,
32810,545.702675,-0.00208297,0.00552886,
32810,447.816669,-0.00183955,0.00484188,
32810,348.162925,-0.00158361,0.00412707,
32810,250.426915,-0.00133587,0.00347022,
32810,168.027117,-0.00115666,0.00293389,
32810,105.291418,-0.00101863,0.00255169,
32810,76.068215,-0.000957931,0.00238951,
32810,75.068347,-0.000970889,0.00243156,
32810,105.233454,-0.00106463,0.00268578,
32810,167.418501,-0.00123691,0.00317885,
32810,250.335139,-0.00144573,0.00376461,
32810,344.767232,-0.00169087,0.00445466,
32810,451.835475,-0.00195436,0.00519532,
33010,545.654372,-0.00210147,0.00590749,
33010,633.527328,-0.00231064,0.00649118,
33010,690.877665,-0.0024341,0.00683646,
33010,721.738586,-0.00249716,0.00701408,
33010,723.13938,-0.00248303,0.00696907,
33010,693.041648,-0.00237536,0.00668911,
33010,629.53266,-0.00221664,0.00620771,
33010,543.843009,-0.0019837,0.0055758,
33010,446.700871,-0.00173798,0.0048921,
33010,348.761881,-0.00147613,0.00417169,
33010,249.253156,-0.00123732,0.00351602,
33010,169.712885,-0.00105468,0.00299165,
33010,104.735935,-0.000918981,0.00258826,
33010,75.754247,-0.000863392,0.00245167,
33010,75.618999,-0.000875945,0.00247576,
33010,105.50395,-0.000965429,0.00275031,
33010,170.108968,-0.00114263,0.0032313,
33010,248.557595,-0.00134897,0.00381619,
33010,344.994256,-0.00159306,0.00451621,
33010,454.009107,-0.00187244,0.00525959,
33210,546.132572,-0.00221971,0.00595359,
33210,632.058913,-0.00242568,0.00652553,
33210,693.302485,-0.00256179,0.00690076,
33210,720.772521,-0.00262533,0.00704387,
33210,721.535712,-0.00261219,0.00700379,
33210,693.790347,-0.00251158,0.00673707,
33210,628.14636,-0.00233553,0.00623144,
33210,544.567554,-0.00211834,0.00562083,
33210,448.575025,-0.00186418,0.00492274,
33210,345.829896,-0.00160313,0.0041997,
33210,249.422216,-0.0013744,0.00355634,
33210,167.602052,-0.00118814,0.00301694,
33210,102.340116,-0.00105342,0.00261444,
33210,77.604245,-0.00100287,0.00248392,
33210,76.087536,-0.00101326,0.00251156,
33210,104.190114,-0.00110796,0.00276945,
33210,169.872284,-0.00129128,0.00327306,
33210,251.793885,-0.00149773,0.00385469,
33210,346.274282,-0.00175342,0.00456096,
33210,452.023856,-0.00201673,0.00527475,
33410,545.591578,-0.0019885,0.00525037,
33410,633.421061,-0.00222584,0.00590643,
33410,693.254182,-0.00243641,0.00648864,
33410,721.825532,-0.00256595,0.00684259,
33410,720.555157,-0.00262237,0.00700066,
33410,690.322178,-0.00260562,0.00695838,
33410,627.938657,-0.00250761,0.00667096,
33410,545.30176,-0.00233251,0.00619045,
33410,445.348388,-0.00210622,0.00556544,
33410,345.086031,-0.00186206,0.00486447,
33410,247.272739,-0.0016002,0.00415249,
33410,166.486257,-0.00136469,0.00350523,
33410,104.900165,-0.001171,0.00296844,
33410,75.894325,-0.00104319,0.00258861,
33410,74.479053,-0.00097942,0.00243567,
33410,104.692463,-0.000993312,0.00247053,
33410,170.727244,-0.00108292,0.002735,
33410,253.450673,-0.00126956,0.00323665,
33410,347.07128,-0.00146437,0.00381699,
33410,454.946185,-0.00171263,0.00450923,
33610,548.721615,-0.00188981,0.00526972,
33610,634.280856,-0.00213102,0.00593339,
33610,694.099488,-0.00234243,0.00650378,
33610,722.627365,-0.00247175,0.00687926,
33610,721.482579,-0.00252519,0.00701626,
33610,693.036818,-0.00251236,0.00697858,
33610,625.871283,-0.00240926,0.00670863,
33610,543.012197,-0.00200989,0.00558426,
33610,444.22293,-0.00175227,0.00487871,
33610,343.434073,-0.00149957,0.00417153,
33610,248.861903,-0.00126562,0.00352128,
33610,164.8343,-0.000943185,0.002597,
33610,76.401505,-0.000887221,0.00245948,
33610,75.918477,-0.000895076,0.00248822,
33610,105.460478,-0.000994168,0.00275685,
33610,170.881813,-0.00118655,0.00326595,
33610,250.668429,-0.00138129,0.00384653,
33610,349.737599,-0.00162652,0.00454209,
33610,452.888479,-0.00189024,0.00526156,
33810,549.349554,-0.00214212,0.00593972,
33810,633.802656,-0.0023574,0.00652327,
33810,694.403798,-0.00249092,0.00687612,
33810,720.492363,-0.0025395,0.00702281,
33810,721.482579,-0.00253158,0.00699012,
33810,692.138378,-0.0024267,0.0067076,
33810,624.57193,-0.00224536,0.00619733,
33810,543.036348,-0.00203197,0.00559208,
33810,444.039379,-0.00177456,0.00488845,
33810,344.06201,-0.00152049,0.00418035,
33810,248.335402,-0.00128341,0.0035267,
33810,164.930906,-0.00108905,0.00298186,
33810,103.054998,-0.0009574,0.0026215,
33810,76.49328,-0.000904898,0.00246884,
33810,74.744718,-0.000912698,0.00250546,
33810,105.595726,-0.00100964,0.00277793,
33810,168.587429,-0.00118796,0.00326617,
33810,253.634223,-0.00140135,0.00386644,
33810,350.322064,-0.00164207,0.0045529,
33810,454.004277,-0.00191142,0.00528909,
34010,550.663397,-0.00213874,0.00597045,
34010,634.242214,-0.00234775,0.00653162,
34010,694.027033,-0.00247517,0.00689276,
34010,722.274752,-0.00253961,0.00704168,
34010,721.709604,-0.00251146,0.00699706,
34010,690.906647,-0.00241614,0.0067106,
34010,625.803659,-0.00223914,0.00621508,
34010,541.761148,-0.00200908,0.0055922,
34010,445.37254,-0.00175744,0.00489796,
34010,343.748041,-0.00150311,0.00417507,
34010,247.519084,-0.00127699,0.00353767,
34010,165.785866,-0.0010839,0.00299244,
34010,101.673537,-0.000935589,0.00260457,
34010,77.01495,-0.000901277,0.00248528,
34010,76.652679,-0.000902341,0.00251551,
34010,105.059564,-0.00100113,0.00278443,
34010,171.905833,-0.00118409,0.00328725,
34010,252.615033,-0.00138914,0.00386748,
34010,351.065928,-0.00163644,0.00457362,
34010,456.245534,-0.00190647,0.00529912,
34210,549.291591,-0.00191829,0.00530252,
34210,634.836342,-0.00215938,0.00596617,
34210,691.10469,-0.00236417,0.00652869,
34210,723.023452,-0.00248828,0.00688125,
34210,722.2506,-0.00255515,0.00704393,
34210,688.563942,-0.00253924,0.00699836,
34210,626.798703,-0.00242356,0.00669933,
34210,540.795088,-0.00225624,0.00621162,
34210,442.054127,-0.00202519,0.00557602,
34210,344.071671,-0.00178302,0.00487842,
34210,245.41308,-0.0015273,0.00418167,
34210,165.225553,-0.00128486,0.00351724,
34210,101.55761,-0.00109733,0.00299019,
34210,75.222916,-0.000969995,0.00261177,
34210,74.94276,-0.000919432,0.00247656,
34210,104.755257,-0.000934959,0.00251625,
34210,170.558184,-0.00102702,0.00278002,
34210,255.247538,-0.00120841,0.00328891,
34210,348.703917,-0.00141842,0.0038867,
34210,456.593315,-0.00167106,0.0045715,
34410,549.934021,-0.00219492,0.00596847,
34410,636.633219,-0.00240088,0.0065432,
34410,693.703402,-0.00252496,0.00689397,
34410,720.840146,-0.00257643,0.00703495,
34410,721.072001,-0.00256427,0.00698927,
34410,690.273875,-0.00245366,0.00669955,
34410,625.726374,-0.00227816,0.00620389,
34410,540.824069,-0.00205542,0.00557,
34410,441.76914,-0.0017988,0.00487986,
34410,342.603263,-0.00155369,0.00417263,
34410,245.529007,-0.00130665,0.00351487,
34410,165.640957,-0.00112158,0.00299028,
34410,103.122621,-0.000983733,0.00260794,
34410,75.705944,-0.000928821,0.00247256,
34410,76.406335,-0.000948473,0.00251122,
34410,105.784107,-0.00103598,0.00278084,
34410,172.572412,-0.00122395,0.00329377,
34410,255.146102,-0.00142876,0.00387815,
34410,348.940601,-0.00167251,0.00457201,
34410,456.651279,-0.00194423,0.00530794,
34610,550.702039,-0.00224835,0.00597442,
34610,636.135696,-0.00243987,0.00653188,
34610,693.775856,-0.00257862,0.00689078,
34610,722.076709,-0.00262945,0.00703834,
34610,720.661424,-0.00260811,0.00698998,
34610,690.080662,-0.00249701,0.00669437,
34610,623.924668,-0.00232826,0.00619713,
34610,538.809833,-0.00210006,0.00557355,
34610,439.880495,-0.0018474,0.00486997,
34610,340.323367,-0.00160024,0.00416141,
34610,246.77522,-0.00137215,0.00353206,
34610,162.240439,-0.00117461,0.00296426,
34610,100.098865,-0.00104975,0.00260372,
34610,76.652679,-0.00100304,0.00247367,
34610,74.744718,-0.00101104,0.00249882,
34610,106.445855,-0.00111752,0.0027931,
34610,174.345126,-0.00129474,0.00328725,
34610,254.25733,-0.00150957,0.00387112,
34610,352.486033,-0.00176081,0.00458802,
34610,456.815509,-0.00201708,0.00529917,
34810,551.83233,-0.00220415,0.00596674,
34810,635.937654,-0.00241213,0.00654085,
34810,696.983189,-0.00254552,0.00690063,
34810,722.55008,-0.00259168,0.00703388,
34810,720.502023,-0.00257381,0.00699166,
34810,690.471918,-0.00245962,0.00669548,
34810,622.770224,-0.00228722,0.00618304,
34810,542.408409,-0.00206777,0.005582,
34810,442.527496,-0.0018081,0.00486485,
34810,338.555482,-0.00155791,0.00414746,
34810,246.127962,-0.00132665,0.00352322,
34810,164.31746,-0.00113683,0.0029771,
34810,99.876672,-0.00100197,0.00260211,
34810,76.65751,-0.000967374,0.00250603,
34810,105.697161,-0.00106722,0.0027981,
34810,173.156876,-0.00125464,0.00331263,
34810,255.986572,-0.00144952,0.00388286,
34810,350.322064,-0.00169614,0.00458829,
34810,460.534837,-0.00197248,0.0053352,
35010,553.006094,-0.00189534,0.00532606,
35010,636.613897,-0.00212602,0.00597544,
35010,694.959285,-0.00232663,0.00653216,
35010,722.564571,-0.00246416,0.00690243,
35010,721.453597,-0.00251358,0.00703842,
35010,687.911849,-0.00248747,0.00698621,
35010,623.045551,-0.00237997,0.00668487,
35010,539.423282,-0.00220559,0.006188,
35010,438.542504,-0.00198015,0.00557251,
35010,339.115795,-0.00172014,0.00485664,
35010,243.471306,-0.00146973,0.0041582,
35010,161.032868,-0.00123736,0.00351442,
35010,101.857088,-0.00103822,0.00296049,
35010,74.94759,-0.000921212,0.0026154,
35010,74.986232,-0.000868301,0.00247319,
35010,107.440893,-0.000874995,0.00251907,
35010,171.751264,-0.000970976,0.00280467,
35010,257.904195,-0.00115494,0.00329396,
35010,352.331464,-0.00136405,0.00390113,
35010,459.60742,-0.0016084,0.00459321,
35210,551.677761,-0.00226452,0.0059973,
35210,637.541317,-0.00247244,0.00657348,
35210,696.833449,-0.00260266,0.00692017,
35210,721.888326,-0.00264702,0.00705752,
35210,720.434399,-0.00262828,0.00701169,
35210,687.17281,-0.00252071,0.00670068,
35210,623.098685,-0.0023403,0.00620661,
35210,540.123675,-0.00211576,0.00557983,
35210,438.276837,-0.00186438,0.00488792,
35210,339.449085,-0.00161411,0.00417666,
35210,241.50538,-0.00137975,0.00352361,
35210,162.337044,-0.00119941,0.00299662,
35210,102.030978,-0.00105764,0.0026265,
35210,73.556469,-0.00101417,0.00249093,
35210,76.676831,-0.00103851,0.00255238,
35210,107.286324,-0.00112308,0.00281311,
35210,174.007006,-0.00131095,0.00333481,
35210,259.445055,-0.00152126,0.00393298,
35210,352.843475,-0.00176479,0.00462192,
35210,460.245019,-0.00203389,0.00536305,
35410,553.600222,-0.0023074,0.00595191,
35410,638.859993,-0.00251134,0.00650731,
35410,694.693617,-0.00263694,0.00685246,
35410,722.806087,-0.00268687,0.0069918,
35410,719.415201,-0.00267086,0.00694064,
35410,687.704145,-0.0025515,0.00663334,
35410,622.258211,-0.00238065,0.00614038,
35410,537.409045,-0.00215495,0.0055033,
35410,438.175401,-0.00190439,0.0048207,
35410,339.173759,-0.00164779,0.00410304,
35410,241.379793,-0.00141104,0.00344892,
35410,162.660673,-0.00122291,0.00292563,
35410,100.649517,-0.00109142,0.00255926,
35410,75.594848,-0.00104296,0.00242568,
35410,76.329051,-0.00106532,0.00246849,
35410,108.807863,-0.00116638,0.00275973,
35410,175.79421,-0.00134897,0.00327673,
35410,257.836571,-0.00154939,0.00384705,
35410,352.77102,-0.00180004,0.00456442,
35410,461.602332,-0.0020775,0.00529474,
35610,554.537301,-0.00223395,0.00603341,
35610,639.58937,-0.00244384,0.00660467,
35610,696.611254,-0.00256032,0.00693079,
35610,720.666254,-0.00261502,0.00707971,
35610,721.424615,-0.00258851,0.00703086,
35610,689.28849,-0.00248287,0.00672347,
35610,621.495022,-0.0023017,0.0062133,
35610,536.302906,-0.00207363,0.00558245,
35610,437.721353,-0.00182675,0.0048932,
35610,338.333288,-0.00157185,0.00418487,
35610,242.326528,-0.00134115,0.00353052,
35610,160.115115,-0.00115462,0.0029996,
35610,100.572233,-0.00102662,0.00264552,
35610,76.000591,-0.000976301,0.00251029,
35610,75.957119,-0.000988561,0.0025518,
35610,108.677445,-0.00109724,0.0028555,
35610,175.885986,-0.00127028,0.00334755,
35610,257.073386,-0.00148632,0.0039384,
35610,356.099089,-0.00174187,0.00466465,
35610,460.781182,-0.00199836,0.0053749,
35810,554.759495,-0.00220218,0.00602384,
35810,641.265489,-0.00240688,0.00659175,
35810,695.954331,-0.00253343,0.00691522,
35810,721.342499,-0.00258415,0.00705869,
35810,721.65647,-0.00256821,0.00702286,
35810,686.569021,-0.00244189,0.00669249,
35810,619.442139,-0.00227409,0.00619775,
35810,537.950039,-0.0020543,0.00557009,
35810,437.016131,-0.00179293,0.0048597,
35810,336.333549,-0.00153631,0.00416023,
35810,243.331227,-0.00130599,0.00351974,
35810,159.337439,-0.00111508,0.00297883,
35810,100.446646,-0.000993055,0.00262417,
35810,75.106989,-0.000941416,0.00249601,
35810,75.580357,-0.000960108,0.00254129,
35810,110.145851,-0.00106347,0.00283586,
35810,174.915099,-0.00124049,0.00333387,
35810,257.783438,-0.0014614,0.00393582,
35810,357.514364,-0.00170783,0.00464522,
35810,460.718388,-0.00197296,0.00536186,
36010,553.856228,-0.00222458,0.00595126,
36010,642.21706,-0.00242874,0.00652334,
36010,695.534093,-0.00254901,0.0068431,
36010,721.878665,-0.00260153,0.00699247,
36010,721.782059,-0.00258206,0.00693811,
36010,686.7091,-0.00246758,0.00661319,
36010,620.625566,-0.00228325,0.00611429,
36010,534.501203,-0.00205704,0.00548458,
36010,436.977488,-0.00180786,0.00479641,
36010,337.203001,-0.00155538,0.00407617,
36010,238.887366,-0.00131654,0.00343481,
36010,161.366158,-0.00113216,0.00290235,
36010,98.176413,-0.00100672,0.00253432,
36010,75.652811,-0.000960276,0.00241695,
36010,77.053593,-0.000973126,0.00246431,
36010,107.779013,-0.00106854,0.00274738,
36010,178.035461,-0.00126091,0.0032803,
36010,260.184089,-0.00146493,0.00385285,
36010,355.765799,-0.00172111,0.00456245,
36010,461.863168,-0.00199226,0.00528753,
36210,557.261592,-0.00222918,0.00602274,
36210,641.057785,-0.00243758,0.00658213,
36210,697.287499,-0.00256265,0.00691388,
36210,722.062218,-0.00260679,0.00705637,
36210,720.656594,-0.00258669,0.00700228,
36210,687.187301,-0.00247559,0.00668375,
36210,619.944492,-0.00229063,0.00617237,
36210,537.370403,-0.00206241,0.00555553,
36210,435.175789,-0.00180653,0.00484627,
36210,336.869711,-0.00155668,0.00413651,
36210,239.157862,-0.00113674,0.00295836,
36210,100.248604,-0.00100888,0.00261682,
36210,75.725265,-0.000956059,0.00247325,
36210,77.024611,-0.000978339,0.00254591,
36210,109.629011,-0.00108566,0.00282227,
36210,177.518621,-0.00147712,0.00393038,
36210,356.205356,-0.00173567,0.00464721,
36210,462.664997,-0.00199096,0.00536237,
36410,557.329216,-0.0022658,0.00604582,
36410,639.299551,-0.00246226,0.00659949,
36410,699.625374,-0.00258452,0.00694827,
36410,720.796673,-0.00262853,0.00706088,
36410,720.787012,-0.00261195,0.00702084,
36410,686.723591,-0.00249408,0.0066925,
36410,617.683906,-0.00231906,0.00619021,
36410,534.414258,-0.00209527,0.00556539,
36410,436.146678,-0.00184459,0.00485467,
36410,333.725194,-0.00158858,0.00414493,
36410,239.80512,-0.00135468,0.00349919,
36410,159.448536,-0.0011668,0.00297494,
36410,100.089205,-0.00104982,0.00263011,
36410,75.759077,-0.000998581,0.00249428,
36410,75.744586,-0.00101434,0.00254372,
36410,111.280967,-0.00112348,0.00285365,
36410,177.629717,-0.00130617,0.00334879,
36410,259.614115,-0.00152005,0.00394915,
36410,358.026375,-0.00176917,0.00466104,
36410,463.548941,-0.00203212,0.00537951,
36610,556.208586,-0.00225299,0.00603883,
36610,641.246167,-0.00245803,0.00661128,
36610,698.596516,-0.00257922,0.00694136,
36610,721.95112,-0.00261555,0.00706119,
36610,721.134796,-0.00260468,0.00702313,
36610,685.153737,-0.00248988,0.00668694,
36610,619.002581,-0.00231288,0.00619453,
36610,532.670519,-0.00208031,0.0055561,
36610,435.938975,-0.00182167,0.00485748,
36610,333.937726,-0.00157088,0.00414812,
36610,240.592456,-0.00134126,0.00351097,
36610,158.105717,-0.00115626,0.00297527,
36610,100.533591,-0.00102951,0.00262622,
36610,75.527224,-0.000987327,0.00250562,
36610,77.024611,-0.000999483,0.00255759,
36610,110.092718,-0.00110344,0.00286054,
36610,179.300995,-0.00129499,0.00337892,
36610,261.435133,-0.00150473,0.00395659,
36610,358.731597,-0.00175571,0.00468364,
36610,464.655079,-0.00202177,0.00539225,
36810,558.507811,-0.00230436,0.00603145,
36810,642.405443,-0.00250432,0.00658972,
36810,695.616208,-0.00261565,0.00690983,
36810,723.332593,-0.00266247,0.00705225,
36810,719.883742,-0.00264681,0.00698456,
36810,684.970185,-0.00253568,0.00667,
36810,619.104018,-0.00235811,0.00617143,
36810,532.472477,-0.00211975,0.00552047,
36810,435.141976,-0.00187685,0.00484477,
36810,335.17911,-0.00161611,0.00411766,
36810,237.694286,-0.00138368,0.00347172,
36810,159.888091,-0.00119659,0.00295618,
36810,99.403305,-0.00108022,0.00260619,
36810,74.116782,-0.00102412,0.00247418,
36810,77.35307,-0.0010556,0.00254173,
36810,110.189323,-0.00114611,0.00282793,
36810,180.300864,-0.00134365,0.00335748,
36810,261.90367,-0.00155022,0.00394329,
36810,359.147002,-0.00179744,0.00464833,
36810,464.717873,-0.00206219,0.00536747,
37010,558.681702,-0.00217933,0.00605318,
37010,641.014312,-0.00237052,0.00660234,
37010,698.891165,-0.00250259,0.00693555,
37010,722.810918,-0.00254761,0.00707463,
37010,720.226695,-0.00252105,0.00699412,
37010,684.28428,-0.00241243,0.00668998,
37010,618.157277,-0.0022276,0.00617817,
37010,532.544931,-0.00199986,0.00553279,
37010,433.132574,-0.00174971,0.00484681,
37010,333.565794,-0.00149206,0.00413083,
37010,237.467263,-0.00126468,0.00348895,
37010,158.801278,-0.00107512,0.002972,
37010,98.176413,-0.0009541,0.00261203,
37010,73.372918,-0.000909386,0.0024892,
37010,78.8891,-0.000938898,0.00256549,
37010,110.537103,-0.0010376,0.00284584,
37010,179.325147,-0.00122282,0.00336618,
37010,264.241528,-0.00144278,0.00396907,
37010,359.905357,-0.00168686,0.00467207,
37010,465.471399,-0.00194733,0.00538867,
37210,559.705726,-0.00198748,0.00540569,
37210,642.637298,-0.00222094,0.00605697,
37210,698.021708,-0.00241326,0.00661815,
37210,721.299027,-0.00252889,0.00693301,
37210,719.642226,-0.00257918,0.00706923,
37210,684.680366,-0.00256024,0.00700358,
37210,615.452303,-0.0024403,0.00668228,
37210,531.375998,-0.00225583,0.00617251,
37210,432.065079,-0.00204052,0.00554466,
37210,331.628849,-0.00177858,0.00483607,
37210,237.945461,-0.00153199,0.0041378,
37210,158.115378,-0.00129832,0.00349875,
37210,99.379153,-0.00111065,0.00296924,
37210,73.662735,-0.000987783,0.0026337,
37210,78.483356,-0.000940545,0.00249319,
37210,112.585143,-0.000962661,0.00256836,
37210,179.175408,-0.00106386,0.00286432,
37210,264.96124,-0.00125056,0.00338414,
37210,361.518674,-0.001466,0.00398116,
37210,465.345812,-0.00171084,0.00467773,
37410,558.160029,-0.00219297,0.00606996,
37410,644.482477,-0.00239083,0.00664013,
37410,697.688415,-0.00250135,0.00694636,
37410,722.501777,-0.00255573,0.00708898,
37410,721.564694,-0.00253707,0.00702645,
37410,683.806078,-0.00241377,0.00668193,
37410,615.230109,-0.00223825,0.00618999,
37410,531.467774,-0.00199892,0.00554161,
37410,431.499935,-0.00175137,0.00485453,
37410,332.570755,-0.00149861,0.00414432,
37410,234.974836,-0.00126969,0.00349815,
37410,158.197493,-0.00108721,0.00298649,
37410,100.263095,-0.000961747,0.00263591,
37410,75.647981,-0.000917981,0.00251337,
37410,76.942496,-0.000938068,0.00257173,
37410,111.633577,-0.00105116,0.0028821,
37410,180.23807,-0.00123596,0.00340067,
37410,263.314113,-0.00144058,0.00398483,
37410,362.987082,-0.00169831,0.00471018,
37410,468.050777,-0.001958,0.00542091,
37610,560.106641,-0.00228168,0.00609984,
37610,644.820599,-0.00248864,0.00666403,
37610,699.784774,-0.00260129,0.00698246,
37610,720.90777,-0.00264719,0.00709999,
37610,720.062464,-0.00263272,0.00705241,
37610,684.607911,-0.00250345,0.00671393,
37610,615.138333,-0.0023291,0.00619532,
37610,529.883435,-0.00210312,0.00557133,
37610,431.171475,-0.00184588,0.00486983,
37610,330.445428,-0.00159508,0.00415824,
37610,236.39977,-0.00136776,0.00351831,
37610,157.091358,-0.00117706,0.00299302,
37610,97.026806,-0.00105693,0.00264508,
37610,74.479053,-0.00101553,0.00253374,
37610,77.86025,-0.00103733,0.00260048,
37610,112.242193,-0.0011362,0.00289186,
37610,181.769269,-0.00133064,0.00341916,
37610,265.492572,-0.00154305,0.00402191,
37610,362.842173,-0.00178888,0.00473067,
37610,467.620881,-0.00205557,0.00544435,
37810,563.473364,-0.00219638,0.00609531,
37810,642.250873,-0.0023867,0.00663734,
37810,699.639865,-0.00251259,0.00698634,
37810,723.43886,-0.00256155,0.0070969,
37810,718.859714,-0.00252691,0.00701539,
37810,683.912345,-0.00241652,0.0067012,
37810,615.655176,-0.00222828,0.00617862,
37810,529.033302,-0.0019988,0.00554386,
37810,430.036356,-0.00174311,0.00484708,
37810,328.320102,-0.00149425,0.00413373,
37810,235.119745,-0.0012661,0.0034971,
37810,157.023734,-0.0010782,0.00298221,
37810,96.186337,-0.000959002,0.00262246,
37810,74.26169,-0.000909768,0.00252082,
37810,77.971346,-0.000944917,0.00258703,
37810,111.247155,-0.001044,0.00288593,
37810,181.624361,-0.00122845,0.00341424,
37810,266.342702,-0.00144315,0.00400235,
37810,363.059536,-0.0016948,0.00471389,
37810,469.06997,-0.00195869,0.00543864,
38010,564.328328,-0.00220844,0.00611307,
38010,645.511334,-0.0024036,0.00664923,
38010,698.412963,-0.00251516,0.00697357,
38010,723.274629,-0.00256394,0.00710128,
38010,720.579308,-0.00253559,0.00703123,
38010,683.68049,-0.00241011,0.00669215,
38010,615.09486,-0.0022326,0.00618284,
38010,527.72429,-0.00175385,0.00485616,
38010,329.527674,-0.00149687,0.0041402,
38010,234.540111,-0.00108187,0.00298118,
38010,97.181375,-0.000967179,0.00264012,
38010,73.74968,-0.000925236,0.0025222,
38010,78.014819,-0.000948718,0.00258956,
38010,114.121172,-0.00105149,0.00289638,
38010,182.914046,-0.00124052,0.00341501,
38010,265.80654,-0.00145489,0.00401498,
38010,364.054575,-0.00170314,0.00473187,
38010,470.581853,-0.00197331,0.00545169,
38210,562.62806,-0.00222894,0.00611438,
38210,644.410023,-0.00243093,0.00666079,
38210,700.692875,-0.00254707,0.00699037,
38210,722.69499,-0.00259423,0.00710977,
38210,719.347576,-0.00257173,0.00703023,
38210,682.091316,-0.00244358,0.00669693,
38210,615.896692,-0.00226572,0.00619055,
38210,526.821024,-0.00203976,0.00554102,
38210,429.379436,-0.00178655,0.00485711,
38210,328.778979,-0.00153598,0.00413576,
38210,235.008648,-0.0012974,0.0034989,
38210,155.685746,-0.00112281,0.00299022,
38210,97.316623,-0.000997396,0.00263196,
38210,71.566393,-0.00095915,0.00252281,
38210,79.101632,-0.000988471,0.00260395,
38210,112.957075,-0.00109431,0.00289891,
38210,182.662872,-0.00128549,0.00342389,
38210,267.99949,-0.00149711,0.00403351,
38210,363.537735,-0.00175058,0.00474631,
38210,468.475844,-0.00201472,0.00545229,
38410,564.004697,-0.00222832,0.00613142,
38410,646.883143,-0.00242647,0.00666972,
38410,698.987771,-0.00253908,0.00699326,
38410,723.656224,-0.00258904,0.00711414,
38410,717.985425,-0.00255967,0.00703626,
38410,681.878782,-0.0024378,0.00670635,
38410,614.119137,-0.00225765,0.00618902,
38410,526.318672,-0.00202435,0.00554664,
38410,428.775649,-0.00177205,0.00486175,
38410,327.020755,-0.0015141,0.00413225,
38410,232.675621,-0.00128734,0.0035172,
38410,154.579611,-0.00110071,0.00297195,
38410,96.693517,-0.000980145,0.00265682,
38410,75.585187,-0.00094193,0.00253061,
38410,77.507639,-0.000963475,0.00259764,
38410,115.884225,-0.00107286,0.00292553,
38410,184.594985,-0.00126321,0.00343564,
38410,267.366722,-0.00147525,0.00403983,
38410,364.754967,-0.00172665,0.00475794,
38410,471.050392,-0.00198738,0.0054676,
38610,563.782503,-0.00219722,0.0061557,
38610,647.206774,-0.00239046,0.00669432,
38610,700.02629,-0.00251367,0.00701704,
38610,722.477625,-0.00255892,0.00712801,
38610,720.197713,-0.0025386,0.0070658,
38610,680.898227,-0.00240547,0.0067173,
38610,614.515223,-0.00222004,0.00621555,
38610,526.854836,-0.00199085,0.00556253,
38610,427.418337,-0.00174011,0.0048669,
38610,327.011094,-0.00148841,0.00415076,
38610,231.477711,-0.00125408,0.00352123,
38610,154.178698,-0.00107043,0.00299274,
38610,94.259055,-0.000947636,0.00265249,
38610,75.11182,-0.000913386,0.00256128,
38610,77.961686,-0.0009371,0.00261653,
38610,112.609294,-0.00104356,0.00292974,
38610,186.493286,-0.00122836,0.00346333,
38610,266.65184,-0.00144956,0.00405593,
38610,367.421287,-0.00170246,0.00478328,
38610,471.765276,-0.00196833,0.00549002,
38810,564.415273,-0.00199538,0.00546422,
38810,647.221265,-0.00222681,0.0061276,
38810,700.944051,-0.00242594,0.00667929,
38810,721.690283,-0.00254372,0.00698815,
38810,718.05305,-0.00258333,0.00710501,
38810,681.777345,-0.00256012,0.00702787,
38810,611.491449,-0.00244204,0.00670347,
38810,525.63277,-0.00225414,0.00617136,
38810,426.442618,-0.00202516,0.0055332,
38810,326.484593,-0.00177647,0.00483573,
38810,232.390635,-0.00151966,0.00412589,
38810,151.860163,-0.00129373,0.00349365,
38810,96.703177,-0.00110344,0.00296147,
38810,74.314823,-0.000988994,0.00264618,
38810,78.38675,-0.000950216,0.00252674,
38810,115.560596,-0.000971233,0.00259832,
38810,185.416133,-0.00109116,0.00291663,
38810,267.386043,-0.00127122,0.00343774,
38810,367.817371,-0.00149201,0.00404099,
38810,470.746083,-0.00174948,0.00476058,
39010,564.014358,-0.00220492,0.00614704,
39010,648.308086,-0.00241181,0.00670931,
39010,699.200306,-0.00250943,0.00701004,
39010,721.975272,-0.00256411,0.00713688,
39010,720.120428,-0.00254078,0.00706308,
39010,679.371847,-0.00240918,0.00670713,
39010,611.916516,-0.00222601,0.00619485,
39010,525.178721,-0.0019991,0.00555685,
39010,426.437787,-0.00174407,0.00484835,
39010,324.75052,-0.00148567,0.00413726,
39010,231.047816,-0.00124967,0.00350627,
39010,153.251284,-0.00106966,0.00298837,
39010,96.635554,-0.000948035,0.00264734,
39010,73.884928,-0.000915219,0.00254965,
39010,77.845759,-0.000939716,0.00261452,
39010,113.512557,-0.00104894,0.00294133,
39010,186.044069,-0.00124042,0.0034606,
39010,266.98996,-0.00145358,0.00405508,
39010,366.827162,-0.00170767,0.00478934,
39010,473.542825,-0.00197798,0.00549077,
39210,563.821146,-0.00217993,0.00613928,
39210,649.254827,-0.00238743,0.00670755,
39210,700.707365,-0.00250088,0.00700454,
39210,721.95595,-0.00254256,0.00712246,
39210,719.883742,-0.00251039,0.00705033,
39210,678.376801,-0.00238775,0.00668971,
39210,611.0374,-0.00220522,0.00618934,
39210,526.222066,-0.00197963,0.00554056,
39210,422.148487,-0.00171752,0.00482751,
39210,324.624932,-0.0014739,0.00413855,
39210,231.260348,-0.001234,0.00349491,
39210,151.623479,-0.00105412,0.00297779,
39210,94.85801,-0.000946365,0.00265203,
39210,73.363258,-0.000895149,0.00253754,
39210,77.652548,-0.000927696,0.00261775,
39210,114.995453,-0.00103052,0.00294193,
39210,186.024748,-0.00121888,0.00346632,
39210,268.192701,-0.001437,0.0040549,
39210,367.875334,-0.00169958,0.00479602,
39210,472.412535,-0.00195634,0.0055002,
39410,568.351972,-0.00223777,0.0061699,
39410,648.728323,-0.00242574,0.00670989,
39410,700.77499,-0.00254823,0.00702644,
39410,722.337546,-0.00258821,0.00712669,
39410,717.043512,-0.00255314,0.00704455,
39410,681.376428,-0.00243332,0.00671939,
39410,609.48687,-0.00224222,0.00617715,
39410,523.101692,-0.00202028,0.00555016,
39410,425.838831,-0.0017574,0.00484974,
39410,322.316055,-0.00150381,0.00412636,
39410,229.666355,-0.00128011,0.00350762,
39410,152.647499,-0.00109192,0.00299247,
39410,93.471719,-0.000978637,0.0026479,
39410,72.981665,-0.000937291,0.00254889,
39410,79.23205,-0.000966396,0.00263907,
39410,114.990623,-0.00107127,0.00294159,
39410,188.517174,-0.00126689,0.003488,
39410,270.202099,-0.00147236,0.00406724,
39410,368.831732,-0.00173431,0.00480758,
39410,474.161103,-0.00199609,0.00551164,
39610,565.584207,-0.00221411,0.00615987,
39610,650.22089,-0.00240617,0.00670565,
39610,702.170953,-0.00252588,0.00701249,
39610,723.89291,-0.00256059,0.00710839,
39610,717.787382,-0.00253523,0.00703742,
39610,680.241304,-0.00241365,0.00669674,
39610,610.279041,-0.00221978,0.0061656,
39610,522.299862,-0.00198851,0.00552385,
39610,425.283347,-0.00174048,0.00482934,
39610,323.992165,-0.00148479,0.00412547,
39610,229.453822,-0.00125552,0.00348249,
39610,152.705462,-0.00107308,0.00297712,
39610,93.326811,-0.000957951,0.00263962,
39610,73.865607,-0.000917843,0.00254434,
39610,77.831268,-0.000951136,0.00262604,
39610,115.637881,-0.00105784,0.00293538,
39610,189.198244,-0.00125018,0.00347628,
39610,270.955624,-0.00146052,0.00406308,
39610,370.425727,-0.00172068,0.00480204,
39610,475.296223,-0.00197191,0.0055009,
39810,567.554972,-0.00227168,0.00613969,
39810,650.945437,-0.00246662,0.00668299,
39810,700.079424,-0.00257593,0.0069803,
39810,724.79135,-0.00262366,0.00710564,
39810,718.139995,-0.0025923,0.0070056,
39810,678.502389,-0.00246436,0.00666241,
39810,609.317809,-0.00228365,0.00614562,
39810,521.662262,-0.00204941,0.00549885,
39810,423.616896,-0.0017979,0.00480831,
39810,322.847386,-0.00154692,0.00409848,
39810,228.357348,-0.00131225,0.003451,
39810,149.667215,-0.00113819,0.00295115,
39810,96.823934,-0.00102072,0.00262595,
39810,72.097724,-0.000976678,0.00250573,
39810,79.048499,-0.00101791,0.00260046,
39810,116.879263,-0.00112155,0.00292394,
39810,185.493417,-0.00130699,0.00343745,
39810,272.274292,-0.0015385,0.0040638,
39810,370.382255,-0.0017908,0.00477206,
39810,473.673243,-0.00205016,0.00547536,
40010,568.48239,-0.00238269,0.00591992,
40010,649.216185,-0.00257484,0.00644231,
40010,700.871596,-0.00269408,0.00675482,
40010,723.709358,-0.00274172,0.00686769,
40010,718.487779,-0.00271359,0.00677126,
40010,676.951858,-0.00257677,0.00641261,
40010,608.728512,-0.00239452,0.00589784,
40010,522.541377,-0.00216737,0.00525708,
40010,421.04718,-0.00190994,0.00455434,
40010,322.489945,-0.0016632,0.00384362,
40010,226.845469,-0.00143036,0.00319977,
40010,150.391757,-0.00125261,0.00269977,
40010,96.413361,-0.00113762,0.00236561,
40010,74.025006,-0.0010895,0.00226314,
40010,79.893798,-0.00112527,0.00235131,
40010,116.671561,-0.00123537,0.00267066,
40010,189.072656,-0.00142062,0.00320071,
40010,271.583561,-0.00163344,0.00379766,
40010,372.30471,-0.00189235,0.00454069,
40010,475.571549,-0.00214709,0.00523183,
40210,567.574293,-0.00223018,0.00615861,
40210,651.182123,-0.00243095,0.00671406,
40210,702.909992,-0.00253998,0.00700356,
40210,721.835192,-0.00257758,0.00711767,
40210,718.183468,-0.00255477,0.00702431,
40210,677.217525,-0.00241705,0.00667271,
40210,608.757493,-0.00223637,0.006154,
40210,521.845813,-0.00201226,0.00550906,
40210,422.327208,-0.00175534,0.0048063,
40210,321.040859,-0.00150916,0.00410154,
40210,228.598862,-0.00127907,0.00347556,
40210,148.792934,-0.00109953,0.00294927,
40210,94.708271,-0.000986982,0.00263432,
40210,76.044064,-0.000956899,0.00253935,
40210,78.72004,-0.000978392,0.00260996,
40210,118.487747,-0.00109756,0.00294714,
40210,189.101638,-0.00128522,0.00347689,
40210,272.341916,-0.00150185,0.00407853,
40210,372.348183,-0.00176704,0.00480085,
40210,474.619981,-0.00202012,0.00550613,
40410,568.810851,-0.00228872,0.00621429,
40410,652.080561,-0.00248501,0.00676017,
40410,703.523442,-0.00258484,0.00704801,
40410,723.347084,-0.00263574,0.00716861,
40410,719.724341,-0.00260684,0.00707259,
40410,676.391541,-0.00247444,0.00671564,
40410,608.530469,-0.00228558,0.00620226,
40410,520.82179,-0.00204887,0.00554642,
40410,420.037649,-0.00179748,0.0048521,
40410,320.910441,-0.00155047,0.00415203,
40410,227.618314,-0.00131025,0.00350196,
40410,149.705857,-0.00113718,0.00300055,
40410,95.437644,-0.00102424,0.00268439,
40410,71.146159,-0.000979673,0.00257708,
40410,79.227219,-0.00101449,0.00266808,
40410,117.00002,-0.00113386,0.00300428,
40410,188.705555,-0.00130985,0.0035164,
40410,273.177555,-0.00153847,0.0041344,
40410,373.372204,-0.00179391,0.00486056,
40410,477.890092,-0.00205066,0.00556891,
40610,569.467772,-0.00221964,0.00619414,
40610,653.698717,-0.00241538,0.00673481,
40610,703.151508,-0.00252187,0.00702802,
40610,722.583892,-0.00256174,0.00713496,
40610,718.280075,-0.00253207,0.00704544,
40610,678.536202,-0.00239653,0.00669433,
40610,606.955788,-0.00220945,0.00615793,
40610,521.111608,-0.00198952,0.00552838,
40610,421.153447,-0.00172004,0.00481023,
40610,317.828718,-0.00147709,0.00411019,
40610,227.961265,-0.00124398,0.00347729,
40610,148.058731,-0.00106034,0.00296479,
40610,93.896784,-0.000948911,0.00265117,
40610,73.667565,-0.000911707,0.00254907,
40610,79.57983,-0.000942905,0.00264059,
40610,118.835527,-0.00105536,0.00297066,
40610,189.29968,-0.00124069,0.00349306,
40610,274.225727,-0.00147466,0.00411288,
40610,374.029124,-0.00172481,0.00483909,
40610,476.590742,-0.00198188,0.00553119,
40810,571.250155,-0.00223412,0.0062676,
40810,653.128739,-0.00242442,0.00681058,
40810,701.335307,-0.00251512,0.00710959,
40810,723.854267,-0.00255319,0.00722983,
40810,716.56531,-0.00251279,0.00714495,
40810,676.961518,-0.00238527,0.00678686,
40810,603.661517,-0.0021906,0.00626476,
40810,522.637983,-0.00197174,0.0056423,
40810,418.260101,-0.00170587,0.00490275,
40810,318.674018,-0.001461,0.00420367,
40810,226.459046,-0.00123777,0.00355463,
40810,148.334057,-0.00106338,0.00303046,
40810,93.49104,-0.000955782,0.00270283,
40810,73.174877,-0.0009297,0.00259342,
40810,80.521735,-0.000970417,0.00266089,
40810,118.763073,-0.00109204,0.00298061,
40810,190.739104,-0.00128066,0.0034885,
40810,275.930817,-0.00150423,0.00409968,
40810,375.164242,-0.00175859,0.00480923,
40810,477.778995,-0.00201879,0.00551612,
41010,653.877438,-0.00246993,0.00675448,
41010,707.006104,-0.00257978,0.0070503,
41010,721.134796,-0.00260647,0.00712823,
41010,719.526298,-0.00258072,0.00706221,
41010,677.850297,-0.00245332,0.00669371,
41010,605.468053,-0.00225889,0.00616439,
41010,518.889669,-0.00202578,0.00551981,
41010,421.269374,-0.00177395,0.0048303,
41010,317.785246,-0.00151276,0.00410262,
41010,226.376932,-0.00129307,0.00349071,
41010,146.223224,-0.0011101,0.00296352,
41010,93.065976,-0.00100312,0.00267815,
41010,74.812342,-0.000962328,0.0025671,
41010,77.657378,-0.000986983,0.00264267,
41010,118.922472,-0.0011198,0.00299799,
41010,192.743671,-0.0012958,0.0035237,
41010,274.351314,-0.00151468,0.00413198,
41010,376.115809,-0.00178109,0.00487385,
41010,476.88056,-0.00203813,0.00556406,
41210,572.506035,-0.00226934,0.00624613,
41210,653.336443,-0.00245666,0.00676473,
41210,702.204765,-0.00256365,0.00706113,
41210,724.78652,-0.00256863,0.00706471,
41210,673.908758,-0.00243909,0.00670067,
41210,605.757871,-0.00225656,0.00617318,
41210,518.672306,-0.00202092,0.00552669,
41210,417.149134,-0.00176863,0.00482267,
41210,316.949606,-0.00151251,0.00410766,
41210,224.927847,-0.00129285,0.00349217,
41210,148.005598,-0.00110606,0.00297456,
41210,90.655665,-0.000996518,0.00264926,
41210,74.541846,-0.000961268,0.00257219,
41210,79.401109,-0.000994194,0.00265996,
41210,117.995058,-0.00111535,0.00299499,
41210,190.811558,-0.00129855,0.00352229,
41210,276.283428,-0.0015208,0.00413967,
41210,376.96594,-0.00178133,0.00487114,
41210,478.619467,-0.00203452,0.00556792,
41410,573.684629,-0.00226177,0.00622817,
41410,653.191533,-0.0024525,0.00674505,
41410,703.412345,-0.00256763,0.00704283,
41410,724.173069,-0.00260413,0.00714858,
41410,717.053173,-0.00256242,0.00704007,
41410,675.753939,-0.00243542,0.00669201,
41410,605.878629,-0.00225154,0.00615911,
41410,515.237962,-0.00201172,0.00549801,
41410,418.033077,-0.00175948,0.00480875,
41410,316.84817,-0.00151004,0.00410248,
41410,224.13085,-0.00128272,0.00347854,
41410,146.542023,-0.0010947,0.00295496,
41410,93.065976,-0.000986332,0.0026517,
41410,74.527356,-0.000959226,0.0025661,
41410,79.671605,-0.000991066,0.00265197,
41410,119.502106,-0.00110505,0.00299089,
41410,192.159207,-0.00129939,0.00352054,
41410,276.075726,-0.00151861,0.00413718,
41410,377.907846,-0.00177257,0.0048651,
41410,480.628871,-0.00203439,0.00557281,
41610,574.211133,-0.0023577,0.00619849,
41610,653.505504,-0.00253943,0.00671929,
41610,704.194857,-0.00265147,0.0070172,
41610,723.849437,-0.00269125,0.00711283,
41610,716.845469,-0.00265538,0.00700891,
41610,675.923,-0.00252192,0.00665452,
41610,604.927058,-0.00233001,0.00611474,
41610,515.890053,-0.00209714,0.00547006,
41610,418.298744,-0.00184015,0.00477407,
41610,315.983549,-0.00158506,0.00405469,
41610,223.27589,-0.00135938,0.00343861,
41610,146.097637,-0.00118266,0.00292706,
41610,93.423416,-0.00106644,0.00261963,
41610,72.604904,-0.00102314,0.00252546,
41610,78.908421,-0.0010615,0.0026171,
41610,120.975342,-0.00118607,0.00297182,
41610,191.811427,-0.00136522,0.00348427,
41610,277.167371,-0.00159065,0.00410814,
41610,378.96568,-0.00185468,0.00484481,
41610,479.918817,-0.0021008,0.00553112,
41810,573.69912,-0.00202256,0.00560113,
41810,655.843376,-0.0022568,0.00625669,
41810,703.257775,-0.00244689,0.00677858,
41810,723.873589,-0.00254888,0.00705728,
41810,717.444429,-0.00259168,0.00717613,
41810,673.512672,-0.00254902,0.00706208,
41810,603.569741,-0.00241944,0.00670144,
41810,516.377913,-0.00222813,0.00616828,
41810,416.154094,-0.00199271,0.00551492,
41810,316.104306,-0.00174363,0.00482226,
41810,222.792861,-0.00148949,0.00411305,
41810,147.18928,-0.00126214,0.00348801,
41810,91.515455,-0.0010838,0.00298884,
41810,73.194198,-0.000978443,0.00266933,
41810,81.594057,-0.000939368,0.0025896,
41810,119.806414,-0.000975845,0.00268755,
41810,193.733879,-0.00109226,0.00301937,
41810,276.491131,-0.00128184,0.00356053,
41810,379.733696,-0.00150306,0.0041694,
41810,481.411379,-0.00176481,0.00489869,
42010,573.356169,-0.00227885,0.00624448,
42010,655.630842,-0.00246889,0.00678046,
42010,705.629462,-0.00258166,0.00707646,
42010,722.685329,-0.00261739,0.00715615,
42010,717.502393,-0.00258282,0.00706312,
42010,673.02964,-0.00245069,0.00668037,
42010,602.222085,-0.00225945,0.00615966,
42010,515.353889,-0.00202391,0.00551513,
42010,416.294172,-0.00176664,0.00479561,
42010,314.471669,-0.00151662,0.0040999,
42010,223.556046,-0.00129402,0.00347669,
42010,145.271658,-0.00110943,0.00296215,
42010,91.868066,-0.000999624,0.0026618,
42010,75.623829,-0.000972844,0.00258651,
42010,78.430223,-0.000997205,0.00265448,
42010,120.999493,-0.00112903,0.00302443,
42010,195.081528,-0.00131406,0.00355184,
42010,277.901574,-0.00153574,0.00415857,
42010,378.80628,-0.00179507,0.00489763,
42010,482.72039,-0.00205387,0.00560398,
42210,576.244692,-0.0022672,0.00625271,
42210,657.476023,-0.00245634,0.00678159,
42210,702.818215,-0.00255851,0.0070618,
42210,724.182729,-0.00258903,0.00716816,
42210,717.850176,-0.00255958,0.00705886,
42210,673.198701,-0.00242051,0.00668387,
42210,603.55525,-0.00223835,0.00615915,
42210,513.943442,-0.0019974,0.00549182,
42210,415.086599,-0.0017495,0.00480577,
42210,315.67441,-0.00150127,0.00410424,
42210,221.140904,-0.00126804,0.00346679,
42210,144.899727,-0.00109382,0.00297387,
42210,91.264281,-0.000979324,0.00265869,
42210,73.788322,-0.000952816,0.00258304,
42210,81.705154,-0.000990629,0.00267678,
42210,122.294009,-0.00111276,0.00302956,
42210,193.555159,-0.00129744,0.00354818,
42210,278.930425,-0.00152097,0.00418038,
42210,380.086307,-0.00179132,0.00490887,
42210,483.010207,-0.00203464,0.00559733,
42410,577.408795,-0.00233458,0.00624209,
42410,656.582414,-0.00251036,0.00675067,
42410,705.489383,-0.00261956,0.0070441,
42410,725.158455,-0.00265612,0.00713448,
42410,717.280198,-0.00262469,0.00703411,
42410,674.686439,-0.00248642,0.0066692,
42410,601.83566,-0.00229321,0.00612378,
42410,512.832473,-0.00206142,0.00547092,
42410,414.038426,-0.00180781,0.00477834,
42410,314.355742,-0.00154875,0.00407073,
42410,220.797954,-0.00132872,0.0034446,
42410,145.624269,-0.00114851,0.00294796,
42410,91.703836,-0.00103647,0.00264087,
42410,72.189499,-0.0010074,0.0025563,
42410,81.714814,-0.00104391,0.00266245,
42410,121.545315,-0.001164,0.00300148,
42410,195.550065,-0.00135404,0.00354145,
42410,280.968805,-0.00158073,0.00416204,
42410,380.675603,-0.0020906,0.00558713,
42410,577.374983,-0.002332,0.00624849,
42610,577.346001,-0.00229618,0.00624895,
42610,657.649914,-0.00248837,0.00677402,
42610,704.571622,-0.00259377,0.00705504,
42610,725.076339,-0.00262443,0.00714929,
42610,716.536328,-0.00245745,0.00667441,
42610,601.36229,-0.00226185,0.00612713,
42610,513.455581,-0.00203586,0.00548634,
42610,415.038296,-0.00177549,0.00477903,
42610,312.80522,-0.00152346,0.0040755,
42610,220.21832,-0.00129914,0.00345954,
42610,144.663043,-0.00112136,0.00295215,
42610,91.554097,-0.00101447,0.00265321,
42610,73.720699,-0.00098809,0.00257293,
42610,81.197974,-0.00102027,0.00267191,
42610,121.646751,-0.00113917,0.0030189,
42610,196.878393,-0.00133463,0.00356309,
42610,281.137865,-0.00156246,0.00418014,
42610,380.844663,-0.00182119,0.0048983,
42610,483.130965,-0.00207053,0.00560309,
42810,576.935425,-0.0023654,0.00623803,
42810,656.765966,-0.00255727,0.00676484,
42810,704.518488,-0.00266624,0.00704347,
42810,724.076462,-0.00269389,0.00713418,
42810,715.860083,-0.00265324,0.00702161,
42810,672.691518,-0.00252713,0.00665194,
42810,600.314113,-0.0023363,0.00612245,
42810,513.223727,-0.00209569,0.00546687,
42810,410.261137,-0.00183367,0.00475261,
42810,312.370494,-0.00159894,0.00406857,
42810,220.242472,-0.00136483,0.00343996,
42810,141.880801,-0.00118848,0.00292981,
42810,91.443001,-0.00107968,0.00265002,
42810,73.464694,-0.00105428,0.00256221,
42810,80.2609,-0.00108142,0.00265261,
42810,122.48722,-0.00121988,0.00302168,
42810,196.786618,-0.0014021,0.00353878,
42810,281.041259,-0.00163366,0.00417589,
42810,382.883046,-0.00189264,0.00490058,
42810,484.290236,-0.00214289,0.00559602,
43010,657.625762,-0.00257166,0.00678311,
43010,706.112494,-0.00267445,0.00707444,
43010,724.48221,-0.00270507,0.00715914,
43010,715.420524,-0.00267004,0.00704012,
43010,672.706009,-0.00252519,0.0066748,
43010,600.275471,-0.00234046,0.00613038,
43010,510.765104,-0.00210669,0.00548011,
43010,412.642471,-0.00184809,0.00478771,
43010,311.853653,-0.00159911,0.00406854,
43010,218.638818,-0.00137207,0.00345275,
43010,144.696855,-0.00119441,0.00295994,
43010,88.936085,-0.00109283,0.00264932,
43010,73.822134,-0.00106674,0.00258345,
43010,81.516773,-0.00109226,0.0026754,
43010,123.830038,-0.00122775,0.00304038,
43010,197.762335,-0.00140885,0.00357395,
43010,281.234471,-0.00163151,0.00418261,
43010,384.153412,-0.00190176,0.00492923,
43010,485.348071,-0.00214876,0.00561833,
43210,579.384391,-0.0023122,0.00629523,
43210,658.712583,-0.00250017,0.00679477,
43210,706.34918,-0.0026023,0.00708888,
43210,723.414708,-0.00263345,0.00717038,
43210,715.377051,-0.00259596,0.00706315,
43210,671.754436,-0.00245189,0.00667989,
43210,600.381738,-0.00226604,0.00614838,
43210,510.885862,-0.00202318,0.00547784,
43210,409.956828,-0.00177136,0.00478007,
43210,310.858614,-0.0015242,0.00408636,
43210,221.218189,-0.00129186,0.00346186,
43210,140.620097,-0.00111192,0.00294357,
43210,90.462454,-0.000981329,0.00258042,
43210,80.661813,-0.00101924,0.00268517,
43210,122.424426,-0.00114501,0.00303952,
43210,198.114945,-0.00133605,0.0035964,
43210,282.765671,-0.00155482,0.00419262,
43210,382.612549,-0.00181882,0.00493146,
43210,487.198076,-0.00207629,0.00563152,
43410,580.210373,-0.00234815,0.00630646,
43410,659.557889,-0.00253263,0.00680956,
43410,707.170335,-0.00264108,0.00710012,
43410,722.738463,-0.00267447,0.00717226,
43410,715.845592,-0.00263142,0.00707119,
43410,670.44059,-0.00249058,0.00667876,
43410,599.821422,-0.00230509,0.00614752,
43410,509.745911,-0.00206484,0.00549216,
43410,410.290119,-0.00180841,0.00479159,
43410,309.201826,-0.00155619,0.00408606,
43410,220.541949,-0.00133733,0.0034707,
43410,142.344508,-0.00115877,0.00297084,
43410,91.24979,-0.00104971,0.00267658,
43410,72.744982,-0.00102708,0.0026034,
43410,82.125388,-0.00106651,0.00270731,
43410,123.86868,-0.00119305,0.00306314,
43410,198.042491,-0.00137547,0.00360733,
43410,282.06528,-0.00159691,0.00422115,
43410,384.399757,-0.00186656,0.00495825,
43410,487.985414,-0.00211688,0.00565829,
43610,579.616245,-0.00228696,0.00629289,
43610,659.746271,-0.00247797,0.00680713,
43610,706.759757,-0.00256977,0.00708334,
43610,724.752708,-0.00260245,0.00716333,
43610,715.947029,-0.00256479,0.00705414,
43610,668.948022,-0.00243101,0.00666824,
43610,598.720111,-0.00223911,0.00613795,
43610,509.702438,-0.00200131,0.00547588,
43610,409.98581,-0.00174558,0.00476877,
43610,309.143863,-0.00150213,0.00407687,
43610,218.479418,-0.00127662,0.00345621,
43610,139.098558,-0.00109711,0.00293959,
43610,90.56389,-0.00099799,0.00267133,
43610,74.450071,-0.000974358,0.00258971,
43610,80.763249,-0.00100634,0.00269049,
43610,124.631865,-0.00112884,0.00305319,
43610,199.443273,-0.0013216,0.00360001,
43610,283.330815,-0.00154246,0.00420658,
43610,383.713856,-0.00181754,0.00494901,
43610,488.738941,-0.0020643,0.00564584,
43810,581.25855,-0.00227883,0.00631591,
43810,659.412979,-0.00246526,0.00680961,
43810,704.735853,-0.00256489,0.00708897,
43810,725.82987,-0.0026002,0.00718424,
43810,715.768307,-0.00255674,0.00705833,
43810,670.199074,-0.00241333,0.00667728,
43810,597.309661,-0.00222528,0.00612936,
43810,507.866924,-0.00198992,0.0054806,
43810,409.860223,-0.00173357,0.00477661,
43810,307.57885,-0.00148518,0.00407575,
43810,218.199262,-0.0012623,0.0034581,
43810,140.059784,-0.00108367,0.00295468,
43810,89.36115,-0.000977809,0.00266927,
43810,74.150594,-0.000951283,0.00259579,
43810,80.632831,-0.00098491,0.00270558,
43810,122.603147,-0.00130306,0.00360137,
43810,284.195436,-0.00153314,0.00423154,
43810,385.249888,-0.00179749,0.00495696,
43810,488.632674,-0.0020585,0.0056602,
44010,582.480617,-0.0022937,0.00631659,
44010,659.050705,-0.00247806,0.00682483,
44010,709.107293,-0.00258713,0.00711742,
44010,723.902571,-0.00261489,0.00718196,
44010,714.7636,-0.00257125,0.0070675,
44010,671.083022,-0.00242838,0.00669514,
44010,596.8218,-0.00223201,0.00613377,
44010,509.175936,-0.00200506,0.00549287,
44010,409.865053,-0.00174206,0.00478379,
44010,308.139163,-0.00149453,0.00407849,
44010,216.354094,-0.00126999,0.00346446,
44010,141.243203,-0.00109258,0.00297756,
44010,90.597702,-0.000995819,0.00268335,
44010,71.754774,-0.000963962,0.00260438,
44010,82.618077,-0.00100421,0.00272919,
44010,125.766981,-0.0011301,0.00308342,
44010,198.800846,-0.00132113,0.00362042,
44010,285.538255,-0.00154939,0.00425358,
44010,386.61203,-0.00180885,0.00497539,
44010,488.845207,-0.00206131,0.0056835,
44210,581.442101,-0.0020606,0.00568578,
44210,661.794325,-0.00229132,0.00632819,
44210,705.557007,-0.0024776,0.00684437,
44210,725.313025,-0.00257032,0.00710553,
44210,715.971181,-0.00260377,0.00719362,
44210,669.223351,-0.00255695,0.00707567,
44210,597.227546,-0.00242207,0.00669306,
44210,505.85752,-0.00222589,0.00614539,
44210,408.739595,-0.00198647,0.00548496,
44210,307.303524,-0.00173672,0.00478831,
44210,216.846783,-0.00148384,0.00408053,
44210,138.634851,-0.00126082,0.00347337,
44210,89.481907,-0.00107691,0.00296131,
44210,73.387409,-0.00098549,0.00269063,
44210,81.429828,-0.000951227,0.00261164,
44210,125.544788,-0.000993597,0.00272057,
44210,199.752411,-0.0011207,0.00309852,
44210,286.325592,-0.00130252,0.00362005,
44210,388.090099,-0.00153742,0.00425696,
44210,489.086722,-0.00180008,0.00498567,
44410,583.905558,-0.00213574,0.00567192,
44410,661.808816,-0.00236842,0.00632248,
44410,708.484182,-0.00255253,0.00681846,
44410,724.694744,-0.00265798,0.00709866,
44410,714.444799,-0.00268352,0.00717046,
44410,670.749731,-0.00264696,0.00705213,
44410,595.749472,-0.00251151,0.00667299,
44410,507.055434,-0.0023181,0.00610745,
44410,408.527062,-0.00208907,0.00546817,
44410,305.376239,-0.00183454,0.00475494,
44410,216.431378,-0.00159294,0.00405236,
44410,139.484981,-0.00137052,0.00343781,
44410,89.723421,-0.00118921,0.00293837,
44410,72.71117,-0.00110302,0.00265768,
44410,82.758155,-0.00107924,0.00259233,
44410,126.713716,-0.00111707,0.00269787,
44410,201.814942,-0.00125361,0.00306799,
44410,287.035643,-0.00143904,0.00361026,
44410,388.887097,-0.00167243,0.00423011,
44410,490.357091,-0.0019389,0.00497752,
44610,585.320838,-0.00232151,0.00634127,
44610,660.007108,-0.00249772,0.00682241,
44610,707.460154,-0.00260541,0.00711297,
44610,725.409632,-0.00263052,0.00718584,
44610,713.691269,-0.00258502,0.00705217,
44610,668.416688,-0.00244959,0.00667739,
44610,594.768919,-0.00225724,0.00612876,
44610,506.524101,-0.00201695,0.00547053,
44610,407.126277,-0.00175956,0.0047641,
44610,305.941383,-0.00151707,0.0040763,
44610,216.093258,-0.00128906,0.00344369,
44610,136.760702,-0.00110291,0.00294259,
44610,90.90684,-0.00101926,0.00269144,
44610,72.991326,-0.000982577,0.00259324,
44610,81.502282,-0.00103054,0.00272037,
44610,127.926117,-0.00116655,0.0030977,
44610,200.341706,-0.00134146,0.00362263,
44610,288.84217,-0.00158089,0.00426157,
44610,389.664774,-0.00184219,0.00498744,
44610,488.526408,-0.00209322,0.00568399,
44810,584.490025,-0.00210233,0.00570159,
44810,661.702549,-0.0023215,0.00633961,
44810,707.146183,-0.00250771,0.00684244,
44810,727.317609,-0.00260671,0.0071072,
44810,714.971304,-0.00264171,0.0072029,
44810,669.261993,-0.00258771,0.00704639,
44810,596.483679,-0.00244916,0.00667662,
44810,503.403728,-0.00225111,0.00613419,
44810,405.831759,-0.00200794,0.00544946,
44810,304.699999,-0.00175464,0.00476158,
44810,214.373678,-0.00151204,0.00406985,
44810,135.055613,-0.00128516,0.00343931,
44810,91.095221,-0.0011078,0.00294539,
44810,72.319917,-0.001007,0.00267827,
44810,81.656851,-0.000982939,0.00259,
44810,125.974683,-0.00102341,0.0027164,
44810,202.727865,-0.00116137,0.00309496,
44810,287.402745,-0.00133825,0.00363078,
44810,390.901328,-0.00156306,0.00425109,
44810,491.936598,-0.00183474,0.00500193,
45010,583.93937,-0.00234729,0.00627826,
45010,664.465489,-0.00253458,0.00679383,
45010,706.581035,-0.00261858,0.00703817,
45010,725.651148,-0.00264827,0.00713116,
45010,715.406033,-0.00260869,0.00700285,
45010,668.382875,-0.0024598,0.00661013,
45010,593.314997,-0.00226486,0.00605229,
45010,506.591725,-0.00203927,0.00540946,
45010,404.85121,-0.00178148,0.00470139,
45010,304.593733,-0.00152893,0.00400179,
45010,213.615323,-0.00131437,0.00338662,
45010,138.721796,-0.00113406,0.00289542,
45010,90.534908,-0.00103526,0.00262429,
45010,72.232972,-0.0010037,0.00254483,
45010,82.313769,-0.00104965,0.00267314,
45010,128.177292,-0.00118328,0.00304889,
45010,202.481521,-0.00137178,0.00359004,
45010,289.788906,-0.00160244,0.00422464,
45010,388.621431,-0.0018556,0.00495091,
45010,494.636735,-0.0021154,0.00565083,
45210,585.634808,-0.00233293,0.00637376,
45210,662.605818,-0.00252427,0.00687444,
45210,709.039669,-0.00261657,0.00714054,
45210,724.361451,-0.00264852,0.00721097,
45210,713.208236,-0.0025958,0.0070797,
45210,667.151145,-0.00245683,0.00669002,
45210,593.348809,-0.00226264,0.00614377,
45210,503.43754,-0.00202669,0.00547207,
45210,402.861129,-0.00177064,0.00477784,
45210,304.216971,-0.00152848,0.00408732,
45210,212.248353,-0.00129379,0.00345712,
45210,137.601171,-0.00112689,0.00297392,
45210,88.84431,-0.00102814,0.00269947,
45210,72.102554,-0.00100475,0.00263193,
45210,82.975518,-0.00104304,0.00275147,
45210,126.105101,-0.00118909,0.00312404,
45210,203.099797,-0.00137732,0.00366948,
45210,289.68264,-0.00160691,0.00429326,
45210,391.09937,-0.00187182,0.0050289,
45210,492.723937,-0.00212309,0.00572252,
45410,586.972803,-0.00241446,0.00635215,
45410,662.538193,-0.0026086,0.00684252,
45410,709.073481,-0.00271546,0.0071071,
45410,724.095784,-0.00274907,0.00716642,
45410,714.333702,-0.00270674,0.00703622,
45410,666.982084,-0.00255399,0.00664031,
45410,591.80794,-0.00234616,0.00607733,
45410,504.625793,-0.002106,0.00543049,
45410,404.35852,-0.00183891,0.00472024,
45410,302.676109,-0.00158014,0.00402769,
45410,211.67838,-0.00133342,0.00339973,
45410,135.934724,-0.00115897,0.0029201,
45410,90.819895,-0.00105873,0.00265675,
45410,73.754511,-0.00102596,0.00259075,
45410,81.912856,-0.00105449,0.00270206,
45410,128.558884,-0.00119141,0.00309968,
45410,206.877078,-0.00137339,0.00364013,
45410,287.963058,-0.00160187,0.00427052,
45410,392.26347,-0.00186688,0.00501327,
45410,493.274591,-0.00211212,0.0056997,
45610,586.45113,-0.0023402,0.00640204,
45610,664.537944,-0.00251914,0.00690102,
45610,710.285892,-0.0026218,0.00717755,
45610,726.187314,-0.00264718,0.00723071,
45610,713.623644,-0.00259232,0.0070961,
45610,667.508588,-0.00246208,0.00671171,
45610,592.348935,-0.00225335,0.00614107,
45610,501.408814,-0.00201675,0.00549109,
45610,406.165049,-0.0017738,0.00479978,
45610,301.33329,-0.00151617,0.00407646,
45610,211.451356,-0.00130227,0.0034726,
45610,139.798949,-0.0011255,0.00297853,
45610,87.293789,-0.00102763,0.0027065,
45610,72.55177,-0.0010113,0.00264294,
45610,83.101105,-0.00104493,0.00276555,
45610,127.28852,-0.00118737,0.00314646,
45610,206.263633,-0.00137627,0.00369835,
45610,290.991647,-0.00160748,0.00431998,
45610,393.215038,-0.00187693,0.00505369,
45610,496.076164,-0.00213393,0.00575468,
45810,587.943694,-0.00234996,0.00639204,
45810,666.484561,-0.00252287,0.00687599,
45810,707.112371,-0.00261101,0.00712683,
45810,726.003761,-0.00264706,0.00721897,
45810,713.575341,-0.00259113,0.00706714,
45810,665.436383,-0.00244794,0.0066686,
45810,594.213434,-0.00225383,0.00613825,
45810,500.5297,-0.00201506,0.0054469,
45810,403.339328,-0.00175731,0.00476913,
45810,301.801827,-0.00150764,0.00405438,
45810,209.905666,-0.00128976,0.00344918,
45810,137.436941,-0.0011218,0.00296939,
45810,87.12956,-0.00101583,0.00268651,
45810,71.996288,-0.000997784,0.00262712,
45810,84.028519,-0.00104299,0.00276244,
45810,127.665282,-0.00117446,0.00313015,
45810,204.698621,-0.00136531,0.00367901,
45810,292.353788,-0.00159869,0.00431996,
45810,392.645063,-0.00184869,0.0050411,
45810,495.68974,-0.00210353,0.00574042,
46010,587.127373,-0.0023379,0.006372,
46010,665.70688,-0.00252559,0.00687859,
46010,710.430801,-0.00261916,0.00713872,
46010,724.163408,-0.00264049,0.00719875,
46010,715.396372,-0.00259737,0.00707771,
46010,665.769674,-0.00244398,0.00666394,
46010,590.803236,-0.00224864,0.00611363,
46010,502.669522,-0.00201235,0.00545065,
46010,401.349248,-0.00174845,0.00474449,
46010,301.439556,-0.00150319,0.00404782,
46010,212.151747,-0.00129053,0.00344511,
46010,134.277937,-0.00110658,0.00293596,
46010,88.114937,-0.00101425,0.002685,
46010,72.136366,-0.000990681,0.00261137,
46010,83.87395,-0.00103854,0.00274623,
46010,130.094913,-0.00117676,0.00313549,
46010,205.940004,-0.00135415,0.00367302,
46010,291.561621,-0.00159071,0.00430552,
46010,394.282532,-0.00185822,0.00504788,
46010,495.660758,-0.00210547,0.00573564,
46210,588.692392,-0.00234305,0.00634355,
46210,666.030511,-0.00251753,0.00684227,
46210,709.522701,-0.00261479,0.00709056,
46210,724.573986,-0.00264052,0.00716253,
46210,714.241925,-0.00259418,0.0070292,
46210,664.93403,-0.00244441,0.00661927,
46210,590.286394,-0.00224973,0.0060749,
46210,501.157638,-0.00201733,0.00541011,
46210,401.189849,-0.00175389,0.00470136,
46210,300.618407,-0.00150416,0.00400867,
46210,210.702663,-0.00128372,0.00339229,
46210,134.403525,-0.00111833,0.002904,
46210,89.564022,-0.000992371,0.00257761,
46210,83.617945,-0.00103848,0.00271196,
46210,130.177028,-0.00118538,0.00310365,
46210,206.423032,-0.00136979,0.00363878,
46210,293.141125,-0.0016097,0.00428075,
46210,395.016736,-0.00186992,0.00501623,
46210,495.385431,-0.00211155,0.00568904,
46410,588.296307,-0.00239512,0.00638059,
46410,666.049833,-0.002569,0.0068674,
46410,710.55156,-0.0026591,0.00713132,
46410,724.516022,-0.00268942,0.00718933,
46410,713.744402,-0.00263308,0.00705454,
46410,665.629595,-0.00248487,0.0066471,
46410,588.953229,-0.00228852,0.00609626,
46410,501.003069,-0.00205392,0.00543409,
46410,400.37836,-0.0017925,0.00473304,
46410,297.903787,-0.00154721,0.00403218,
46410,210.267937,-0.00132435,0.00341951,
46410,133.485771,-0.00114993,0.00293418,
46410,88.945746,-0.00106117,0.00268307,
46410,72.653206,-0.00103159,0.0026033,
46410,84.173428,-0.00108484,0.00275128,
46410,129.679509,-0.00122191,0.00312727,
46410,205.268594,-0.00140756,0.00367081,
46410,294.556398,-0.00163813,0.00432168,
46410,395.219608,-0.00190868,0.00505074,
46410,495.409583,-0.00215435,0.0057312,
46610,588.634428,-0.00212544,0.00573831,
46610,665.827638,-0.00235918,0.00637831,
46610,710.121661,-0.00253999,0.00687267,
46610,724.04265,-0.00263195,0.0071289,
46610,713.638135,-0.00265756,0.00718994,
46610,663.774754,-0.00260891,0.00704985,
46610,589.692266,-0.002459,0.00664759,
46610,497.95032,-0.00226221,0.0060921,
46610,399.847028,-0.0020224,0.00542339,
46610,298.372324,-0.0017653,0.00473219,
46610,208.509714,-0.00151235,0.00402442,
46610,133.442299,-0.00129073,0.00342497,
46610,86.946009,-0.0011231,0.00293708,
46610,71.320049,-0.00102305,0.00267266,
46610,84.859327,-0.000999121,0.00261034,
46610,131.471544,-0.00105029,0.00275618,
46610,207.649924,-0.0011974,0.00313548,
46610,294.000915,-0.00137799,0.00367801,
46610,396.127703,-0.00161331,0.00432946,
46610,496.626818,-0.00187598,0.00505262,
46810,589.624641,-0.00234961,0.00637225,
46810,667.498928,-0.00253178,0.00687077,
46810,711.783292,-0.00261934,0.00711969,
46810,722.979979,-0.00264097,0.00717677,
46810,713.758893,-0.00259399,0.0070477,
46810,664.837423,-0.00244645,0.00663596,
46810,588.305967,-0.00223939,0.00606555,
46810,498.515465,-0.00201555,0.00542425,
46810,399.822876,-0.00175301,0.0047084,
46810,299.067885,-0.00150735,0.00401711,
46810,206.920551,-0.00127966,0.00339604,
46810,133.567886,-0.00111759,0.00292456,
46810,87.916896,-0.00102345,0.00266209,
46810,71.025402,-0.000996103,0.00259325,
46810,84.139616,-0.00104078,0.00273218,
46810,132.331334,-0.00119506,0.00312939,
46810,207.07995,-0.0013766,0.00366659,
46810,294.768931,-0.00161635,0.00431964,
46810,398.489716,-0.00186803,0.00504111,
46810,497.573557,-0.00211675,0.00573244,
47010,591.093055,-0.00240343,0.00641226,
47010,668.397366,-0.00258071,0.0068898,
47010,711.797783,-0.00266608,0.00713962,
47010,723.975026,-0.00269339,0.00719842,
47010,714.971304,-0.00265167,0.00706649,
47010,663.518747,-0.00249003,0.00664376,
47010,588.436386,-0.00229084,0.00609424,
47010,498.727998,-0.0020513,0.00542739,
47010,398.823006,-0.00180293,0.00472617,
47010,297.836163,-0.00154469,0.00403533,
47010,207.485694,-0.00132312,0.00341902,
47010,131.336296,-0.00114682,0.00293478,
47010,88.042483,-0.00106241,0.00268577,
47010,72.107385,-0.00104067,0.00262026,
47010,86.704495,-0.00109032,0.00276771,
47010,131.40392,-0.00122819,0.00314627,
47010,208.983082,-0.00142097,0.00370833,
47010,296.039296,-0.00165002,0.00433439,
47010,398.784363,-0.00192101,0.00508465,
47010,499.800324,-0.00216646,0.00576171,
47210,589.402447,-0.00239799,0.00641889,
47210,668.180002,-0.00257584,0.00691195,
47210,711.024931,-0.0026631,0.00715899,
47210,724.815502,-0.00268519,0.00722044,
47210,713.1068,-0.00263746,0.00707435,
47210,663.074358,-0.00247939,0.00666508,
47210,586.895518,-0.00228732,0.00610698,
47210,496.269376,-0.00203685,0.00544308,
47210,399.165956,-0.00179574,0.00475717,
47210,296.10209,-0.00154681,0.00404238,
47210,206.679037,-0.00132159,0.00344022,
47210,134.427676,-0.00115451,0.00296257,
47210,85.091181,-0.00106245,0.0027014,
47210,73.764171,-0.00104185,0.00265495,
47210,85.685306,-0.00108929,0.00279008,
47210,130.529639,-0.00123028,0.00317409,
47210,208.978252,-0.00142532,0.00373205,
47210,296.193865,-0.00164382,0.00436132,
47210,398.195068,-0.00191985,0.00510131,
47210,500.032179,-0.00215928,0.00578874,
47410,591.537443,-0.00236812,0.00641202,
47410,669.658079,-0.00255209,0.00690268,
47410,711.280938,-0.00263879,0.00714157,
47410,723.496824,-0.00265997,0.00720015,
47410,712.391912,-0.0026099,0.00705716,
47410,662.470569,-0.00245405,0.00664001,
47410,587.818106,-0.00225609,0.00608941,
47410,496.298358,-0.00202498,0.00542047,
47410,398.528358,-0.00176829,0.00471879,
47410,293.996085,-0.00151601,0.00401374,
47410,207.596791,-0.0013054,0.00342101,
47410,133.099349,-0.00112713,0.00293574,
47410,83.163899,-0.0010342,0.00267507,
47410,73.802813,-0.00101697,0.00263395,
47410,84.574341,-0.00106314,0.00276867,
47410,132.104311,-0.0012025,0.0031609,
47410,209.253578,-0.00139769,0.00370601,
47410,296.60444,-0.00162181,0.00434277,
47410,399.760082,-0.00189675,0.00509072,
47410,499.582961,-0.00213603,0.00575935,
47610,590.590703,-0.00238364,0.00636465,
47610,670.083147,-0.0025605,0.00685764,
47610,711.841255,-0.00264857,0.00709528,
47610,723.661055,-0.00267022,0.00714931,
47610,713.396619,-0.00261516,0.00701712,
47610,661.316123,-0.00246369,0.00658651,
47610,585.716923,-0.0022585,0.00603017,
47610,496.148618,-0.00202701,0.00536934,
47610,397.852117,-0.00176916,0.00466821,
47610,294.648174,-0.00152117,0.00396859,
47610,206.133215,-0.00130513,0.00336968,
47610,132.495563,-0.0011364,0.00288584,
47610,84.801364,-0.00104061,0.002628,
47610,72.836757,-0.00102384,0.00257937,
47610,86.549926,-0.00107851,0.00272871,
47610,133.171803,-0.00121822,0.00312512,
47610,210.306579,-0.00163865,0.00430413,
47610,400.692329,-0.0019078,0.00504262,
47610,500.882311,-0.00215386,0.00572325,
47810,591.919038,-0.00235833,0.00643265,
47810,669.088102,-0.00252413,0.00691019,
47810,710.962137,-0.00262661,0.00716084,
47810,725.733263,-0.00264361,0.00721936,
47810,711.884728,-0.00258691,0.00705854,
47810,660.997322,-0.00243521,0.00664469,
47810,586.016402,-0.00223612,0.00608341,
47810,495.820158,-0.00200301,0.0054278,
47810,396.417521,-0.00174607,0.00472762,
47810,293.06867,-0.00149055,0.00401884,
47810,205.316897,-0.0012775,0.0034245,
47810,131.838645,-0.00111013,0.00294994,
47810,85.810893,-0.00101262,0.00269096,
47810,72.653206,-0.000993689,0.002638,
47810,86.709325,-0.00105197,0.00278855,
47810,133.418147,-0.00118757,0.00318232,
47810,211.079425,-0.00137993,0.00373652,
47810,297.386946,-0.00161165,0.0043763,
47810,400.919352,-0.00187697,0.00510458,
47810,501.872523,-0.00212248,0.0057973,
48010,594.15064,-0.00241618,0.00646732,
48010,670.174923,-0.002592,0.00694262,
48010,711.102216,-0.00268382,0.00718717,
48010,725.694621,-0.002708,0.0072485,
48010,712.652749,-0.00249976,0.00666673,
48010,586.238596,-0.00229937,0.00611365,
48010,493.535427,-0.00206984,0.00543774,
48010,396.40786,-0.00181197,0.00473753,
48010,294.720628,-0.00156905,0.00403985,
48010,204.230083,-0.00135276,0.00343211,
48010,130.234992,-0.00118054,0.00295255,
48010,85.226429,-0.00109498,0.00269711,
48010,72.691849,-0.00107994,0.00265049,
48010,87.395225,-0.0011334,0.00279221,
48010,133.157312,-0.00127389,0.00318501,
48010,211.378902,-0.00147061,0.0037399,
48010,299.333551,-0.0017024,0.00437874,
48010,401.38306,-0.00196692,0.0051041,
48010,501.249414,-0.00221749,0.00578374,
48210,595.145683,-0.00215637,0.00575943,
48210,669.165387,-0.00238509,0.00639791,
48210,709.599986,-0.00255061,0.00686267,
48210,726.090707,-0.0026397,0.00711401,
48210,712.701053,-0.00266558,0.00717766,
48210,660.49497,-0.00261079,0.00701059,
48210,585.538201,-0.00245396,0.00659433,
48210,493.177985,-0.00226105,0.00604647,
48210,394.24872,-0.002011,0.00536476,
48210,292.546999,-0.00175913,0.00466652,
48210,205.002929,-0.00150329,0.00397318,
48210,130.771153,-0.00128773,0.00337433,
48210,85.158805,-0.00112715,0.00290897,
48210,72.687018,-0.00103272,0.00264487,
48210,86.327733,-0.00101664,0.00260191,
48210,132.215407,-0.00106974,0.00276176,
48210,213.943782,-0.0012115,0.00314396,
48210,299.024413,-0.00140176,0.0037151,
48210,401.242982,-0.00162867,0.00434224,
48210,505.712611,-0.00189881,0.0050827,
48410,594.812392,-0.00242651,0.00642279,
48410,671.65783,-0.00259682,0.00690276,
48410,710.662657,-0.00268551,0.00713063,
48410,724.032989,-0.00271064,0.00718918,
48410,710.730281,-0.00264994,0.00703624,
48410,660.750976,-0.00249521,0.00660773,
48410,583.296939,-0.00229303,0.00604977,
48410,493.984645,-0.00205373,0.00538449,
48410,392.992844,-0.00179861,0.00467535,
48410,294.107182,-0.00155206,0.00399363,
48410,202.133741,-0.00133286,0.00337829,
48410,130.177028,-0.00117369,0.00291843,
48410,85.009066,-0.00107601,0.00266015,
48410,70.677621,-0.00106021,0.0026121,
48410,88.419245,-0.00111791,0.00277444,
48410,133.582377,-0.00125627,0.00315827,
48410,213.789213,-0.00145455,0.00372816,
48410,301.014491,-0.00167819,0.00435491,
48410,401.740502,-0.00195164,0.00510149,
48410,505.002557,-0.00219711,0.0057842,
48610,594.194113,-0.00240329,0.00644283,
48610,669.991371,-0.00257771,0.00691934,
48610,712.870114,-0.00266026,0.00716075,
48610,723.207004,-0.00267749,0.00720481,
48610,711.049083,-0.00263194,0.00705792,
48610,660.746146,-0.0024719,0.00663702,
48610,581.273041,-0.00227572,0.00606981,
48610,493.433991,-0.00203845,0.00541453,
48610,392.746499,-0.00177363,0.00470389,
48610,291.817626,-0.00152132,0.00401419,
48610,201.829433,-0.00130637,0.003413,
48610,129.206142,-0.00114201,0.00294398,
48610,84.878649,-0.00105065,0.00269671,
48610,72.658037,-0.00103861,0.00265636,
48610,84.917291,-0.00109213,0.00280636,
48610,135.68838,-0.00123017,0.00320364,
48610,211.51898,-0.00142144,0.00376044,
48610,301.917754,-0.00165855,0.0044123,
48610,404.252254,-0.00191944,0.00513937,
48610,504.587151,-0.00216769,0.00583644,
48810,595.24712,-0.00241038,0.00643662,
48810,671.875194,-0.00258231,0.00692133,
48810,713.044006,-0.00266463,0.00715104,
48810,723.158701,-0.00268448,0.00719128,
48810,711.706006,-0.00263209,0.00705008,
48810,660.19066,-0.00246804,0.00661574,
48810,581.886489,-0.00227175,0.00605797,
48810,492.45827,-0.00203492,0.0053879,
48810,393.007335,-0.00178035,0.00468909,
48810,290.18982,-0.00153149,0.00399442,
48810,204.162459,-0.00130894,0.00339914,
48810,128.017892,-0.00114771,0.00291754,
48810,85.405149,-0.00105612,0.00268232,
48810,71.938325,-0.00103727,0.00263007,
48810,88.032822,-0.00109447,0.0027946,
48810,135.799476,-0.00123962,0.00319595,
48810,212.378771,-0.0014319,0.00374043,
48810,302.366971,-0.001667,0.00439111,
48810,404.68698,-0.00193597,0.00513643,
48810,505.340678,-0.00217754,0.00581553,
49010,594.319701,-0.00237654,0.00640192,
49010,670.952604,-0.0025546,0.00689396,
49010,713.947276,-0.00264376,0.00712469,
49010,722.067048,-0.00265793,0.00716889,
49010,710.681978,-0.00259481,0.00700405,
49010,658.263364,-0.0024507,0.00658815,
49010,581.90098,-0.00224356,0.00602154,
49010,490.603436,-0.00200747,0.00535645,
49010,391.394018,-0.00174467,0.00464845,
49010,289.769585,-0.00150149,0.00395908,
49010,202.650581,-0.00128351,0.00336493,
49010,127.790869,-0.00111898,0.00288125,
49010,83.888441,-0.00103211,0.00264838,
49010,74.421089,-0.00101959,0.002606,
49010,83.815987,-0.00106641,0.00274536,
49010,137.997254,-0.00121815,0.00318109,
49010,214.702137,-0.00141202,0.00371216,
49010,300.942036,-0.00164111,0.00435593,
49010,406.976538,-0.00191382,0.00510218,
49010,505.664308,-0.002157,0.00577971,
49210,597.44008,-0.00244011,0.00649708,
49210,673.203531,-0.00259519,0.00695362,
49210,712.855623,-0.00269161,0.00719832,
49210,726.73314,-0.00270903,0.00724042,
49210,709.310167,-0.00263981,0.0070714,
49210,659.166633,-0.00249305,0.00665493,
49210,581.698107,-0.00229095,0.0060768,
49210,491.110617,-0.00204717,0.00541969,
49210,393.490364,-0.00180208,0.00472193,
49210,288.537862,-0.0015513,0.00400728,
49210,200.24027,-0.00133179,0.00342395,
49210,129.573243,-0.00117095,0.00295522,
49210,82.796797,-0.00107915,0.00270542,
49210,71.102686,-0.00106515,0.00266689,
49210,86.926688,-0.00112547,0.00283479,
49210,135.499999,-0.00126471,0.00322379,
49210,214.803573,-0.00146654,0.0037931,
49210,305.04778,-0.0016952,0.00443824,
49210,404.52758,-0.00196344,0.00516465,
49210,505.983107,-0.00220264,0.00585413,
49410,597.198564,-0.0024038,0.00645892,
49410,673.512672,-0.00258606,0.00693377,
49410,711.739819,-0.00265706,0.00715357,
49410,724.052311,-0.00268155,0.00719971,
49410,710.329365,-0.00262543,0.00704559,
49410,657.649914,-0.00246251,0.00661002,
49410,579.447185,-0.00226766,0.00605035,
49410,489.791946,-0.00202427,0.00538274,
49410,390.548717,-0.00176724,0.00467275,
49410,290.479637,-0.00152662,0.003993,
49410,201.109721,-0.00130377,0.00338955,
49410,126.496354,-0.00112923,0.00290754,
49410,85.120163,-0.00105725,0.00269633,
49410,74.585319,-0.001038,0.00263462,
49410,86.405018,-0.00109261,0.00279932,
49410,137.726758,-0.00124511,0.00320868,
49410,216.242997,-0.00143905,0.00377306,
49410,302.85966,-0.00166402,0.00440781,
49410,407.754215,-0.00194332,0.00515894,
49410,506.66418,-0.00217632,0.0058352,
49610,597.903789,-0.00245419,0.00649072,
49610,672.015274,-0.00262391,0.00695948,
49610,711.995826,-0.00270796,0.00718601,
49610,724.144087,-0.0027226,0.00722828,
49610,709.290846,-0.00266122,0.0070607,
49610,656.480978,-0.00250424,0.00662659,
49610,579.983349,-0.00230702,0.00607703,
49610,488.777583,-0.00206935,0.00540359,
49610,390.220257,-0.00180466,0.00469734,
49610,287.711883,-0.00156391,0.00400412,
49610,200.57839,-0.00134875,0.00341667,
49610,128.14348,-0.00118113,0.00293557,
49610,82.762985,-0.00109807,0.00270265,
49610,73.884928,-0.00107584,0.00267207,
49610,86.424339,-0.00113794,0.00281269,
49610,138.736287,-0.00129153,0.00324595,
49610,217.242866,-0.00148379,0.00379219,
49610,303.854699,-0.00171204,0.00444085,
49610,408.691292,-0.00198053,0.00518221,
49610,506.649689,-0.00222871,0.00585985,
49810,601.024169,-0.00244228,0.00645821,
49810,671.49843,-0.00260934,0.00690753,
49810,714.275738,-0.00269926,0.00716407,
49810,724.844484,-0.00271569,0.00719224,
49810,708.585619,-0.00264865,0.00701509,
49810,656.505129,-0.00249361,0.00659554,
49810,579.993009,-0.00229086,0.00602174,
49810,486.004992,-0.00205366,0.00534886,
49810,390.051197,-0.00180449,0.00466292,
49810,286.291779,-0.00154831,0.00394995,
49810,200.288573,-0.00133246,0.0033718,
49810,126.77168,-0.00117072,0.00289279,
49810,82.241315,-0.00107932,0.00265691,
49810,72.653206,-0.00107357,0.00262818,
49810,88.110107,-0.00112458,0.00278329,
49810,138.320883,-0.00127967,0.00320259,
49810,215.687515,-0.00146491,0.00375333,
49810,305.202349,-0.0016955,0.0044022,
49810,408.642989,-0.00197094,0.00514757,
49810,507.272797,-0.00220643,0.00582028,
50010,601.183569,-0.00240792,0.00645524,
50010,672.541778,-0.0025809,0.00690923,
50010,712.681731,-0.00266918,0.00714451,
50010,725.245401,-0.00268737,0.00718668,
50010,708.517994,-0.00247014,0.00657875,
50010,579.804627,-0.00225806,0.00600558,
50010,485.734495,-0.00202599,0.00533081,
50010,389.592319,-0.00177544,0.00464364,
50010,286.4705,-0.00151895,0.00392929,
50010,199.187268,-0.00130858,0.00335351,
50010,125.91672,-0.00114625,0.00287367,
50010,82.110897,-0.00105105,0.00263009,
50010,73.967043,-0.00104142,0.00261484,
50010,88.544832,-0.00110067,0.00277086,
50010,138.591379,-0.00124983,0.00317512,
50010,214.962972,-0.00144369,0.00373307,
50010,306.013837,-0.00168222,0.00439057,
50010,408.903825,-0.00194717,0.00512191,
50010,509.934293,-0.00219192,0.00580537,
50210,601.120775,-0.0027196,0.00721096,
50210,713.203406,-0.00274043,0.00725105,
50210,708.054283,-0.00267234,0.00707386,
50210,656.220141,-0.00251524,0.00665321,
50210,578.621202,-0.00230679,0.00607032,
50210,485.782798,-0.00207003,0.00540727,
50210,388.032135,-0.00182261,0.00471346,
50210,287.905095,-0.00157123,0.00400803,
50210,196.873563,-0.00135876,0.00341552,
50210,127.230556,-0.00118909,0.00295628,
50210,83.105935,-0.00110605,0.00271373,
50210,73.633753,-0.00109479,0.00268648,
50210,88.897443,-0.00116185,0.00285902,
50210,137.610832,-0.00129926,0.00325888,
50210,218.377982,-0.00150345,0.00383388,
50210,306.762531,-0.00172619,0.00446336,
50210,407.812179,-0.00200356,0.00520883,
50210,511.914716,-0.00224967,0.00590961,
50410,603.062559,-0.00241153,0.0064942,
50410,673.546484,-0.0025688,0.00692908,
50410,713.203406,-0.00265918,0.00716774,
50410,724.018498,-0.00266908,0.00720375,
50410,709.628968,-0.00261122,0.00703794,
50410,654.539191,-0.0024451,0.00659169,
50410,577.901487,-0.0022468,0.00602345,
50410,486.46387,-0.00201111,0.00535946,
50410,387.877566,-0.0017594,0.00465655,
50410,285.687994,-0.00150637,0.00396248,
50410,197.317949,-0.00129414,0.00337047,
50410,126.675074,-0.00112304,0.00290644,
50410,84.970424,-0.00104578,0.00269236,
50410,73.203858,-0.00102995,0.00263903,
50410,88.076295,-0.00109213,0.0028098,
50410,141.677929,-0.00124407,0.00323924,
50410,217.440907,-0.00143893,0.00378442,
50410,306.921931,-0.00167137,0.00443932,
50410,412.79704,-0.00193815,0.00517554,
50410,511.402704,-0.00218155,0.00585999,
50610,601.463727,-0.00244143,0.00649683,
50610,674.348317,-0.00260705,0.00695013,
50610,713.493225,-0.00269443,0.00717803,
50610,724.506361,-0.0027027,0.00721638,
50610,707.99632,-0.00263954,0.00703839,
50610,654.051329,-0.00247579,0.00659721,
50610,577.558535,-0.00227518,0.00603119,
50610,485.536453,-0.00203865,0.00536775,
50610,385.819862,-0.00177659,0.00465875,
50610,286.422197,-0.0015347,0.00397498,
50610,197.670559,-0.00131715,0.00337545,
50610,123.989437,-0.00115483,0.0029115,
50610,83.907762,-0.00107668,0.0026979,
50610,74.401768,-0.00105713,0.00265457,
50610,86.496793,-0.00111995,0.00281366,
50610,141.70691,-0.00127135,0.00325718,
50610,219.131507,-0.00146334,0.00378934,
50610,308.7671,-0.00169563,0.00445558,
50610,411.584637,-0.00197201,0.00519181,
50610,510.972807,-0.00221157,0.00586579,
50810,602.531225,-0.00241679,0.00649648,
50810,673.730036,-0.00258637,0.00694326,
50810,713.41111,-0.00267237,0.00717116,
50810,723.153871,-0.0026776,0.00720194,
50810,708.474521,-0.00261987,0.007029,
50810,653.43788,-0.00245908,0.00659287,
50810,575.43803,-0.00226007,0.00601861,
50810,484.309557,-0.00201728,0.0053578,
50810,383.940879,-0.00175166,0.00463948,
50810,283.668934,-0.00151415,0.00396053,
50810,196.83009,-0.00129568,0.00337401,
50810,123.839699,-0.0011366,0.00290079,
50810,84.661286,-0.00105184,0.00268811,
50810,73.213519,-0.00104696,0.00264157,
50810,89.477076,-0.00110341,0.00282128,
50810,142.228581,-0.00125188,0.00324357,
50810,218.938295,-0.00144598,0.00379053,
50810,308.656004,-0.00168016,0.00445834,
50810,413.024064,-0.00195252,0.00518629,
50810,510.876201,-0.00218379,0.005865,
51010,602.309031,-0.00240875,0.0065534,
51010,678.140116,-0.00257459,0.00699925,
51010,713.628475,-0.00265487,0.00721538,
51010,725.308195,-0.00267117,0.00726108,
51010,708.643583,-0.00259648,0.00706855,
51010,653.273649,-0.00244396,0.00663609,
51010,577.399135,-0.0022388,0.00606587,
51010,482.07796,-0.00199599,0.00538164,
51010,384.679914,-0.00173994,0.00469128,
51010,284.866845,-0.00149427,0.00400162,
51010,194.559857,-0.00128042,0.00340567,
51010,124.858888,-0.00112156,0.00295706,
51010,83.18322,-0.00103978,0.00271496,
51010,71.629187,-0.00102929,0.0026915,
51010,90.05671,-0.00109693,0.00288156,
51010,139.117879,-0.0012355,0.00327538,
51010,220.131375,-0.00143851,0.00385831,
51010,310.520494,-0.0016649,0.00450009,
51010,411.922757,-0.00193839,0.00523647,
51010,514.136654,-0.00218435,0.00592342,
51210,606.062181,-0.00240776,0.00659237,
51210,675.642842,-0.0025749,0.00702775,
51210,714.198452,-0.00265312,0.00725264,
51210,725.472426,-0.00266664,0.00729321,
51210,707.117201,-0.00259748,0.00710064,
51210,653.534486,-0.00243776,0.0066639,
51210,575.259309,-0.00223666,0.00610084,
51210,483.676788,-0.00198809,0.00541166,
51210,384.535005,-0.00173004,0.00471882,
51210,283.789692,-0.00149186,0.00402802,
51210,196.086227,-0.00126627,0.00343611,
51210,123.631997,-0.00110608,0.00297109,
51210,83.888441,-0.00103596,0.0027651,
51210,72.324747,-0.00102276,0.00272449,
51210,90.631514,-0.00108338,0.00290794,
51210,141.397772,-0.00122994,0.00332264,
51210,222.058658,-0.00142608,0.00388991,
51210,310.689554,-0.00165864,0.00453597,
51210,415.09626,-0.00193905,0.00528364,
51410,513.803363,-0.00220116,0.00584288,
51410,603.043238,-0.00243365,0.00647259,
51410,678.729414,-0.00259868,0.00691785,
51410,712.498179,-0.00267553,0.00714246,
51410,724.718895,-0.00269066,0.00717075,
51410,708.112247,-0.00262059,0.00698728,
51410,653.539316,-0.00246128,0.00655133,
51410,575.336594,-0.00225557,0.00597359,
51410,481.440361,-0.00201738,0.00531055,
51410,384.12926,-0.00175806,0.00460014,
51410,281.891389,-0.00150548,0.00391074,
51410,123.129647,-0.00129843,0.00333123,
51410,81.507112,-0.00113113,0.00286459,
51410,72.701509,-0.00106044,0.00264454,
51410,90.22094,-0.00104398,0.0026167,
51410,140.880932,-0.00109946,0.00279508,
51410,222.570668,-0.00126242,0.00321839,
51410,311.520364,-0.00145098,0.00377634,
51410,413.584378,-0.00168884,0.00442976,
51410,515.53261,-0.00195538,0.00517102,
51610,605.960744,-0.00242847,0.00648442,
51610,677.521835,-0.00258872,0.00692943,
51610,714.45929,-0.00267156,0.00715079,
51610,725.100491,-0.00268186,0.00718407,
51610,707.576082,-0.00261411,0.00698892,
51610,652.181998,-0.00245838,0.00655069,
51610,575.27863,-0.00225246,0.00598079,
51610,483.019868,-0.00200359,0.00530578,
51610,381.264898,-0.00175214,0.00459829,
51610,281.640215,-0.00150646,0.00390919,
51610,195.332703,-0.00129625,0.00332934,
51610,123.308368,-0.00112855,0.00285838,
51610,81.63753,-0.00104961,0.00264255,
51610,73.256992,-0.00104114,0.00262449,
51610,91.660364,-0.00110516,0.00280109,
51610,141.610305,-0.00125673,0.00322319,
51610,222.029677,-0.00145284,0.00378259,
51610,313.259267,-0.00169307,0.00445456,
51610,415.11075,-0.00196209,0.0051697,
51810,676.116213,-0.00261151,0.00690373,
51810,715.449506,-0.00269469,0.00713302,
51810,724.071632,-0.0027054,0.00715396,
51810,706.0497,-0.00263323,0.00695233,
51810,650.795698,-0.00248388,0.00652047,
51810,574.153169,-0.00227073,0.0059551,
51810,481.976524,-0.00202279,0.00527085,
51810,381.936309,-0.00176998,0.00457129,
51810,281.954183,-0.00152383,0.00388464,
51810,194.685445,-0.00132192,0.00329769,
51810,121.511503,-0.00115034,0.00283136,
51810,84.183088,-0.00108537,0.00263211,
51810,73.116913,-0.00106908,0.00259619,
51810,90.882688,-0.00112313,0.00277653,
51810,143.06422,-0.00128631,0.00321608,
51810,223.048866,-0.00148182,0.00376162,
51810,312.244907,-0.00170615,0.00442854,
51810,415.975373,-0.0019879,0.00516574,
52010,514.72595,-0.00197173,0.00521113,
52010,607.830074,-0.00220924,0.00588694,
52010,676.763475,-0.00243942,0.00651574,
52010,714.531745,-0.00259977,0.00695258,
52010,724.105444,-0.0026741,0.00716517,
52010,706.170458,-0.002694,0.00720032,
52010,651.418808,-0.00261413,0.00699858,
52010,573.05669,-0.00245996,0.00656572,
52010,481.213337,-0.00224868,0.00598622,
52010,380.245707,-0.00201039,0.0053072,
52010,282.543478,-0.00175642,0.00460584,
52010,192.420042,-0.00129552,0.00332841,
52010,122.32299,-0.00113575,0.00288516,
52010,82.854761,-0.00105152,0.00266197,
52010,73.556469,-0.00105273,0.00263963,
52010,90.892349,-0.00111407,0.00282109,
52010,142.851687,-0.00126607,0.00325099,
52010,223.729936,-0.00147419,0.0038157,
52010,312.998431,-0.00170447,0.00447133,
52010,416.052657,-0.00197374,0.00520554,
52210,515.875562,-0.00222156,0.00593927,
52210,607.390516,-0.00244989,0.00657677,
52210,678.342989,-0.00261358,0.00700425,
52210,716.801996,-0.00269654,0.00722558,
52210,723.482333,-0.00269852,0.00724872,
52210,707.059237,-0.0026338,0.00705748,
52210,651.051704,-0.00246965,0.00661013,
52210,572.332144,-0.00226116,0.00602906,
52210,481.638403,-0.00201645,0.00536207,
52210,378.864244,-0.00176409,0.00464594,
52210,280.147656,-0.00151583,0.00396315,
52210,192.975525,-0.00129981,0.00337724,
52210,120.0914,-0.00114593,0.00292291,
52210,81.531264,-0.00106621,0.00270962,
52210,72.416523,-0.00105669,0.00269132,
52210,89.810366,-0.00112074,0.0028704,
52210,143.75495,-0.00128053,0.00330912,
52210,223.860354,-0.00147904,0.00386312,
52210,312.186943,-0.00170476,0.0045127,
52210,418.786603,-0.00198612,0.00527397,
52410,515.04475,-0.00221512,0.00588214,
52410,607.834904,-0.00244462,0.00651798,
52410,679.632684,-0.00260791,0.00695613,
52410,714.517254,-0.00267981,0.00716341,
52410,725.284043,-0.00269674,0.00719868,
52410,707.431172,-0.0026239,0.00699063,
52410,649.76201,-0.00246116,0.00655062,
52410,572.728229,-0.002254,0.00598153,
52410,478.189571,-0.00201315,0.00529346,
52410,380.081477,-0.00175296,0.00458702,
52410,279.162278,-0.00150812,0.00390758,
52410,192.429703,-0.00130394,0.00332361,
52410,120.308763,-0.00113463,0.00285742,
52410,80.768079,-0.00107291,0.00266331,
52410,74.638452,-0.00105231,0.00263044,
52410,89.800705,-0.00111683,0.00281111,
52410,145.382755,-0.00126907,0.00325573,
52410,223.913487,-0.00146648,0.00380617,
52410,313.940337,-0.00170963,0.00446824,
52410,419.641565,-0.00198455,0.00522225,
52610,518.276221,-0.00224449,0.0059116,
52610,608.424202,-0.00246442,0.00654042,
52610,678.9661,-0.00262594,0.00697635,
52610,715.280445,-0.002702,0.00718425,
52610,724.844484,-0.00270929,0.00720787,
52610,706.252574,-0.00264511,0.00701335,
52610,648.047249,-0.00247505,0.00655686,
52610,572.187235,-0.00227751,0.00598945,
52610,479.928478,-0.00202746,0.00531442,
52610,378.617899,-0.00177064,0.00459516,
52610,277.84361,-0.0015281,0.00393217,
52610,190.975788,-0.001317,0.00333211,
52610,121.047796,-0.00115449,0.00288418,
52610,81.603718,-0.00107756,0.0026737,
52610,72.561431,-0.00107213,0.00265627,
52610,91.713497,-0.00113967,0.00284985,
52610,145.513172,-0.00149327,0.00383307,
52610,312.829371,-0.00172476,0.00450404,
52610,420.453054,-0.00200253,0.00524682,
52810,517.28601,-0.00221744,0.00591551,
52810,607.878377,-0.00244722,0.00654271,
52810,680.299268,-0.0026053,0.00697593,
52810,715.024438,-0.00268322,0.00719273,
52810,724.675422,-0.00269009,0.00720935,
52810,705.856487,-0.00261202,0.00700993,
52810,648.955348,-0.00245513,0.00656806,
52810,571.863604,-0.00225029,0.0059899,
52810,476.286433,-0.00200375,0.00529245,
52810,378.289439,-0.00174841,0.00460865,
52810,278.621286,-0.0015008,0.00391617,
52810,190.642498,-0.00128752,0.00333448,
52810,120.830433,-0.0011313,0.0028899,
52810,82.1592,-0.00105174,0.00267109,
52810,72.575922,-0.00104691,0.00265623,
52810,92.96454,-0.00111791,0.00285253,
52810,146.368132,-0.00127701,0.00329206,
52810,225.217664,-0.00147752,0.00384622,
52810,314.732504,-0.00169938,0.00450588,
52810,418.351877,-0.00197593,0.00524877,
53010,519.039409,-0.00222378,0.00595683,
53010,607.627201,-0.00244904,0.00657584,
53010,680.115716,-0.00261057,0.00702346,
53010,715.695852,-0.00268873,0.00722212,
53010,725.158455,-0.00269981,0.00724242,
53010,706.474768,-0.00262375,0.00704765,
53010,646.970089,-0.00245044,0.00658787,
53010,570.197149,-0.00224468,0.00601649,
53010,475.532907,-0.00201139,0.00534,
53010,377.79675,-0.00175029,0.00463522,
53010,277.230164,-0.00150529,0.00395014,
53010,192.086753,-0.00129856,0.00337628,
53010,118.88383,-0.00113676,0.00290834,
53010,81.270428,-0.00106563,0.00271568,
53010,74.363126,-0.00105805,0.00269921,
53010,91.457492,-0.00112374,0.00288797,
53010,145.440718,-0.00128114,0.00332551,
53010,226.091945,-0.0014753,0.00389071,
53010,314.143209,-0.0017053,0.00453705,
53010,421.409452,-0.00199498,0.00529494,
53210,519.614215,-0.0022546,0.00592625,
53210,609.882956,-0.00247762,0.00654476,
53210,679.888691,-0.0026426,0.00698487,
53210,716.381758,-0.0027155,0.0071833,
53210,723.574109,-0.00272212,0.00720458,
53210,704.914575,-0.00265072,0.0069997,
53210,649.283809,-0.002483,0.00655339,
53210,569.632003,-0.00227395,0.00596686,
53210,473.798831,-0.00202832,0.00528234,
53210,378.366724,-0.00177994,0.0045926,
53210,276.539433,-0.0015353,0.00390582,
53210,190.579705,-0.00131856,0.0033164,
53210,117.68592,-0.00115602,0.00286208,
53210,81.352543,-0.00109516,0.002673,
53210,73.715868,-0.00108149,0.0026441,
53210,90.095353,-0.0011435,0.00283244,
53210,147.36317,-0.001304,0.00328437,
53210,227.405782,-0.00150651,0.00383529,
53210,314.867752,-0.00174132,0.0044934,
53210,422.19679,-0.00202431,0.00524656,
53410,518.638494,-0.00221902,0.00597921,
53410,611.955159,-0.00245018,0.00660666,
53410,680.444177,-0.00260211,0.00702602,
53410,714.618691,-0.00267597,0.0072346,
53410,726.163162,-0.00268345,0.00726093,
53410,704.484676,-0.00260899,0.0070527,
53410,648.163176,-0.00243925,0.00660094,
53410,570.2213,-0.00224179,0.00601882,
53410,474.045176,-0.00199645,0.00533501,
53410,377.381345,-0.00174231,0.00464899,
53410,275.549225,-0.00149646,0.00394896,
53410,188.150072,-0.00128377,0.00336859,
53410,121.366595,-0.00113171,0.00293767,
53410,80.386487,-0.00104928,0.00271701,
53410,74.049158,-0.00104364,0.00271133,
53410,93.254357,-0.00112269,0.00290701,
53410,149.005466,-0.00126704,0.00334566,
53410,228.038549,-0.00147794,0.00390832,
53410,316.693601,-0.00171137,0.0045725,
53410,422.897182,-0.00198197,0.0053031,
53610,519.87022,-0.00222361,0.00595179,
53610,611.220951,-0.0024553,0.00657725,
53610,680.714675,-0.00261357,0.0070103,
53610,716.56048,-0.00268862,0.0072051,
53610,723.690036,-0.00270108,0.0072302,
53610,704.417052,-0.00261885,0.00702081,
53610,648.549601,-0.00245154,0.00656736,
53610,566.873899,-0.002243,0.00598152,
53610,474.504054,-0.00199871,0.00531365,
53610,376.410457,-0.00174654,0.00459914,
53610,274.597659,-0.00150727,0.00392405,
53610,189.439758,-0.0012968,0.00334277,
53610,118.574692,-0.00114031,0.00290213,
53610,81.941837,-0.0010727,0.00270308,
53610,73.334276,-0.00105689,0.0026723,
53610,92.177204,-0.00112997,0.00288507,
53610,149.24215,-0.00128518,0.00332627,
53610,227.507218,-0.00148914,0.00388189,
53610,317.505089,-0.00172532,0.00454933,
53610,424.568464,-0.00199792,0.00530043,
53810,521.604298,-0.00224884,0.00598712,
53810,610.515726,-0.00247401,0.00661264,
53810,682.690275,-0.00263192,0.00704212,
53810,714.324041,-0.00270036,0.00722999,
53810,722.772275,-0.00271702,0.00726089,
53810,704.827629,-0.00263032,0.00704926,
53810,646.641628,-0.00245845,0.00658127,
53810,568.202232,-0.0022699,0.00602799,
53810,473.827812,-0.00200786,0.00532076,
53810,372.333692,-0.00175629,0.00462085,
53810,277.418545,-0.00152428,0.00396304,
53810,188.150072,-0.00130597,0.00335901,
53810,116.550804,-0.00115584,0.00292396,
53810,82.762985,-0.00108457,0.00273218,
53810,72.957514,-0.00106798,0.00270156,
53810,92.133731,-0.00114654,0.00292118,
53810,149.362907,-0.00129649,0.00335055,
53810,226.415574,-0.00150868,0.00391514,
53810,318.398692,-0.00173325,0.0045843,
53810,424.133737,-0.00201256,0.0053263,
54010,523.169316,-0.00223424,0.00596609,
54010,612.655553,-0.00245749,0.00658085,
54010,680.540784,-0.00260914,0.00700309,
54010,715.797289,-0.00268168,0.00721102,
54010,723.796304,-0.0026891,0.0072186,
54010,704.431543,-0.00262024,0.00701204,
54010,645.578958,-0.00244541,0.00654894,
54010,567.009147,-0.00224155,0.00597506,
54010,472.48982,-0.00199009,0.00528177,
54010,373.821421,-0.00174083,0.00458494,
54010,273.211367,-0.0015009,0.00390286,
54010,186.203469,-0.00128774,0.00332387,
54010,119.188138,-0.00113683,0.00288741,
54010,79.719908,-0.00105891,0.00268344,
54010,73.170046,-0.00106151,0.00267348,
54010,91.317414,-0.00112472,0.00286734,
54010,148.565911,-0.00128675,0.00332467,
54010,229.347556,-0.00148118,0.00388062,
54010,318.104045,-0.00171563,0.00453193,
54010,423.307757,-0.00198524,0.00529223,
54210,524.072582,-0.002227,0.00600014,
54210,612.162862,-0.00244879,0.00660939,
54210,679.73412,-0.00260841,0.00703017,
54210,718.139995,-0.00268106,0.00723781,
54210,723.89291,-0.00268836,0.00724849,
54210,703.94368,-0.00261321,0.00703365,
54210,644.139525,-0.00244088,0.00657412,
54210,566.946353,-0.00223314,0.00600391,
54210,470.982767,-0.00198364,0.00529878,
54210,373.352883,-0.00172813,0.00460855,
54210,272.994004,-0.00149213,0.00391947,
54210,186.710648,-0.00128201,0.00335331,
54210,116.613598,-0.00112745,0.00290079,
54210,79.681266,-0.00105436,0.00270646,
54210,73.624093,-0.00105031,0.00269819,
54210,92.524984,-0.00111982,0.00289413,
54210,149.449852,-0.00128148,0.0033535,
54210,229.676015,-0.00148263,0.0039129,
54210,318.823757,-0.00171311,0.0045663,
54210,424.080604,-0.00199231,0.00532022,
54410,525.270497,-0.00224876,0.006035,
54410,614.032192,-0.00247223,0.0066318,
54410,680.226813,-0.00262458,0.0070538,
54410,717.990255,-0.00270643,0.00725951,
54410,724.665762,-0.00270896,0.00726781,
54410,703.740807,-0.00263137,0.00705057,
54410,645.279479,-0.00245647,0.00659689,
54410,565.78225,-0.002249,0.00600287,
54410,471.572064,-0.00200922,0.00532703,
54410,373.502622,-0.00176003,0.00462474,
54410,272.950532,-0.00151001,0.0039457,
54410,186.512607,-0.00129824,0.00336336,
54410,117.710071,-0.00114892,0.00292726,
54410,80.202936,-0.0010758,0.00272288,
54410,93.471719,-0.00115325,0.00293102,
54410,150.116431,-0.00130501,0.00337831,
54410,230.250819,-0.00151062,0.00394159,
54410,319.891251,-0.0017457,0.00460256,
54410,425.882304,-0.00201801,0.00534366,
54610,525.376764,-0.00224285,0.00601987,
54610,612.853596,-0.00246984,0.00662912,
54610,682.753069,-0.00261471,0.00705207,
54610,716.198206,-0.00269447,0.00724951,
54610,723.405047,-0.00269792,0.00726257,
54610,703.117695,-0.00261824,0.00703914,
54610,643.656494,-0.00244601,0.00658375,
54610,564.777546,-0.00224012,0.00600337,
54610,470.630156,-0.00199054,0.00530956,
54610,372.266068,-0.00174068,0.00461805,
54610,272.182516,-0.00149956,0.00393559,
54610,186.652685,-0.0012939,0.00335911,
54610,115.898716,-0.00113159,0.00292279,
54610,82.888573,-0.00106987,0.00273237,
54610,72.088063,-0.00106457,0.00270848,
54610,95.650176,-0.00113835,0.0029351,
54610,150.483532,-0.00129515,0.00337491,
54610,229.618052,-0.00149377,0.00392894,
54610,320.007178,-0.00173662,0.00461063,
54610,427.978651,-0.00200346,0.00534954,
54810,524.347909,-0.00224572,0.00598951,
54810,615.606873,-0.00245953,0.00660572,
54810,682.487402,-0.00261739,0.007021,
54810,716.333455,-0.00269091,0.00721575,
54810,723.29395,-0.00270178,0.00723233,
54810,703.755298,-0.00261627,0.00700241,
54810,643.337693,-0.00245088,0.00654588,
54810,567.352099,-0.00224647,0.00596939,
54810,469.857308,-0.00199502,0.00527391,
54810,369.720505,-0.00173462,0.00457211,
54810,272.960192,-0.00150612,0.0039101,
54810,183.783497,-0.00128476,0.00330552,
54810,115.782789,-0.0011378,0.00289006,
54810,81.381525,-0.00106217,0.00269329,
54810,73.455033,-0.00105138,0.00267555,
54810,95.03673,-0.00113591,0.00289683,
54810,150.126092,-0.00128718,0.00333925,
54810,322.494776,-0.00149959,0.0039083,
54810,427.790269,-0.00173928,0.004581,
55010,524.613576,-0.00226239,0.00603037,
55010,615.181806,-0.00247252,0.00665207,
55010,684.192504,-0.0026307,0.00706674,
55010,714.889189,-0.00269779,0.00724349,
55010,724.404924,-0.00271806,0.00727683,
55010,703.48963,-0.00262627,0.00704276,
55010,641.738859,-0.00244556,0.00657353,
55010,565.63734,-0.00225268,0.00601197,
55010,469.243861,-0.00199591,0.00530208,
55010,368.150661,-0.0017455,0.00460776,
55010,272.878077,-0.00150857,0.00393464,
55010,183.648249,-0.00129261,0.00334551,
55010,115.333573,-0.00114815,0.00292196,
55010,82.342751,-0.00106599,0.00273014,
55010,71.85138,-0.00106371,0.00271332,
55010,94.486078,-0.00114454,0.00294625,
55010,152.570214,-0.00130867,0.00338717,
55010,229.656694,-0.0015066,0.00394085,
55010,323.001956,-0.00175083,0.00462537,
55010,427.418337,-0.00201749,0.00535323,
55210,525.63277,-0.00225189,0.0060313,
55210,615.790425,-0.00247617,0.00664936,
55210,682.443929,-0.00263108,0.00705764,
55210,715.691022,-0.00270068,0.0072511,
55210,723.235986,-0.00262736,0.00703933,
55210,642.666279,-0.00244255,0.00657005,
55210,563.429891,-0.00224281,0.00599892,
55210,468.041117,-0.00199716,0.00529977,
55210,368.459799,-0.0017406,0.00459927,
55210,269.656277,-0.0014955,0.00392327,
55210,183.938066,-0.00129357,0.00336429,
55210,114.739448,-0.00112878,0.0029066,
55210,78.38675,-0.00106895,0.00272543,
55210,73.691717,-0.00107148,0.00272284,
55210,95.244432,-0.00114792,0.00292566,
55210,151.753897,-0.00130274,0.00339082,
55210,233.187631,-0.00151285,0.00395508,
55210,322.871538,-0.00175081,0.00461442,
55210,427.973821,-0.00202106,0.00536308,
55410,527.453793,-0.00224991,0.00601558,
55410,616.886905,-0.00246792,0.00662838,
55410,683.443805,-0.00262147,0.00704032,
55410,717.521714,-0.00269562,0.00723407,
55410,722.781936,-0.00269513,0.00723721,
55410,700.282297,-0.002615,0.00701778,
55410,643.414978,-0.00244878,0.00655981,
55410,562.444509,-0.00223416,0.00595896,
55410,467.060567,-0.00199816,0.00528806,
55410,370.990871,-0.00173345,0.00457884,
55410,269.129776,-0.00149156,0.00390624,
55410,183.49368,-0.00128175,0.00333827,
55410,115.372215,-0.00113144,0.00290655,
55410,78.280484,-0.00105956,0.00271224,
55410,74.329314,-0.00106017,0.00271963,
55410,95.732291,-0.00113051,0.00292641,
55410,153.01943,-0.00129833,0.00339108,
55410,233.052383,-0.00150699,0.00395231,
55410,325.446081,-0.0017392,0.0046213,
55410,429.427739,-0.00200224,0.00535489,
55610,528.951187,-0.00225223,0.00606388,
55610,615.413661,-0.00246966,0.00666756,
55610,685.414574,-0.002631,0.00709649,
55610,718.347699,-0.00269401,0.00727277,
55610,722.342376,-0.00270099,0.0072763,
55610,702.702288,-0.00260724,0.00705074,
55610,642.796698,-0.00244373,0.00658739,
55610,561.02923,-0.00223704,0.00599611,
55610,468.620752,-0.00199331,0.00532218,
55610,368.730296,-0.00173842,0.00460481,
55610,267.303929,-0.00149182,0.00393792,
55610,184.334149,-0.00128549,0.00336516,
55610,113.841016,-0.00112859,0.00292044,
55610,80.908157,-0.00106465,0.00274499,
55610,74.696415,-0.00106482,0.00274624,
55610,95.384511,-0.0011366,0.00295004,
55610,154.202849,-0.00130085,0.00342776,
55610,234.974836,-0.00150398,0.0039752,
55610,322.56723,-0.00173886,0.00464586,
55610,431.939492,-0.0020207,0.00540243,
55810,525.946739,-0.00227166,0.0059877,
55810,619.181303,-0.00249931,0.00662048,
55810,685.057131,-0.00264958,0.00701494,
55810,717.120797,-0.00271523,0.00719821,
55810,725.269552,-0.00272262,0.0072174,
55810,702.059855,-0.00263183,0.00697969,
55810,641.159222,-0.00246534,0.00651159,
55810,562.710176,-0.0022576,0.00592593,
55810,466.62101,-0.00200975,0.00523838,
55810,368.213455,-0.00175318,0.00454269,
55810,268.294137,-0.00151585,0.00386224,
55810,182.29577,-0.00131034,0.00329697,
55810,115.729656,-0.00115295,0.00287329,
55810,80.584528,-0.0010964,0.00267309,
55810,73.817304,-0.00108728,0.00267806,
55810,96.099392,-0.00115833,0.00289755,
55810,154.130395,-0.00132711,0.00336423,
55810,234.665698,-0.0015297,0.00391875,
55810,324.653914,-0.00176713,0.00459618,
55810,430.548367,-0.00203001,0.00533051,
56010,528.120375,-0.00226382,0.00600525,
56010,619.094357,-0.00248867,0.00661924,
56010,683.772266,-0.0026286,0.00700924,
56010,715.352899,-0.00270239,0.00721023,
56010,724.912108,-0.00270886,0.00722131,
56010,699.581901,-0.00260953,0.0069678,
56010,640.743815,-0.00244721,0.00651974,
56010,560.903642,-0.00223205,0.005918,
56010,466.722446,-0.00199344,0.0052444,
56010,366.904446,-0.00173332,0.00453009,
56010,268.096095,-0.00149972,0.00386809,
56010,182.382715,-0.00129706,0.00329578,
56010,113.691277,-0.00113922,0.00286111,
56010,79.304504,-0.00106828,0.00268124,
56010,74.889627,-0.00106907,0.00268178,
56010,95.693649,-0.00114374,0.0029081,
56010,155.709897,-0.00131152,0.00336665,
56010,233.540242,-0.00151273,0.00391828,
56010,326.455611,-0.00175284,0.00460947,
56010,434.059991,-0.00202378,0.00534503,
56210,529.434217,-0.00226838,0.00603295,
56210,618.195919,-0.00249291,0.00662755,
56210,685.032979,-0.00264233,0.00704182,
56210,716.990379,-0.00271032,0.00723009,
56210,723.023452,-0.00271426,0.00722959,
56210,700.02629,-0.00262708,0.00699194,
56210,640.425014,-0.00245742,0.00652677,
56210,559.691235,-0.00223982,0.00593507,
56210,464.302468,-0.00199687,0.00524656,
56210,367.363324,-0.00175095,0.00455994,
56210,266.419986,-0.00150455,0.00386458,
56210,181.962481,-0.00130662,0.00331875,
56210,115.62822,-0.00115282,0.00288021,
56210,78.526829,-0.00108268,0.00269007,
56210,75.990931,-0.00108492,0.00270554,
56210,97.678894,-0.00115997,0.00293052,
56210,154.511988,-0.00132376,0.00338373,
56210,235.409562,-0.00152686,0.00394829,
56210,326.035376,-0.00176411,0.00461611,
56210,530.516204,-0.00227745,0.00603128,
56410,528.511629,-0.00226516,0.00603966,
56410,620.301935,-0.00249688,0.00668261,
56410,686.482075,-0.00263749,0.00706977,
56410,716.773014,-0.00270149,0.0072506,
56410,724.168238,-0.00270389,0.00726162,
56410,700.789481,-0.00261681,0.00701117,
56410,639.053205,-0.00245129,0.00655463,
56410,560.290193,-0.00223955,0.00595778,
56410,465.012521,-0.00199321,0.00527428,
56410,364.79361,-0.00172959,0.00456867,
56410,267.096226,-0.00150157,0.00389286,
56410,181.083369,-0.0012896,0.0033281,
56410,113.536708,-0.00114461,0.00289758,
56410,78.908421,-0.00107242,0.0027228,
56410,72.624225,-0.00107654,0.00271118,
56410,96.070411,-0.00115618,0.00295178,
56410,156.555197,-0.00131343,0.0034051,
56410,235.510998,-0.00151974,0.00397463,
56410,328.730676,-0.00175835,0.00465326,
56410,431.978134,-0.00202967,0.00538088,
56610,621.31147,-0.00251454,0.00669892,
56610,686.235729,-0.00265631,0.00709461,
56610,717.425108,-0.0027292,0.00726886,
56610,724.18756,-0.00273319,0.00727822,
56610,701.127603,-0.0026418,0.0070327,
56610,639.372006,-0.0024603,0.00656076,
56610,560.096981,-0.00225945,0.00597295,
56610,463.148027,-0.00200694,0.00527545,
56610,365.667892,-0.00175281,0.00458424,
56610,264.27534,-0.00151985,0.0039018,
56610,180.450602,-0.00131339,0.00334117,
56610,113.101983,-0.00115854,0.00291489,
56610,78.241842,-0.00108972,0.00273187,
56610,74.160254,-0.00109357,0.00273735,
56610,97.447041,-0.00117864,0.00296876,
56610,155.999714,-0.0013374,0.00342234,
56610,234.936194,-0.00154108,0.00398982,
56610,329.46005,-0.00178941,0.00467314,
56610,433.417562,-0.0020577,0.00540846,
56810,530.632132,-0.00226545,0.00606861,
56810,621.277658,-0.00248958,0.00668035,
56810,685.317968,-0.00263877,0.00706849,
56810,717.743909,-0.00270235,0.00725703,
56810,723.376065,-0.00270384,0.00726313,
56810,699.813756,-0.00260567,0.00700757,
56810,638.82135,-0.00244018,0.00654956,
56810,559.406247,-0.00222904,0.00594913,
56810,462.795415,-0.00197932,0.00526332,
56810,364.392696,-0.00172771,0.00456391,
56810,264.917768,-0.00148323,0.00388384,
56810,179.349298,-0.00129029,0.00332891,
56810,113.459424,-0.00112993,0.00290066,
56810,77.874741,-0.00106215,0.00271273,
56810,75.696284,-0.00106463,0.00273294,
56810,97.60161,-0.00115029,0.00295244,
56810,154.449194,-0.00130723,0.00341577,
56810,237.877837,-0.0015177,0.0039914,
56810,329.059136,-0.00175182,0.00465445,
56810,436.450986,-0.00202799,0.00541067,
57010,532.907204,-0.00231025,0.0061389,
57010,622.634975,-0.00252869,0.00673694,
57010,685.627108,-0.00267544,0.00713782,
57010,718.333208,-0.00273734,0.00731534,
57010,723.318102,-0.00274257,0.00731149,
57010,698.697952,-0.00266464,0.00707502,
57010,639.999947,-0.00247796,0.00659652,
57010,556.556368,-0.00226385,0.0060022,
57010,462.322046,-0.00202781,0.00532148,
57010,363.663322,-0.00176653,0.00460732,
57010,263.632912,-0.00152609,0.00394284,
57010,180.977103,-0.00132932,0.00337727,
57010,111.971697,-0.00117065,0.00295317,
57010,79.019517,-0.00110984,0.00278773,
57010,72.851248,-0.00111674,0.00278285,
57010,98.741556,-0.00119563,0.00301308,
57010,154.941883,-0.00135969,0.00347957,
57010,237.59768,-0.00156389,0.00404662,
57010,329.097778,-0.00180032,0.00472386,
57010,435.52357,-0.00207346,0.00545979,
57210,531.873519,-0.00230101,0.00611501,
57210,623.750777,-0.00251937,0.00672516,
57210,686.926464,-0.00267414,0.00712083,
57210,719.531128,-0.00272436,0.00729238,
57210,724.419415,-0.00273194,0.00729048,
57210,699.842738,-0.00264404,0.00704293,
57210,639.251248,-0.00247237,0.00657721,
57210,557.643186,-0.00225521,0.00597019,
57210,461.611993,-0.00200665,0.00528814,
57210,363.160972,-0.0017481,0.00458598,
57210,264.27051,-0.00150978,0.00390848,
57210,179.310656,-0.00130364,0.00334788,
57210,111.85577,-0.00114935,0.00292348,
57210,78.816645,-0.00109408,0.00274363,
57210,75.073177,-0.0010918,0.00275101,
57210,97.355265,-0.00117361,0.0029895,
57210,158.873732,-0.00133909,0.00345705,
57210,239.104729,-0.00154394,0.00401758,
57210,330.46958,-0.00178873,0.00469547,
57210,438.093286,-0.00204682,0.00544773,
57410,532.931355,-0.00228816,0.00610484,
57410,623.514092,-0.00250947,0.00671415,
57410,685.79617,-0.00264458,0.00709856,
57410,718.676161,-0.00271909,0.00728794,
57410,722.762614,-0.00270975,0.00728047,
57410,698.432285,-0.00262432,0.00702233,
57410,637.014813,-0.00245314,0.00655859,
57410,558.65272,-0.00224061,0.00597069,
57410,459.419038,-0.00173626,0.00457193,
57410,264.27534,-0.00149561,0.00390399,
57410,179.131935,-0.00128838,0.00333439,
57410,110.368044,-0.00114569,0.0029209,
57410,79.188577,-0.00108497,0.00275109,
57410,74.189236,-0.00108206,0.00274641,
57410,97.683725,-0.00117009,0.00299001,
57410,160.941093,-0.00133745,0.00347626,
57410,237.568699,-0.00153233,0.004018,
57410,331.445298,-0.0017817,0.00471031,
57410,438.020832,-0.00204839,0.00544401,
57610,534.2935,-0.00228355,0.00607749,
57610,620.910554,-0.00250318,0.00669431,
57610,689.708728,-0.00265675,0.00709101,
57610,716.425231,-0.00271839,0.00725275,
57610,722.366528,-0.00271659,0.00725585,
57610,698.982941,-0.00262484,0.00701072,
57610,635.440131,-0.0024433,0.00651344,
57610,554.604925,-0.00223691,0.00593749,
57610,461.631314,-0.00199353,0.00524822,
57610,359.683164,-0.00173122,0.00453347,
57610,262.309414,-0.00150434,0.00388274,
57610,177.344731,-0.00129486,0.00330875,
57610,109.430969,-0.00114039,0.00288357,
57610,77.952025,-0.00108625,0.00271959,
57610,73.696547,-0.00108941,0.00272343,
57610,97.113751,-0.0011725,0.0029682,
57610,159.86877,-0.00133688,0.00344585,
57610,238.385017,-0.00153976,0.00399591,
57610,331.937987,-0.00178958,0.00469398,
57610,437.866262,-0.00204578,0.00541245,
57810,533.994022,-0.00231522,0.00615183,
57810,623.103515,-0.00252866,0.00673924,
57810,685.743036,-0.00266954,0.00712586,
57810,721.64681,-0.00273739,0.00732635,
57810,723.337423,-0.00273017,0.00729631,
57810,697.166741,-0.00263623,0.0070425,
57810,636.604237,-0.00247492,0.00657248,
57810,557.020077,-0.00224917,0.00597551,
57810,459.356245,-0.00200888,0.00529142,
57810,360.369065,-0.00175043,0.00457817,
57810,261.410981,-0.00150976,0.00391374,
57810,177.450997,-0.00131355,0.00334401,
57810,109.257079,-0.00115965,0.0029257,
57810,76.956987,-0.00109589,0.00276106,
57810,73.952552,-0.00110916,0.00277576,
57810,97.823803,-0.00119306,0.00300568,
57810,157.873864,-0.00135181,0.00348498,
57810,241.080315,-0.00155814,0.00404743,
57810,331.730285,-0.00180803,0.00473685,
57810,439.450599,-0.00206794,0.00546538,
58010,535.834367,-0.0022945,0.00615063,
58010,623.876365,-0.00250919,0.00673977,
58010,687.037561,-0.00265401,0.00714042,
58010,719.791966,-0.00271452,0.00731679,
58010,696.674048,-0.00270345,0.00729222,
58010,635.633344,-0.00244137,0.00656465,
58010,553.938343,-0.00223466,0.00597473,
58010,459.655723,-0.00198866,0.00528401,
58010,358.601179,-0.0017191,0.00456886,
58010,261.744271,-0.00149195,0.00390913,
58010,175.171104,-0.00128823,0.00334552,
58010,111.363082,-0.0011345,0.0029368,
58010,78.478526,-0.00107826,0.00276361,
58010,72.793285,-0.00108007,0.00276657,
58010,99.123148,-0.00116573,0.00301498,
58010,160.612634,-0.00132713,0.00348238,
58010,241.379793,-0.00154078,0.00406173,
58010,332.768797,-0.0017837,0.00473678,
58010,439.542374,-0.00205233,0.00548073,
58210,535.462434,-0.00229117,0.00614327,
58210,624.494645,-0.00250759,0.00673836,
58210,689.225696,-0.00265061,0.00713669,
58210,719.907894,-0.00270808,0.00730409,
58210,723.100737,-0.00270163,0.00728944,
58210,698.084502,-0.00261393,0.00702536,
58210,635.638174,-0.00243134,0.00655304,
58210,553.943173,-0.00222359,0.00595346,
58210,458.071386,-0.0019803,0.00526767,
58210,360.378725,-0.0017197,0.00455292,
58210,259.807327,-0.00148052,0.00389305,
58210,178.156218,-0.00128199,0.00333339,
58210,109.725616,-0.00112507,0.00291134,
58210,76.425656,-0.00107047,0.00275006,
58210,75.135971,-0.00106973,0.0027563,
58210,97.60161,-0.00116021,0.00299868,
58210,161.501405,-0.00133212,0.00349375,
58210,240.882273,-0.00152847,0.00403646,
58210,330.831852,-0.00177929,0.00472844,
58210,441.329583,-0.00204586,0.0054693,
58410,537.312439,-0.0023004,0.00610778,
58410,626.402618,-0.00251267,0.00669869,
58410,686.356487,-0.00265612,0.00706986,
58410,718.458797,-0.00271574,0.00725623,
58410,722.704651,-0.00271614,0.00724267,
58410,697.113607,-0.00261524,0.00697532,
58410,634.189081,-0.00244185,0.00649784,
58410,553.7403,-0.00222946,0.0059082,
58410,456.733394,-0.00197924,0.00521493,
58410,357.997393,-0.0017221,0.00450335,
58410,260.19375,-0.00148639,0.00383641,
58410,176.552565,-0.00128652,0.00329375,
58410,107.663086,-0.00113822,0.00285936,
58410,78.652416,-0.00108406,0.00271201,
58410,74.208557,-0.00108495,0.00271719,
58410,98.818841,-0.00117088,0.00296003,
58410,161.124643,-0.00134041,0.00344011,
58410,243.524439,-0.00154547,0.00400984,
58410,334.556003,-0.00178896,0.00468314,
58410,441.962352,-0.00205673,0.0054346,
58610,536.481627,-0.00230496,0.00614462,
58610,627.36385,-0.00251299,0.00673758,
58610,688.066419,-0.00264943,0.00711663,
58610,720.057634,-0.00271528,0.00730348,
58610,723.767322,-0.00270629,0.00727194,
58610,697.963744,-0.00261593,0.00701667,
58610,634.044171,-0.00243617,0.00653885,
58610,553.682337,-0.00222534,0.00594044,
58610,455.646577,-0.00197847,0.00525146,
58610,357.934599,-0.00171875,0.004543,
58610,259.488528,-0.00148209,0.00387982,
58610,173.277633,-0.00127202,0.00331382,
58610,110.710994,-0.00113759,0.00291417,
58610,76.106858,-0.00106941,0.00274281,
58610,74.512865,-0.00107336,0.00275716,
58610,99.915315,-0.00116696,0.00300633,
58610,161.74292,-0.00132656,0.00348286,
58610,241.780706,-0.00153985,0.00404919,
58610,336.410834,-0.00177436,0.00474304,
58610,442.232848,-0.00204265,0.00547485,
58810,538.148082,-0.00230141,0.00613772,
58810,626.813194,-0.00251823,0.00674068,
58810,689.191884,-0.00264683,0.00711439,
58810,718.313887,-0.00271459,0.00728643,
58810,723.008961,-0.00271051,0.00727451,
58810,696.335926,-0.00261227,0.00700811,
58810,633.604613,-0.0024406,0.00653014,
58810,553.151003,-0.00222217,0.00592978,
58810,454.690179,-0.00197466,0.00522965,
58810,357.132771,-0.00172201,0.00453519,
58810,258.889573,-0.00149564,0.0038733,
58810,175.765229,-0.0012848,0.00331447,
58810,108.368307,-0.00113914,0.00289384,
58810,77.193671,-0.00107457,0.00273571,
58810,75.232577,-0.00108356,0.00275713,
58810,101.098734,-0.00117643,0.00299822,
58810,160.458065,-0.00133682,0.00347999,
58810,244.021958,-0.00155197,0.0040583,
58810,336.241774,-0.00179063,0.0047318,
58810,443.07815,-0.002063,0.0054797,
59010,536.510609,-0.00229426,0.00614057,
59010,627.494268,-0.00251611,0.00675804,
59010,689.515515,-0.00265462,0.00712198,
59010,717.531375,-0.00271393,0.00729237,
59010,722.236109,-0.00271359,0.0072752,
59010,695.133176,-0.00261776,0.00701083,
59010,631.469615,-0.00243031,0.00652327,
59010,552.93847,-0.00223164,0.00593226,
59010,454.458325,-0.00197976,0.00523296,
59010,354.674154,-0.00171785,0.00453492,
59010,257.875213,-0.00148375,0.00387091,
59010,174.42241,-0.00128692,0.00332047,
59010,106.310607,-0.00113047,0.00289195,
59010,76.874872,-0.00108168,0.00274674,
59010,76.159991,-0.00108534,0.00276642,
59010,99.881503,-0.00117271,0.00300869,
59010,163.655711,-0.00134347,0.00349104,
59010,243.524439,-0.00155268,0.00406036,
59010,335.642818,-0.00179956,0.0047413,
59010,441.571098,-0.0020627,0.00548282,
59210,537.515312,-0.00232086,0.0061177,
59210,630.121958,-0.00254107,0.0067194,
59210,690.066171,-0.00267267,0.00707821,
59210,717.855006,-0.00273352,0.00725225,
59210,725.153624,-0.00263862,0.00696481,
59210,630.604989,-0.00246079,0.00648642,
59210,551.078803,-0.0022332,0.00588618,
59210,453.352187,-0.00198675,0.00518848,
59210,355.963841,-0.00173949,0.00449653,
59210,258.140879,-0.00149984,0.00382152,
59210,171.384163,-0.00129966,0.00326128,
59210,108.522876,-0.00115753,0.00286849,
59210,78.348108,-0.00109908,0.00269824,
59210,75.715605,-0.00109991,0.00272686,
59210,102.050299,-0.00118839,0.00296642,
59210,163.515633,-0.00136794,0.00345983,
59210,244.137885,-0.00156537,0.00402188,
59210,336.700651,-0.00181715,0.0047159,
59210,443.459743,-0.00208142,0.0054451,
59410,540.181639,-0.00230476,0.00619032,
59410,626.813194,-0.00252265,0.00678209,
59410,691.55391,-0.00266472,0.00716639,
59410,721.028528,-0.0027208,0.00730932,
59410,694.621162,-0.0026101,0.00703169,
59410,633.884771,-0.00244345,0.00656879,
59410,549.668354,-0.00222102,0.00594919,
59410,453.869029,-0.00197839,0.00526257,
59410,355.678854,-0.00171504,0.00456118,
59410,255.870645,-0.00148042,0.00389236,
59410,176.243426,-0.00128334,0.00334434,
59410,107.421572,-0.00113316,0.00292466,
59410,76.889363,-0.00108682,0.0027781,
59410,75.044196,-0.00108429,0.00279344,
59410,99.364663,-0.0011755,0.00304512,
59410,167.418501,-0.0013479,0.00353715,
59410,241.829009,-0.00154836,0.00409133,
59410,339.333158,-0.00179549,0.00480266,
59410,445.87006,-0.00206545,0.00552842,
59610,539.268712,-0.00228653,0.00618975,
59610,628.436179,-0.00251156,0.00679914,
59610,691.921014,-0.00264731,0.00716631,
59610,717.584508,-0.00270068,0.00732343,
59610,723.520975,-0.00269482,0.00732047,
59610,694.215416,-0.00259111,0.00702324,
59610,631.952646,-0.00242269,0.00656131,
59610,551.561833,-0.00221031,0.00595518,
59610,449.913017,-0.00194824,0.00524568,
59610,355.756139,-0.00170335,0.00456329,
59610,256.025214,-0.0014585,0.00388775,
59610,170.770717,-0.0012665,0.00332728,
59610,108.329665,-0.00112175,0.00294043,
59610,76.000591,-0.00106153,0.00276876,
59610,75.425788,-0.00106809,0.00279541,
59610,101.741161,-0.00116161,0.0030519,
59610,165.587824,-0.00132901,0.00353965,
59610,244.456683,-0.00153627,0.00409656,
59610,338.507179,-0.00178666,0.00480117,
59610,445.609224,-0.00205438,0.00553412,
59810,541.601748,-0.00228207,0.00624396,
59810,629.793497,-0.00249897,0.006852,
59810,690.35599,-0.0026266,0.00719883,
59810,720.067294,-0.0027017,0.00738924,
59810,724.64161,-0.00268846,0.00735878,
59810,694.176773,-0.00258161,0.00706844,
59810,630.77405,-0.00241307,0.00660235,
59810,551.392773,-0.00219016,0.00599614,
59810,451.149573,-0.00194469,0.00528819,
59810,352.457051,-0.00169656,0.00459423,
59810,254.9384,-0.00145854,0.00392826,
59810,171.664319,-0.00125534,0.00337221,
59810,107.146246,-0.00111745,0.00297448,
59810,76.812079,-0.00105491,0.00280752,
59810,73.479184,-0.00106782,0.00283685,
59810,103.117791,-0.00115996,0.00309889,
59810,164.945397,-0.00132833,0.00357629,
59810,245.702897,-0.00153496,0.00415671,
59810,340.091513,-0.00178358,0.00483946,
59810,446.295126,-0.00204912,0.00557272,
60010,542.084778,-0.00232317,0.00616529,
60010,630.812692,-0.00253034,0.00675305,
60010,691.409,-0.00267128,0.00712579,
60010,720.202543,-0.00272502,0.00728442,
60010,722.39551,-0.00262403,0.00699233,
60010,628.783961,-0.00243977,0.00649524,
60010,549.702166,-0.00222899,0.00590653,
60010,451.371766,-0.00197186,0.00519755,
60010,352.181725,-0.00171705,0.00450134,
60010,255.575998,-0.00148718,0.00384464,
60010,171.905833,-0.00128232,0.00328772,
60010,107.706559,-0.00114128,0.00289285,
60010,76.981138,-0.00108946,0.0027236,
60010,76.48845,-0.00110122,0.00275947,
60010,102.330455,-0.00119001,0.00301367,
60010,166.529729,-0.00135774,0.00350586,
60010,246.582008,-0.00156297,0.0040769,
60010,340.86919,-0.00181395,0.00476959,
60010,448.16445,-0.0020761,0.00550124,
60210,540.582554,-0.0023067,0.00616244,
60210,629.590623,-0.00252067,0.00676423,
60210,692.413706,-0.00265802,0.00713956,
60210,719.608414,-0.00271278,0.00729356,
60210,720.941583,-0.00270467,0.00726658,
60210,692.384724,-0.00260443,0.00699016,
60210,629.155895,-0.00242382,0.00650534,
60210,546.692887,-0.00221035,0.00590515,
60210,451.840305,-0.00196832,0.00520701,
60210,351.519975,-0.00170528,0.00450051,
60210,253.991664,-0.00146646,0.00383982,
60210,172.780114,-0.00127079,0.00329493,
60210,106.721181,-0.0011207,0.00288142,
60210,76.333881,-0.00107484,0.00274315,
60210,75.81221,-0.00108953,0.00277116,
60210,101.915051,-0.00116782,0.00301154,
60210,166.727771,-0.00134348,0.00352034,
60210,248.523783,-0.00155451,0.00409285,
60210,339.110965,-0.00179792,0.00477053,
60210,447.729724,-0.00206799,0.00551536,
60410,543.036348,-0.00230578,0.00622052,
60410,631.991288,-0.0025193,0.00681496,
60410,690.993593,-0.00264726,0.00717426,
60410,719.932045,-0.00271265,0.00733735,
60410,722.767445,-0.00271131,0.00731879,
60410,694.785393,-0.00260539,0.00702571,
60410,627.388001,-0.00241738,0.0065276,
60410,549.557257,-0.00220306,0.00595525,
60410,448.666801,-0.00195777,0.00523284,
60410,350.399349,-0.00169737,0.00454246,
60410,254.131743,-0.0014704,0.00388504,
60410,170.253877,-0.00126686,0.00331946,
60410,106.465176,-0.00112779,0.00293288,
60410,77.52213,-0.00107494,0.00277337,
60410,74.503204,-0.00107967,0.00280583,
60410,104.252907,-0.00117383,0.00306596,
60410,165.737563,-0.00134079,0.00355395,
60410,246.910468,-0.00155175,0.00412662,
60410,343.714229,-0.00180533,0.00483254,
60410,446.208181,-0.00206195,0.0055463,
60610,544.272906,-0.00230137,0.0062192,
60610,630.479401,-0.00251604,0.00681278,
60610,692.220494,-0.00265304,0.00717919,
60610,720.545496,-0.00271027,0.00732994,
60610,722.265091,-0.00269454,0.00730745,
60610,693.234861,-0.00259945,0.00702331,
60610,629.349108,-0.00241081,0.00653711,
60610,546.287142,-0.00219866,0.00592455,
60610,449.521763,-0.00195006,0.00524168,
60610,351.128722,-0.00169548,0.00453215,
60610,251.644146,-0.00146045,0.00386865,
60610,169.838472,-0.00126206,0.00331302,
60610,106.890241,-0.00112914,0.00293403,
60610,77.715341,-0.00106523,0.00277599,
60610,75.4596,-0.00107369,0.00279302,
60610,103.001864,-0.00117881,0.00307284,
60610,170.553354,-0.00134635,0.00356059,
60610,247.137491,-0.00155352,0.00412373,
60610,344.56919,-0.00180477,0.00483612,
60610,447.82633,-0.00205856,0.00554818,
60810,630.735407,-0.00253232,0.00683893,
60810,694.828866,-0.00265975,0.00719115,
60810,718.396003,-0.00271639,0.0073338,
60810,721.95595,-0.00270939,0.00732454,
60810,694.017372,-0.00260867,0.00703808,
60810,628.334742,-0.00241821,0.00653134,
60810,545.635051,-0.00220654,0.00593747,
60810,448.241735,-0.00195426,0.00524149,
60810,350.341385,-0.00169992,0.00453449,
60810,250.760204,-0.00146694,0.0038797,
60810,169.80466,-0.00127571,0.00332239,
60810,103.808521,-0.0011274,0.00293066,
60810,77.034272,-0.00107615,0.00279014,
60810,74.764039,-0.00108527,0.00280599,
60810,102.958392,-0.00117933,0.00307768,
60810,167.606882,-0.00135106,0.00357066,
60810,249.513991,-0.00155697,0.00413623,
60810,342.323106,-0.00181075,0.00483974,
60810,451.2655,-0.0020818,0.00557586,
61010,545.321081,-0.00233818,0.00624927,
61010,634.449917,-0.00254713,0.00683619,
61010,691.172314,-0.00268346,0.00718109,
61010,719.835439,-0.00272396,0.00731407,
61010,691.066047,-0.00262392,0.00702519,
61010,629.184877,-0.0024486,0.00654317,
61010,545.437009,-0.00222317,0.00592001,
61010,448.32868,-0.0019871,0.00524749,
61010,349.945301,-0.00172083,0.00452428,
61010,251.054852,-0.00148755,0.00386922,
61010,169.075288,-0.00128791,0.00332816,
61010,104.769747,-0.00114885,0.00292955,
61010,76.976308,-0.00109822,0.00278182,
61010,76.623698,-0.00110799,0.00281639,
61010,103.992072,-0.00120777,0.0030838,
61010,168.717847,-0.00137088,0.00357607,
61010,250.489708,-0.00158143,0.00414612,
61010,342.999347,-0.00183314,0.00485154,
61010,451.057797,-0.0020961,0.00557667,
61210,545.601239,-0.00232879,0.00622503,
61210,633.252,-0.00253774,0.00682755,
61210,692.254306,-0.00267714,0.00717337,
61210,719.55528,-0.00272428,0.00732289,
61210,723.018622,-0.00271228,0.00730238,
61210,692.234985,-0.00261295,0.00701192,
61210,627.83239,-0.00243351,0.00651104,
61210,544.717293,-0.00221544,0.00590558,
61210,448.401135,-0.00196799,0.00522759,
61210,347.370758,-0.00170159,0.00450453,
61210,251.784224,-0.00147864,0.00386165,
61210,169.29265,-0.00128406,0.00330305,
61210,105.523271,-0.00114321,0.00291933,
61210,76.242105,-0.00108642,0.00275805,
61210,74.479053,-0.00109633,0.00280293,
61210,105.3204,-0.00119289,0.00307157,
61210,169.949569,-0.00136184,0.00356168,
61210,250.716732,-0.00157032,0.00414047,
61210,345.018407,-0.00182289,0.00483917,
61210,449.980641,-0.00208663,0.00555952,
61410,546.10359,-0.0023503,0.00623651,
61410,633.894431,-0.0027004,0.00718315,
61410,722.125012,-0.00275184,0.0073323,
61410,723.665885,-0.00274413,0.0072971,
61410,694.853018,-0.00263348,0.00700687,
61410,627.262413,-0.00244816,0.00650668,
61410,545.949021,-0.00223808,0.00591313,
61410,446.981028,-0.001991,0.00520235,
61410,347.351436,-0.00173113,0.00449987,
61410,252.590882,-0.00150027,0.00384962,
61410,168.442521,-0.00130366,0.0032989,
61410,103.726407,-0.00116117,0.00291486,
61410,75.63832,-0.00110802,0.00276496,
61410,74.865475,-0.00112018,0.00279307,
61410,103.996902,-0.00122129,0.00307088,
61410,170.442258,-0.0015913,0.00413804,
61410,347.187207,-0.00185369,0.00483626,
61410,451.313803,-0.00211172,0.00556277,
61610,548.48493,-0.0023382,0.00623996,
61610,633.073278,-0.00253958,0.00682465,
61610,695.867385,-0.0026769,0.00718929,
61610,721.79655,-0.00273014,0.00733077,
61610,722.279582,-0.00271564,0.00729533,
61610,691.896862,-0.00260778,0.00701307,
61610,624.813445,-0.00242639,0.00650426,
61610,542.833475,-0.00222001,0.00589827,
61610,445.169667,-0.00197504,0.00520551,
61610,347.733029,-0.00171594,0.00451054,
61610,249.069605,-0.00147429,0.00384102,
61610,165.756884,-0.001276,0.00329464,
61610,103.552517,-0.00114114,0.00291204,
61610,75.556205,-0.00109132,0.00276632,
61610,75.928137,-0.00110466,0.00280573,
61610,105.85173,-0.00120715,0.00307965,
61610,168.993173,-0.00136879,0.00356295,
61610,250.272346,-0.00158035,0.00415089,
61610,345.834726,-0.00183116,0.00484937,
61610,451.76302,-0.00209434,0.00557528,
61810,545.741318,-0.00232475,0.00622918,
61810,637.285311,-0.00254608,0.00683525,
61810,693.539171,-0.00266364,0.00716867,
61810,720.192883,-0.00272154,0.00732005,
61810,723.578939,-0.00271415,0.00729697,
61810,690.781059,-0.00260093,0.0069889,
61810,625.861623,-0.00242142,0.00650634,
61810,544.398493,-0.0022054,0.0058905,
61810,443.677106,-0.00169777,0.00450159,
61810,250.953416,-0.00146484,0.00383456,
61810,164.641089,-0.00127037,0.00328395,
61810,104.793899,-0.00113196,0.00290713,
61810,76.623698,-0.00107356,0.00275166,
61810,75.300201,-0.0010864,0.00279932,
61810,106.817787,-0.00119462,0.00308037,
61810,169.510013,-0.00135761,0.00356106,
61810,252.04989,-0.00157404,0.00415832,
61810,347.568799,-0.00181567,0.00483988,
61810,451.651923,-0.00208608,0.00556968,
62010,548.253075,-0.00232415,0.00624971,
62010,635.063367,-0.0025387,0.00685754,
62010,693.993221,-0.0026619,0.0071966,
62010,721.376312,-0.00271935,0.00734421,
62010,722.897863,-0.00271643,0.00731763,
62010,690.983932,-0.0025962,0.00700459,
62010,626.045175,-0.00242043,0.00652057,
62010,543.161936,-0.00219903,0.00590582,
62010,446.266144,-0.00195789,0.00521768,
62010,345.206788,-0.00168707,0.00449683,
62010,249.219344,-0.00145999,0.00385678,
62010,167.0514,-0.00126831,0.00331003,
62010,102.837635,-0.00113219,0.0029172,
62010,75.242237,-0.00108207,0.0027808,
62010,76.353202,-0.00109408,0.00282049,
62010,104.272228,-0.0011949,0.00309931,
62010,172.509618,-0.00136038,0.00359669,
62010,252.416992,-0.0015685,0.00416517,
62010,347.689557,-0.00183005,0.00487573,
62010,455.279475,-0.00208625,0.00560504,
62210,547.557512,-0.00231646,0.00626174,
62210,636.130866,-0.00253569,0.00685424,
62210,695.162158,-0.00265471,0.00720788,
62210,720.274998,-0.00271577,0.00735018,
62210,722.289243,-0.00269977,0.00731141,
62210,689.641103,-0.00258927,0.00701026,
62210,624.257959,-0.00241027,0.00652123,
62210,542.389087,-0.00219191,0.00590653,
62210,442.735199,-0.00193678,0.00519854,
62210,345.39517,-0.00168189,0.00451155,
62210,248.31608,-0.00144677,0.00384653,
62210,165.00819,-0.0012521,0.00329707,
62210,104.595857,-0.00112164,0.0029286,
62210,75.382315,-0.00107017,0.00277978,
62210,75.594848,-0.00107792,0.00281606,
62210,105.982148,-0.00118671,0.00310297,
62210,172.282595,-0.00135439,0.00359597,
62210,251.71177,-0.00156367,0.00417359,
62210,349.264231,-0.00182456,0.00488458,
62210,452.033517,-0.00207686,0.00560348,
62410,549.450991,-0.00233805,0.0062606,
62410,635.976296,-0.00254206,0.00683555,
62410,695.978482,-0.00267416,0.00719865,
62410,721.453597,-0.00272761,0.0073352,
62410,721.173438,-0.00271407,0.00729636,
62410,690.520221,-0.00241543,0.00649436,
62410,541.253966,-0.00219682,0.00588923,
62410,443.121623,-0.00195733,0.00519243,
62410,343.139425,-0.00169346,0.00447968,
62410,246.132792,-0.00146293,0.00382105,
62410,165.476728,-0.00127149,0.00328595,
62410,103.2627,-0.0011382,0.00290462,
62410,76.531922,-0.00108488,0.00276883,
62410,76.044064,-0.00109845,0.00280849,
62410,106.329928,-0.00119403,0.00308412,
62410,171.828549,-0.00136929,0.00358503,
62410,254.305633,-0.00158027,0.00416957,
62410,349.858356,-0.00183064,0.00486551,
62410,455.062112,-0.00209452,0.00559063,
62610,549.740809,-0.00237198,0.00623244,
62610,635.696138,-0.00257695,0.00680408,
62610,694.360325,-0.00270674,0.00716151,
62610,722.110521,-0.00274367,0.00725893,
62610,690.162778,-0.00263485,0.00695771,
62610,623.122836,-0.00245717,0.00645855,
62610,540.3507,-0.00223328,0.00584393,
62610,441.633892,-0.00199269,0.00515983,
62610,344.588512,-0.00172532,0.00444147,
62610,246.939449,-0.00150149,0.00380141,
62610,164.558974,-0.00129933,0.00324578,
62610,102.214529,-0.00116625,0.00287078,
62610,78.014819,-0.00112205,0.00275002,
62610,76.275917,-0.00112978,0.00277219,
62610,105.301078,-0.00123037,0.0030618,
62610,175.137292,-0.00140729,0.00356449,
62610,254.542317,-0.00160975,0.00413111,
62610,349.312534,-0.00186807,0.00485418,
62610,457.399975,-0.00212397,0.00556833,
62810,551.66327,-0.00234472,0.00628464,
62810,637.464032,-0.00256197,0.00685374,
62810,695.166989,-0.00267676,0.00719979,
62810,721.888326,-0.00274144,0.00735218,
62810,721.274875,-0.00272399,0.0073023,
62810,687.940831,-0.0026093,0.00698989,
62810,624.42219,-0.00242561,0.00650499,
62810,538.785682,-0.00220655,0.00588008,
62810,440.716136,-0.00195388,0.00518647,
62810,342.496997,-0.00170181,0.00448533,
62810,245.620782,-0.0014723,0.00382824,
62810,166.785734,-0.00127529,0.0032956,
62810,100.572233,-0.0011375,0.00289855,
62810,75.029705,-0.00109512,0.00278131,
62810,78.425393,-0.00110735,0.00282943,
62810,105.407345,-0.00120805,0.00309321,
62810,174.441731,-0.00138958,0.00361761,
62810,255.860984,-0.001594,0.0041845,
62810,350.022586,-0.00184859,0.00488579,
62810,456.970079,-0.00210566,0.00561345,
63010,550.132063,-0.00233788,0.00629804,
63010,638.449416,-0.00254418,0.00687354,
63010,695.379523,-0.00266784,0.00721602,
63010,722.153994,-0.00270848,0.00731219,
63010,689.689406,-0.00260079,0.00701354,
63010,621.123088,-0.00241154,0.00649715,
63010,539.761403,-0.00219683,0.00590135,
63010,439.643811,-0.00194231,0.00519625,
63010,342.187858,-0.00168886,0.0044997,
63010,244.654725,-0.00145391,0.00383487,
63010,164.1484,-0.0012548,0.00329614,
63010,101.480326,-0.00113023,0.00291687,
63010,74.966911,-0.00107603,0.00279012,
63010,76.609207,-0.00109514,0.00283137,
63010,107.373269,-0.00119148,0.00311012,
63010,174.547997,-0.00136724,0.00361618,
63010,255.542186,-0.00158058,0.00420272,
63010,351.974023,-0.00209401,0.00563381,
63010,552.750088,-0.0023381,0.0062974,
63210,551.499039,-0.00234536,0.00630614,
63210,639.173963,-0.00255397,0.00688331,
63210,695.224952,-0.00267649,0.0072268,
63210,721.477748,-0.00273711,0.00737353,
63210,721.627488,-0.00272062,0.00732265,
63210,690.128965,-0.00260228,0.00701936,
63210,620.915384,-0.00241514,0.00650784,
63210,539.321845,-0.00219956,0.00590665,
63210,439.653471,-0.00195521,0.00520685,
63210,341.989816,-0.0016911,0.00449367,
63210,244.983184,-0.00146095,0.00385299,
63210,165.230383,-0.00126767,0.00331139,
63210,100.277586,-0.00113615,0.00292804,
63210,75.232577,-0.00108522,0.00280481,
63210,77.52696,-0.00109945,0.00285033,
63210,108.010866,-0.00121147,0.00313661,
63210,173.91523,-0.00137761,0.00363503,
63210,255.846494,-0.00158419,0.00421612,
63210,351.829114,-0.0018485,0.00492744,
63210,459.216166,-0.00210792,0.00565098,
63410,552.721106,-0.00236243,0.00627587,
63410,639.352685,-0.00257516,0.00685203,
63410,694.505235,-0.00269482,0.00718621,
63410,721.994593,-0.00274323,0.00732748,
63410,720.951243,-0.00272665,0.00727924,
63410,688.003625,-0.00261587,0.00697244,
63410,619.978304,-0.00242539,0.00645918,
63410,538.60696,-0.00221778,0.00585625,
63410,439.064175,-0.00195613,0.00514809,
63410,340.086683,-0.00170567,0.00446368,
63410,245.200547,-0.00147612,0.00379905,
63410,162.047227,-0.00127707,0.00326292,
63410,101.098734,-0.00113937,0.00288779,
63410,74.986232,-0.00109883,0.00275932,
63410,75.865343,-0.00111099,0.00280518,
63410,109.609689,-0.00122402,0.00309982,
63410,174.702566,-0.001387,0.00360057,
63410,257.073386,-0.00160492,0.00418976,
63410,351.568278,-0.00211535,0.00560721,
63410,553.479464,-0.00235574,0.00628561,
63610,554.305446,-0.00237087,0.00633114,
63610,639.603861,-0.00257404,0.00689917,
63610,698.857353,-0.00269914,0.00724244,
63610,722.651517,-0.00274982,0.00738304,
63610,722.047727,-0.00273558,0.00733236,
63610,689.993717,-0.00262536,0.00702407,
63610,621.736537,-0.00243393,0.00650885,
63610,537.00813,-0.0022098,0.00589552,
63610,439.199424,-0.00196983,0.00520283,
63610,340.584203,-0.00171182,0.00449564,
63610,242.51974,-0.00148326,0.00383958,
63610,163.573596,-0.00129077,0.00331017,
63610,100.770274,-0.00114982,0.0029287,
63610,75.961949,-0.00110533,0.00280568,
63610,76.242105,-0.00112208,0.00284835,
63610,108.832014,-0.00122395,0.00314602,
63610,175.475412,-0.00140438,0.0036481,
63610,257.512942,-0.00161525,0.00423839,
63610,353.355485,-0.00186862,0.00494245,
63610,458.723476,-0.00213277,0.00566572,
63810,553.445652,-0.00234931,0.0063395,
63810,641.052955,-0.00255559,0.00691763,
63810,699.886211,-0.00268552,0.00725035,
63810,720.535836,-0.00272731,0.00737299,
63810,720.680745,-0.00271537,0.00733747,
63810,689.612121,-0.00260623,0.00703123,
63810,619.321382,-0.00241467,0.00650425,
63810,536.573403,-0.00219419,0.00590579,
63810,440.605039,-0.00194874,0.00520974,
63810,336.860051,-0.00168333,0.00448435,
63810,244.466344,-0.0014565,0.00385784,
63810,162.525425,-0.00126549,0.00331034,
63810,100.726802,-0.00113337,0.00294167,
63810,76.029573,-0.0010857,0.002809,
63810,77.35307,-0.00110643,0.00286035,
63810,109.648332,-0.00121493,0.00315906,
63810,177.16118,-0.00138687,0.00365893,
63810,257.725474,-0.00159627,0.00424705,
63810,355.533945,-0.00185548,0.0049591,
63810,460.964733,-0.00210863,0.00568234,
64010,555.445398,-0.00237277,0.00633883,
64010,640.20282,-0.0025787,0.00690251,
64010,697.939592,-0.00270409,0.00724451,
64010,722.269921,-0.00275651,0.00737933,
64010,721.49707,-0.00273049,0.0073219,
64010,688.23065,-0.0026228,0.00701089,
64010,620.548281,-0.00221242,0.00587548,
64010,437.484669,-0.00196773,0.00519462,
64010,338.787335,-0.00170355,0.00447209,
64010,242.080184,-0.00148316,0.00384091,
64010,163.964849,-0.00128964,0.00328827,
64010,98.80435,-0.00114964,0.00291723,
64010,76.947327,-0.00111075,0.00280524,
64010,79.111293,-0.00112673,0.00285198,
64010,107.870788,-0.00123458,0.00314275,
64010,177.49447,-0.00141215,0.00365128,
64010,257.865552,-0.00162062,0.00423742,
64010,354.669324,-0.0018757,0.00494487,
64010,459.76682,-0.00212626,0.00565601,
64210,556.252059,-0.00234891,0.00632845,
64210,641.584289,-0.0025578,0.00689395,
64210,697.90095,-0.00268444,0.00723711,
64210,723.612751,-0.00273233,0.00736061,
64210,721.318348,-0.00271599,0.00731224,
64210,687.535084,-0.00259463,0.0069887,
64210,619.311721,-0.00241735,0.00649152,
64210,536.288415,-0.0021913,0.00585961,
64210,437.132058,-0.00194691,0.00517748,
64210,338.19321,-0.00168766,0.00445668,
64210,241.16243,-0.00144639,0.00380767,
64210,161.602841,-0.00126814,0.00328245,
64210,100.968316,-0.00112897,0.00290722,
64210,73.083101,-0.00108553,0.00278435,
64210,77.058423,-0.00110347,0.00284373,
64210,110.208644,-0.00120806,0.00313637,
64210,176.837551,-0.00138044,0.00363666,
64210,258.643228,-0.00160656,0.00424298,
64210,356.770499,-0.00184725,0.0049331,
64210,460.728049,-0.00211334,0.00566105,
64410,554.962367,-0.00235076,0.00635371,
64410,642.864322,-0.00256562,0.00693361,
64410,699.41284,-0.00269332,0.00726698,
64410,720.704897,-0.00273582,0.00738474,
64410,720.714557,-0.00272177,0.00733822,
64410,687.375684,-0.00259882,0.00701534,
64410,618.20558,-0.00241956,0.00650139,
64410,534.356294,-0.00219294,0.00589131,
64410,437.904905,-0.00194633,0.00519319,
64410,335.879502,-0.00169009,0.00448356,
64410,241.51021,-0.00146152,0.00384179,
64410,160.433913,-0.00126678,0.00330317,
64410,100.765444,-0.00114383,0.00294194,
64410,75.662472,-0.00109008,0.00281089,
64410,77.150198,-0.0011101,0.00287255,
64410,111.551463,-0.00122074,0.00316781,
64410,177.528282,-0.00139476,0.00367265,
64410,261.517248,-0.00160095,0.00426689,
64410,355.901047,-0.00186676,0.00498336,
64410,462.863039,-0.00211595,0.0056839,
64610,556.382477,-0.00236835,0.00635874,
64610,642.144606,-0.00257155,0.0069201,
64610,699.055396,-0.00269872,0.00726459,
64610,723.14421,-0.0027499,0.00739217,
64610,721.144456,-0.00272619,0.00733035,
64610,687.206623,-0.00260435,0.00700342,
64610,618.490568,-0.00242358,0.00650328,
64610,536.491288,-0.00219709,0.00588347,
64610,435.127486,-0.00194885,0.00517586,
64610,334.816839,-0.00168666,0.0044652,
64610,241.809688,-0.00146283,0.00383488,
64610,159.01381,-0.00126779,0.00328316,
64610,98.620799,-0.00114006,0.00293347,
64610,74.730227,-0.00108776,0.00280084,
64610,75.730096,-0.00110954,0.00285428,
64610,110.319741,-0.00122422,0.00316601,
64610,179.436243,-0.00139839,0.00366978,
64610,259.222862,-0.00160662,0.00425514,
64610,356.002483,-0.00186507,0.00497084,
64610,464.225183,-0.0021272,0.00569456,
64810,557.672168,-0.00237158,0.00636896,
64810,641.59878,-0.00257548,0.00693654,
64810,698.485418,-0.00270687,0.00726865,
64810,721.94629,-0.00274481,0.00738739,
64810,721.043019,-0.00272756,0.00733258,
64810,688.153365,-0.00261969,0.00702205,
64810,616.413535,-0.0024177,0.00648666,
64810,532.37104,-0.00220308,0.00588503,
64810,435.480097,-0.00195528,0.00519303,
64810,335.729763,-0.00168824,0.00446986,
64810,240.515172,-0.00146918,0.00383701,
64810,158.820599,-0.00127362,0.00329348,
64810,99.379153,-0.00114293,0.00293676,
64810,73.967043,-0.00110036,0.00281814,
64810,76.575395,-0.00111969,0.00286889,
64810,110.735145,-0.00123185,0.00317137,
64810,181.305562,-0.00140992,0.00368723,
64810,261.068031,-0.00161995,0.00426726,
64810,356.403397,-0.00187283,0.00498154,
64810,463.418523,-0.00213816,0.00571146,
65010,557.609374,-0.00211703,0.00572161,
65010,643.743439,-0.00235382,0.00637664,
65010,698.770407,-0.00256287,0.00694101,
65010,723.767322,-0.002688,0.00727085,
65010,721.139626,-0.00273305,0.00739921,
65010,686.139122,-0.00271375,0.00734372,
65010,617.756361,-0.00259118,0.00700568,
65010,533.081095,-0.00240143,0.00650775,
65010,433.779834,-0.00217133,0.0058778,
65010,334.913445,-0.00193196,0.00518826,
65010,239.210995,-0.0016711,0.00447318,
65010,159.071774,-0.00144804,0.0038337,
65010,99.524062,-0.0012529,0.00329915,
65010,74.039497,-0.00112974,0.00295155,
65010,76.691322,-0.00107659,0.00280558,
65010,112.778354,-0.00110618,0.00288409,
65010,179.639115,-0.0012081,0.00318283,
65010,262.546098,-0.00139106,0.00369122,
65010,359.031075,-0.00160138,0.00429029,
65010,464.002989,-0.00186021,0.00500068,
65210,557.507938,-0.00237294,0.00635922,
65210,644.540441,-0.002579,0.00692987,
65210,699.007093,-0.00269446,0.00725496,
65210,722.868882,-0.00275321,0.00739317,
65210,720.0045,-0.0027281,0.00731797,
65210,684.776972,-0.00260973,0.00698909,
65210,616.17685,-0.00241782,0.00648919,
65210,532.21164,-0.00219952,0.00586285,
65210,432.871738,-0.00195024,0.00516501,
65210,334.072975,-0.0016941,0.00446699,
65210,239.698854,-0.00146346,0.00382044,
65210,158.076736,-0.00126904,0.00327517,
65210,98.63529,-0.00114369,0.00293352,
65210,74.512865,-0.00109686,0.00280974,
65210,78.681398,-0.00111744,0.00286668,
65210,111.783316,-0.00122753,0.00317546,
65210,180.271882,-0.00141159,0.00368263,
65210,261.744271,-0.00162335,0.00428378,
65210,359.180814,-0.00188081,0.0049926,
65210,464.534322,-0.00213098,0.00570318,
65410,560.348157,-0.00236888,0.00639536,
65410,643.332863,-0.00257801,0.00695815,
65410,700.185691,-0.00270409,0.00730845,
65410,722.835069,-0.0027419,0.00740668,
65410,720.192883,-0.00271969,0.0073525,
65410,684.395377,-0.00260032,0.00701607,
65410,615.447473,-0.00240786,0.00650372,
65410,532.68984,-0.00218872,0.00589321,
65410,432.543278,-0.00193875,0.0051805,
65410,333.82663,-0.00168061,0.00448227,
65410,238.602379,-0.00145944,0.00384109,
65410,157.386005,-0.00126165,0.00329762,
65410,97.384247,-0.00114032,0.00295206,
65410,75.817041,-0.00109575,0.00283467,
65410,76.271087,-0.00111674,0.00288939,
65410,111.092586,-0.00122955,0.00320702,
65410,182.063917,-0.00139909,0.00370784,
65410,263.541137,-0.00161325,0.00430977,
65410,359.987472,-0.00187478,0.00501938,
65410,465.495551,-0.00212769,0.00573971,
65610,561.005078,-0.00237027,0.00638795,
65610,644.129864,-0.00257764,0.00694434,
65610,700.32094,-0.00270036,0.00727116,
65610,721.685452,-0.00274152,0.00737969,
65610,719.55528,-0.00272236,0.00733341,
65610,687.607539,-0.00260132,0.00699915,
65610,613.346288,-0.00240355,0.00647341,
65610,531.641665,-0.00219277,0.00586678,
65610,433.214689,-0.00193858,0.00515838,
65610,329.933418,-0.00167543,0.00445268,
65610,239.351073,-0.00146182,0.00382829,
65610,158.632218,-0.00125724,0.00327033,
65610,96.886728,-0.00113673,0.00293287,
65610,76.570565,-0.00109303,0.00282196,
65610,77.145368,-0.00110966,0.00286706,
65610,112.952244,-0.00122828,0.00318985,
65610,181.812742,-0.00139978,0.00369641,
65610,263.507325,-0.00161914,0.00429115,
65610,360.29178,-0.00187959,0.00500673,
65610,465.896465,-0.0021283,0.0057136,
65810,559.807163,-0.00236905,0.00641014,
65810,645.236006,-0.00257951,0.00696669,
65810,700.214673,-0.00269533,0.00729228,
65810,721.941459,-0.00273593,0.00740144,
65810,719.922385,-0.00272029,0.00734737,
65810,684.902561,-0.00259716,0.00701297,
65810,613.133754,-0.0024041,0.00648668,
65810,529.907586,-0.00218728,0.00587751,
65810,430.161944,-0.00193233,0.00517458,
65810,332.556264,-0.0016782,0.00446706,
65810,236.240371,-0.00145522,0.00383084,
65810,157.274909,-0.00125511,0.00329145,
65810,95.935163,-0.00114008,0.00293791,
65810,77.609075,-0.00110316,0.00285394,
65810,78.019649,-0.00111715,0.00288895,
65810,109.96713,-0.00122752,0.00319489,
65810,185.343678,-0.00141533,0.00373264,
65810,261.55589,-0.00161556,0.00429829,
65810,361.388256,-0.00188606,0.00504019,
65810,467.910699,-0.00213744,0.00574295,
66010,561.02923,-0.00238306,0.00639791,
66010,646.588494,-0.00258208,0.00695366,
66010,698.944299,-0.00270801,0.00727802,
66010,723.59826,-0.00274462,0.00739981,
66010,719.956197,-0.00272172,0.00733537,
66010,682.086485,-0.0025966,0.00698771,
66010,614.177101,-0.00241042,0.00647823,
66010,530.076647,-0.00194364,0.0051598,
66010,332.063575,-0.00168039,0.00444166,
66010,235.462695,-0.0014545,0.00381107,
66010,157.144491,-0.00126187,0.00327669,
66010,95.611534,-0.00113438,0.00292615,
66010,74.26169,-0.00109668,0.00281628,
66010,77.657378,-0.00111852,0.00287452,
66010,112.966735,-0.00122631,0.00319796,
66010,183.15556,-0.00140557,0.00370908,
66010,263.951711,-0.00162325,0.00430057,
66010,363.276899,-0.00188525,0.00502464,
66010,468.58694,-0.00214359,0.00573484,
66210,564.574673,-0.00239584,0.0063739,
66210,646.511209,-0.00258704,0.00691011,
66210,700.581777,-0.00270976,0.00723647,
66210,724.226202,-0.00275445,0.00736022,
66210,720.357114,-0.00273012,0.00729131,
66210,683.052549,-0.00260242,0.00695176,
66210,613.568482,-0.0024123,0.0064312,
66210,529.347271,-0.00219507,0.00581535,
66210,430.500064,-0.0019456,0.0051136,
66210,329.561486,-0.00168185,0.00440197,
66210,234.897552,-0.0014576,0.00376633,
66210,157.753107,-0.00126833,0.00324339,
66210,97.881766,-0.00114049,0.00288504,
66210,73.667565,-0.00110627,0.0027806,
66210,78.063122,-0.00113243,0.00284625,
66210,114.217778,-0.00123912,0.00315455,
66210,183.99603,-0.00142083,0.0036725,
66210,267.617897,-0.00162905,0.00426204,
66210,362.533034,-0.00189326,0.00498679,
66210,468.760831,-0.00214935,0.00570345,
66410,562.30443,-0.00237933,0.00644431,
66410,647.457951,-0.00258674,0.00701504,
66410,701.948758,-0.00270067,0.00732472,
66410,720.917431,-0.00273835,0.00743205,
66410,720.531005,-0.00272441,0.00737946,
66410,682.883488,-0.00259386,0.00702914,
66410,613.017827,-0.00240578,0.00651302,
66410,528.154187,-0.0021822,0.00588397,
66410,428.877086,-0.00193402,0.00519195,
66410,330.923627,-0.00167587,0.00448684,
66410,235.269484,-0.00144749,0.00384209,
66410,155.502195,-0.00125517,0.00332074,
66410,98.693253,-0.00113926,0.002968,
66410,73.358427,-0.00109075,0.00284768,
66410,79.328655,-0.00111884,0.00293386,
66410,113.145455,-0.00122723,0.00324,
66410,183.14107,-0.00141178,0.00375204,
66410,266.690482,-0.00162374,0.00435865,
66410,362.262538,-0.00188494,0.00507247,
66410,469.770363,-0.00214298,0.00578869,
66610,567.414893,-0.00238021,0.00642506,
66610,646.22139,-0.00257145,0.00696755,
66610,702.108158,-0.00269571,0.00729608,
66610,723.917062,-0.00273466,0.00741255,
66610,719.521468,-0.00270118,0.00732339,
66610,682.76273,-0.00259852,0.007009,
66610,614.457259,-0.00239671,0.00647102,
66610,525.444388,-0.00217127,0.00583742,
66610,431.031396,-0.00193651,0.00516952,
66610,330.112139,-0.00166497,0.00444376,
66610,232.163611,-0.00143985,0.00380487,
66610,155.787182,-0.00125353,0.00328328,
66610,99.123148,-0.00112888,0.00294539,
66610,72.426183,-0.00108218,0.00282206,
66610,79.512206,-0.00111779,0.00290094,
66610,115.826262,-0.00122872,0.00320989,
66610,183.889763,-0.00140974,0.00373556,
66610,267.429516,-0.0016201,0.00433251,
66610,363.943479,-0.00188262,0.00504943,
66610,469.780024,-0.00213702,0.00575274,
66810,560.130793,-0.00237249,0.00642793,
66810,648.694511,-0.00258659,0.00699671,
66810,700.639741,-0.00269565,0.00729898,
66810,723.216665,-0.00273682,0.00741757,
66810,719.164024,-0.00271529,0.00735171,
66810,681.777345,-0.00258548,0.00700784,
66810,611.631528,-0.00240155,0.00648239,
66810,526.226897,-0.00217269,0.00585513,
66810,427.814421,-0.00192428,0.0051602,
66810,329.662922,-0.00166499,0.00445345,
66810,232.806039,-0.00143447,0.00381923,
66810,155.743709,-0.00125048,0.00328934,
66810,96.002787,-0.00113241,0.00294148,
66810,74.459732,-0.00109061,0.00284858,
66810,77.927874,-0.00111618,0.00290665,
66810,112.271175,-0.0012301,0.00322726,
66810,186.324226,-0.00140666,0.00375549,
66810,266.869203,-0.00161944,0.00433387,
66810,365.542305,-0.00188345,0.00506211,
66810,470.760574,-0.002152,0.00579159,
67010,566.26528,-0.00238263,0.00643723,
67010,650.414103,-0.00258096,0.00698776,
67010,701.258022,-0.00269381,0.0072963,
67010,722.564571,-0.0027402,0.00740918,
67010,720.357114,-0.00270815,0.00734401,
67010,683.231271,-0.00258321,0.00699588,
67010,612.592759,-0.00239303,0.00646538,
67010,525.700394,-0.00216617,0.00584285,
67010,428.384396,-0.00193135,0.0051569,
67010,326.643992,-0.00165666,0.00442657,
67010,232.091157,-0.00143661,0.00380691,
67010,155.545668,-0.00124938,0.00327021,
67010,96.679026,-0.0011252,0.00293411,
67010,75.575527,-0.00108808,0.00282964,
67010,79.314164,-0.00110497,0.00289401,
67010,114.782921,-0.00123725,0.00322007,
67010,186.483625,-0.00140574,0.00373834,
67010,265.318682,-0.00161906,0.00433585,
67010,367.218415,-0.00189197,0.00506931,
67010,470.248562,-0.00214302,0.00576455,
67210,566.448832,-0.00240149,0.00644939,
67210,648.279104,-0.00258837,0.00697526,
67210,702.509075,-0.00271665,0.00730979,
67210,723.520975,-0.00274331,0.0074125,
67210,719.212327,-0.00272064,0.00733386,
67210,681.178385,-0.00259394,0.00698958,
67210,610.650975,-0.0024011,0.00646801,
67210,525.444388,-0.00217785,0.00584092,
67210,427.060895,-0.0019289,0.00514163,
67210,327.242948,-0.0016709,0.00443386,
67210,233.100686,-0.00144934,0.00380132,
67210,153.053242,-0.00125895,0.00327675,
67210,96.292604,-0.00113472,0.00293349,
67210,74.546677,-0.00109362,0.00282482,
67210,77.473827,-0.00113664,0.0029098,
67210,115.386706,-0.00124037,0.00322312,
67210,183.817309,-0.00141848,0.00374385,
67210,269.129776,-0.00163859,0.00435627,
67210,367.450269,-0.00190064,0.00506009,
67210,471.451306,-0.00215671,0.00577536,
67410,566.888389,-0.00238978,0.00645706,
67410,647.810563,-0.00259028,0.00699225,
67410,704.180366,-0.00271033,0.00733042,
67410,724.177899,-0.002755,0.00742869,
67410,718.492609,-0.00272252,0.00734333,
67410,680.878906,-0.00259927,0.00700447,
67410,611.032569,-0.00241388,0.00648495,
67410,525.985382,-0.00218464,0.00584953,
67410,425.065984,-0.00193724,0.00515529,
67410,327.527935,-0.0016745,0.00444568,
67410,232.443768,-0.00144749,0.00380991,
67410,154.338097,-0.00126368,0.00329408,
67410,97.065449,-0.00113797,0.00294575,
67410,73.957382,-0.0011101,0.00284697,
67410,78.671737,-0.00112667,0.00291742,
67410,116.024303,-0.00124346,0.00324978,
67410,187.41587,-0.001428,0.00376762,
67410,267.700012,-0.00163791,0.0043602,
67410,368.363194,-0.00190719,0.00509275,
67410,473.818152,-0.00215804,0.00579436,
67610,564.424934,-0.00238349,0.00643768,
67610,652.186828,-0.00259123,0.00701105,
67610,705.252697,-0.00271267,0.00731651,
67610,721.221741,-0.00274553,0.00739612,
67610,719.183345,-0.00272368,0.00734479,
67610,680.854754,-0.00258966,0.00698716,
67610,609.897447,-0.00240406,0.00646402,
67610,524.8406,-0.00217845,0.00583728,
67610,425.370293,-0.00191974,0.00513068,
67610,325.716577,-0.00166791,0.00443331,
67610,232.351992,-0.00143492,0.00378735,
67610,152.449457,-0.00125198,0.00326073,
67610,96.621063,-0.00108778,0.00282428,
67610,77.531791,-0.00111974,0.00290535,
67610,116.203024,-0.00123597,0.0032238,
67610,185.493417,-0.00141918,0.00374849,
67610,270.902491,-0.00164272,0.00435958,
67610,367.575856,-0.00190124,0.00508335,
67610,475.011235,-0.00215645,0.0057909,
67810,567.835129,-0.00258996,0.00699479,
67810,703.199811,-0.00270839,0.00732809,
67810,722.40034,-0.00271554,0.00734567,
67810,679.594041,-0.00258648,0.00698776,
67810,609.032821,-0.00239945,0.0064674,
67810,522.792552,-0.00216299,0.00583199,
67810,424.679561,-0.00192342,0.00513937,
67810,324.822974,-0.00166302,0.00443743,
67810,230.791811,-0.00143659,0.00379489,
67810,150.681574,-0.00124609,0.0032656,
67810,94.713102,-0.00113313,0.00294554,
67810,74.802682,-0.00109192,0.00284472,
67810,77.222653,-0.00111473,0.00290044,
67810,115.806941,-0.00124115,0.00324549,
67810,188.589628,-0.00142686,0.00377125,
67810,270.525729,-0.00163533,0.00436679,
67810,367.315021,-0.00189834,0.00508946,
67810,473.673243,-0.00215879,0.00580547,
68010,567.303796,-0.00239694,0.00647156,
68010,651.104838,-0.00260318,0.00702199,
68010,704.305954,-0.00271023,0.00732551,
68010,722.627365,-0.00275389,0.00743385,
68010,719.820948,-0.00272042,0.00735298,
68010,679.395998,-0.00259789,0.00699528,
68010,608.110232,-0.00241265,0.00647866,
68010,523.816576,-0.00217554,0.00584125,
68010,423.085564,-0.00192989,0.00514169,
68010,323.615402,-0.00167257,0.00444276,
68010,231.052646,-0.00144622,0.00380901,
68010,149.739669,-0.00125324,0.00327023,
68010,97.43738,-0.00114822,0.00296707,
68010,73.039629,-0.00110019,0.00283253,
68010,77.043932,-0.00113432,0.00292574,
68010,118.270384,-0.00124729,0.00326374,
68010,188.256339,-0.00143642,0.00378322,
68010,269.066983,-0.00164553,0.00438108,
68010,370.570636,-0.00191312,0.00511565,
68010,472.605747,-0.00216402,0.00580027,
68210,568.028341,-0.00238727,0.00646811,
68210,652.626387,-0.00259258,0.00702459,
68210,704.064438,-0.00270355,0.00732882,
68210,722.371358,-0.00274116,0.00742479,
68210,719.627735,-0.00271648,0.00735275,
68210,678.236722,-0.00258402,0.00698308,
68210,607.786601,-0.00239123,0.00646718,
68210,522.150122,-0.0021635,0.0058309,
68210,423.438175,-0.00191909,0.00513459,
68210,323.185507,-0.00166051,0.00442726,
68210,229.76296,-0.00143686,0.00379153,
68210,152.135489,-0.0012462,0.0032699,
68210,94.829028,-0.00112021,0.00294285,
68210,73.638584,-0.00109085,0.00284326,
68210,78.700719,-0.00111884,0.00292672,
68210,118.048191,-0.00124117,0.00325914,
68210,188.705555,-0.00142066,0.00377471,
68210,272.288783,-0.00164387,0.00439323,
68210,370.686563,-0.00190579,0.00510627,
68210,474.354315,-0.00215799,0.00582008,
68410,568.211893,-0.00240067,0.00648443,
68410,653.032133,-0.00260559,0.00703796,
68410,702.224086,-0.00270853,0.00732211,
68410,722.559741,-0.00275866,0.00744271,
68410,720.236356,-0.00272348,0.00735838,
68410,677.739199,-0.002588,0.00699196,
68410,608.255141,-0.00239568,0.00647057,
68410,521.691244,-0.00217529,0.00584677,
68410,422.013239,-0.00192549,0.00513519,
68410,322.518927,-0.00165944,0.00443353,
68410,228.439463,-0.00143065,0.00379202,
68410,149.131054,-0.00125734,0.00327506,
68410,94.602005,-0.00113693,0.00294997,
68410,74.710906,-0.00110078,0.00285437,
68410,80.217427,-0.00112794,0.00293345,
68410,115.898716,-0.00124242,0.0032603,
68410,189.835841,-0.00143256,0.00379168,
68410,271.810584,-0.00164862,0.00439474,
68410,370.874944,-0.00191536,0.0051264,
68410,475.445962,-0.00216847,0.00583565,
68610,569.173124,-0.00240338,0.00647874,
68610,653.44271,-0.00259733,0.00701639,
68610,703.349551,-0.00270376,0.00730688,
68610,722.69016,-0.00274344,0.00741273,
68610,719.811287,-0.00272447,0.00734768,
68610,677.589459,-0.0025785,0.00696478,
68610,606.095993,-0.00239603,0.00645249,
68610,522.874668,-0.0021695,0.00582295,
68610,420.911932,-0.00191178,0.00511101,
68610,320.736551,-0.0016569,0.00440119,
68610,230.646902,-0.00143812,0.00378835,
68610,150.739537,-0.00124605,0.00325477,
68610,93.177072,-0.0011279,0.00293084,
68610,74.372787,-0.00109403,0.00284103,
68610,79.193407,-0.00112869,0.00293137,
68610,117.410594,-0.00123993,0.00324576,
68610,188.44472,-0.00142759,0.00377875,
68610,274.974421,-0.00164933,0.00439705,
68610,371.894135,-0.00190787,0.0051162,
68610,475.41215,-0.00216147,0.00581594,
68810,572.095459,-0.00241383,0.00650518,
68810,653.655244,-0.0026028,0.00703392,
68810,704.035456,-0.0027188,0.00733398,
68810,724.115105,-0.00275108,0.00743654,
68810,719.072248,-0.00271801,0.00734384,
68810,677.922751,-0.00258953,0.00699237,
68810,607.554746,-0.00239468,0.00646299,
68810,520.034451,-0.00216586,0.00581994,
68810,421.423943,-0.00192606,0.00513663,
68810,323.016447,-0.00165667,0.00441762,
68810,226.52667,-0.00142946,0.00377848,
68810,150.357945,-0.00125758,0.00327657,
68810,95.770933,-0.00113205,0.00295134,
68810,71.083365,-0.00109624,0.00284016,
68810,79.149935,-0.00113431,0.00293708,
68810,119.202628,-0.00124211,0.00327335,
68810,190.231924,-0.00143485,0.0037973,
68810,272.370897,-0.00164776,0.00440829,
68810,375.487871,-0.00191606,0.00513673,
68810,475.624683,-0.00216953,0.00583534,
69010,571.984362,-0.002422,0.00651815,
69010,651.897009,-0.00261193,0.00705632,
69010,706.242913,-0.00272555,0.00736036,
69010,721.453597,-0.002758,0.00744028,
69010,718.115844,-0.00272973,0.00736926,
69010,677.241677,-0.00259828,0.00700377,
69010,605.811005,-0.00240366,0.00646346,
69010,519.039409,-0.00216927,0.00583364,
69010,421.390131,-0.00193175,0.00514814,
69010,319.297125,-0.00167066,0.00442848,
69010,227.391291,-0.00144174,0.00380381,
69010,150.029486,-0.00125136,0.00328112,
69010,93.375114,-0.00114734,0.00296155,
69010,73.05412,-0.00110325,0.00286917,
69010,80.521735,-0.00114949,0.00296497,
69010,119.086702,-0.00125894,0.0032969,
69010,190.130488,-0.00144374,0.00381116,
69010,274.7957,-0.00166777,0.00444439,
69010,374.222335,-0.00193069,0.00514944,
69010,476.668027,-0.00218425,0.00585742,
69210,572.694417,-0.00244206,0.00645394,
69210,655.109168,-0.00263374,0.0069627,
69210,704.040287,-0.00274863,0.00727431,
69210,724.897617,-0.00278337,0.00737563,
69210,719.067417,-0.00275265,0.00727841,
69210,676.666869,-0.00261332,0.00691223,
69210,606.438945,-0.00242607,0.006396,
69210,516.981701,-0.00219732,0.00574036,
69210,420.945744,-0.00195394,0.0050636,
69210,319.215011,-0.001685,0.00434418,
69210,225.637898,-0.00146652,0.00373167,
69210,150.792671,-0.00127905,0.00320762,
69210,92.225507,-0.00116168,0.00287825,
69210,74.677094,-0.00113645,0.00279821,
69210,80.826042,-0.00116534,0.00288015,
69210,119.497276,-0.00128108,0.0032271,
69210,192.777483,-0.00147737,0.00375221,
69210,274.530035,-0.00169084,0.0043625,
69210,375.067636,-0.00195959,0.00509943,
69210,478.17991,-0.00220354,0.00578589,
69410,574.940509,-0.00242065,0.00648018,
69410,654.321827,-0.00261724,0.0070066,
69410,704.861441,-0.00272338,0.00730617,
69410,722.757784,-0.0027594,0.00739902,
69410,719.10606,-0.00273309,0.00731327,
69410,676.130704,-0.00258797,0.00693914,
69410,606.009047,-0.00240174,0.00641809,
69410,517.855985,-0.00216312,0.00576618,
69410,417.067019,-0.00191606,0.00507099,
69410,320.953914,-0.00166866,0.00438324,
69410,225.410875,-0.00143546,0.00374186,
69410,147.131317,-0.00125435,0.00321541,
69410,94.036862,-0.0011492,0.00292336,
69410,74.580489,-0.00110575,0.00281936,
69410,79.681266,-0.00113446,0.00290452,
69410,120.004455,-0.0012588,0.00324587,
69410,192.618084,-0.00145724,0.00378855,
69410,274.27403,-0.00165829,0.00438338,
69410,375.29949,-0.00193536,0.00512563,
69410,478.658109,-0.00217873,0.00582239,
69610,573.873011,-0.00242529,0.006522,
69610,655.336193,-0.00261852,0.00705021,
69610,704.016135,-0.0027262,0.00733436,
69610,724.182729,-0.00276687,0.00744963,
69610,719.439352,-0.00273755,0.00735271,
69610,677.401077,-0.00259286,0.00697018,
69610,604.820791,-0.00240602,0.00644806,
69610,518.440451,-0.00217356,0.00580184,
69610,418.506446,-0.00192567,0.00511181,
69610,319.002478,-0.00166124,0.00440474,
69610,225.183852,-0.00143887,0.0037731,
69610,148.063561,-0.00125638,0.00325746,
69610,93.215714,-0.00114617,0.00294122,
69610,73.58062,-0.00111556,0.00285808,
69610,80.376826,-0.00114318,0.00294252,
69610,120.94636,-0.00125361,0.00328079,
69610,192.473175,-0.00145418,0.00381231,
69610,277.317109,-0.00166854,0.00443025,
69610,376.323511,-0.00193614,0.00515162,
69610,480.097538,-0.00218551,0.00586189,
69810,571.520652,-0.00242155,0.00652342,
69810,656.920536,-0.00262336,0.00705872,
69810,703.764958,-0.00272876,0.00734738,
69810,723.946044,-0.00276828,0.007446,
69810,717.922631,-0.0027277,0.00734164,
69810,674.164765,-0.00259301,0.00697358,
69810,605.313483,-0.00239647,0.00644917,
69810,516.556634,-0.00216696,0.0058112,
69810,417.728769,-0.00191619,0.0051039,
69810,319.03146,-0.00165556,0.00440684,
69810,225.430196,-0.00143562,0.00377424,
69810,148.21813,-0.00125466,0.00326979,
69810,92.829292,-0.00114149,0.0029407,
69810,74.218218,-0.00111203,0.00286365,
69810,79.299674,-0.00115086,0.00294948,
69810,121.405237,-0.00126118,0.00330133,
69810,192.854768,-0.00146287,0.00382615,
69810,276.553924,-0.0016654,0.00443507,
69810,376.695444,-0.00193377,0.0051663,
69810,480.933179,-0.00218624,0.0058674,
70010,577.075504,-0.00242809,0.00653805,
70010,655.74194,-0.00260899,0.00704269,
70010,704.436373,-0.00272582,0.00733999,
70010,724.158578,-0.00276023,0.00744302,
70010,717.961274,-0.00272031,0.00734227,
70010,674.24205,-0.00259179,0.00695396,
70010,603.357208,-0.00239222,0.00644245,
70010,517.29567,-0.00215767,0.00579039,
70010,417.187776,-0.00191516,0.00509653,
70010,317.471277,-0.0016562,0.00439166,
70010,225.550953,-0.00143279,0.00375921,
70010,147.097505,-0.00124921,0.00324179,
70010,91.520286,-0.00113623,0.00293446,
70010,75.169783,-0.00110702,0.00284677,
70010,80.198106,-0.00113878,0.00293879,
70010,120.840094,-0.00126103,0.00328803,
70010,194.192756,-0.00145034,0.00382215,
70010,277.32677,-0.0019401,0.00517166,
70010,482.23736,-0.00218334,0.0058611,
70210,575.172364,-0.0024177,0.00653802,
70210,656.848082,-0.00261504,0.00707748,
70210,704.566792,-0.00271135,0.00735466,
70210,723.545127,-0.00274949,0.00744941,
70210,717.75357,-0.00271809,0.00735567,
70210,675.391665,-0.00258461,0.0069795,
70210,601.057981,-0.0023833,0.00643223,
70210,515.36355,-0.00215672,0.00580959,
70210,416.371457,-0.0019119,0.00510747,
70210,315.302478,-0.00164359,0.00439971,
70210,222.295342,-0.00142269,0.00377469,
70210,147.947635,-0.0012421,0.00326459,
70210,90.462454,-0.0011353,0.0029523,
70210,71.52292,-0.00110316,0.00286211,
70210,79.734399,-0.00113248,0.00296241,
70210,120.487483,-0.00125757,0.00331053,
70210,194.791711,-0.00144539,0.00383479,
70210,277.790477,-0.00166386,0.00445103,
70210,378.091397,-0.00193172,0.00519041,
70210,480.334223,-0.00217984,0.00588282,
70410,576.800177,-0.00243254,0.00655875,
70410,656.891555,-0.0026186,0.00706015,
70410,705.035333,-0.0027202,0.00735962,
70410,725.617336,-0.00276185,0.00745461,
70410,716.396249,-0.00272361,0.0073362,
70410,676.058249,-0.00259282,0.00698789,
70410,601.956418,-0.00238874,0.00642355,
70410,511.909885,-0.00215894,0.00578407,
70410,418.250441,-0.00192122,0.00511376,
70410,314.872583,-0.00164984,0.00437941,
70410,221.91858,-0.00143409,0.00376874,
70410,146.208733,-0.00125004,0.00324551,
70410,91.612061,-0.00113975,0.002945,
70410,74.276181,-0.00110927,0.00286257,
70410,79.531527,-0.00113731,0.00294309,
70410,120.7773,-0.00126475,0.00331047,
70410,196.018603,-0.00145485,0.00383555,
70410,278.283166,-0.00167162,0.00444509,
70410,378.014113,-0.00194593,0.00518482,
70410,483.309686,-0.00219069,0.00588635,
70610,575.727849,-0.00242471,0.00656393,
70610,657.306962,-0.00261721,0.00709834,
70610,706.300877,-0.00272142,0.00738218,
70610,724.173069,-0.00275164,0.00746452,
70610,716.744032,-0.00272238,0.00737945,
70610,674.179255,-0.00257845,0.0069872,
70610,601.024169,-0.0023884,0.00646049,
70610,514.286393,-0.00215281,0.00581009,
70610,413.77759,-0.00190423,0.00511023,
70610,315.944906,-0.00164876,0.00441778,
70610,224.420667,-0.00142291,0.00378618,
70610,144.165524,-0.00123338,0.0032593,
70610,93.181902,-0.00113459,0.0029743,
70610,72.435844,-0.00109928,0.0028738,
70610,79.212729,-0.00113628,0.0029831,
70610,123.17795,-0.0012603,0.00333782,
70610,192.89824,-0.00144522,0.00385629,
70610,279.625986,-0.00167054,0.00448322,
70610,380.047665,-0.00193157,0.00521186,
70610,482.759032,-0.00218161,0.00590734,
70810,575.182024,-0.00242133,0.00655685,
70810,658.765717,-0.00261833,0.00708961,
70810,706.455447,-0.00270731,0.00735052,
70810,723.463011,-0.00275404,0.00746386,
70810,718.632688,-0.00271048,0.00735121,
70810,672.401699,-0.00257211,0.00696265,
70810,601.6666,-0.00238318,0.00644628,
70810,512.383255,-0.00214748,0.00578199,
70810,414.77746,-0.00190305,0.00510071,
70810,313.737465,-0.00163293,0.00438671,
70810,221.097432,-0.0014142,0.00376288,
70810,147.034711,-0.00123848,0.00326703,
70810,90.264412,-0.00112242,0.00294451,
70810,72.416523,-0.00109174,0.00286502,
70810,82.796797,-0.00113295,0.00297613,
70810,121.926907,-0.00125133,0.00331618,
70810,193.980224,-0.00144482,0.00385795,
70810,281.162016,-0.00166009,0.00446465,
70810,379.250667,-0.00192962,0.00520097,
70810,484.382012,-0.00218881,0.00590434,
71010,579.804627,-0.00219619,0.0059417,
71010,656.582414,-0.00242957,0.00659044,
71010,706.247743,-0.00261447,0.00710266,
71010,724.660931,-0.00273037,0.00740699,
71010,716.690899,-0.00275894,0.0074761,
71010,674.232389,-0.00272362,0.00737864,
71010,599.31907,-0.0025887,0.00700011,
71010,513.059497,-0.0023852,0.00644712,
71010,414.994823,-0.00215918,0.0058232,
71010,311.592818,-0.00190423,0.00511496,
71010,221.633593,-0.00165088,0.00440773,
71010,143.184977,-0.00142423,0.00379274,
71010,89.477076,-0.00124913,0.00326562,
71010,73.628923,-0.00113638,0.00297034,
71010,80.724607,-0.00110822,0.00289261,
71010,120.917378,-0.00113777,0.00297963,
71010,197.317949,-0.0012725,0.00335414,
71010,279.490738,-0.00145878,0.00388382,
71010,379.6226,-0.00166952,0.00448891,
71010,484.546242,-0.00194679,0.0052309,
71210,578.490784,-0.00244802,0.00653984,
71210,658.224722,-0.00263769,0.00705724,
71210,707.484305,-0.00274195,0.00735281,
71210,725.602845,-0.00277872,0.00743052,
71210,715.449506,-0.00273184,0.00731803,
71210,673.18904,-0.00260553,0.00694829,
71210,599.700664,-0.00239659,0.00639604,
71210,512.518503,-0.00216652,0.00575481,
71210,414.729157,-0.00192808,0.00506824,
71210,313.186813,-0.00166069,0.00435319,
71210,219.039731,-0.0014316,0.00372841,
71210,143.822574,-0.00126403,0.00323615,
71210,91.298093,-0.00114786,0.00291872,
71210,72.870569,-0.00111975,0.00284014,
71210,82.627737,-0.0011608,0.00295791,
71210,123.115157,-0.00128055,0.00329642,
71210,197.187531,-0.00147889,0.00384479,
71210,281.360058,-0.00169217,0.00445432,
71210,381.047535,-0.00196409,0.00519395,
71210,485.236975,-0.00220895,0.00589385,
71410,578.065717,-0.00244824,0.00657303,
71410,657.519496,-0.00263991,0.00709456,
71410,708.662904,-0.00274372,0.0073777,
71410,723.694867,-0.00277369,0.0074416,
71410,716.386588,-0.00274564,0.0073454,
71410,672.971676,-0.00261095,0.00696129,
71410,598.570372,-0.00241029,0.00640917,
71410,512.687564,-0.00218383,0.00578351,
71410,411.864794,-0.00192938,0.00507619,
71410,311.95992,-0.00166409,0.00437486,
71410,221.305134,-0.00144192,0.00376776,
71410,144.035106,-0.00125362,0.00324901,
71410,90.332036,-0.00115068,0.00295825,
71410,75.80738,-0.00112647,0.00288235,
71410,81.357373,-0.00115626,0.00297069,
71410,123.733433,-0.00129718,0.00334117,
71410,198.965075,-0.00148462,0.00386639,
71410,280.514758,-0.00169927,0.00447738,
71410,382.95067,-0.00198554,0.00522613,
71410,484.367521,-0.00221423,0.00591014,
71610,580.268337,-0.00244297,0.00660425,
71610,660.924868,-0.00263733,0.00713211,
71610,707.324905,-0.00272593,0.00739088,
71610,724.665762,-0.0027624,0.00748445,
71610,717.743909,-0.00272463,0.00737692,
71610,672.986167,-0.00258541,0.00698543,
71610,599.01476,-0.00239611,0.00644847,
71610,511.909885,-0.00216111,0.00580221,
71610,412.159442,-0.00190206,0.00509149,
71610,311.346473,-0.00165686,0.00440271,
71610,220.498477,-0.0014326,0.00377708,
71610,142.011218,-0.0012423,0.00325629,
71610,89.597834,-0.00114151,0.00297111,
71610,73.735189,-0.00111685,0.0029007,
71610,80.724607,-0.00115423,0.0029978,
71610,125.510976,-0.00128046,0.00335734,
71610,197.187531,-0.00169524,0.00452145,
71610,382.834743,-0.00196001,0.00524445,
71610,485.111387,-0.00220411,0.00594556,
71810,580.688573,-0.00243942,0.00661969,
71810,661.465863,-0.00262667,0.00712173,
71810,705.880639,-0.00272472,0.00739788,
71810,716.652256,-0.00272158,0.00737132,
71810,670.807694,-0.00257939,0.00696971,
71810,599.618549,-0.00238304,0.00645482,
71810,510.813407,-0.00214557,0.00578299,
71810,411.352783,-0.0019086,0.00510716,
71810,312.486421,-0.00163909,0.00439112,
71810,218.16545,-0.00141837,0.00376328,
71810,142.136806,-0.00124544,0.003267,
71810,90.776422,-0.00113367,0.00296573,
71810,71.373182,-0.00110727,0.00289261,
71810,83.284656,-0.0011469,0.00301029,
71810,124.569071,-0.00127241,0.00335397,
71810,198.641446,-0.00146145,0.00389666,
71810,284.509404,-0.00168526,0.00452468,
71810,383.061766,-0.00194642,0.00524487,
71810,486.584628,-0.00220249,0.00595523,
72010,581.244059,-0.00243184,0.00660445,
72010,660.437006,-0.00262706,0.00713376,
72010,705.692256,-0.0027289,0.00739515,
72010,723.912231,-0.00276161,0.00747736,
72010,717.618321,-0.00272102,0.00737736,
72010,669.66774,-0.00257214,0.00696154,
72010,597.884468,-0.00238546,0.00644347,
72010,509.987426,-0.00214694,0.00578162,
72010,410.236985,-0.00189847,0.00509314,
72010,309.723497,-0.00163886,0.00438593,
72010,218.083335,-0.00142041,0.00377272,
72010,141.982237,-0.00124251,0.00326007,
72010,90.844046,-0.00113381,0.00297728,
72010,72.092894,-0.00110929,0.00289359,
72010,80.560377,-0.00114745,0.00300879,
72010,125.554449,-0.00126822,0.0033639,
72010,199.945623,-0.00146526,0.00390957,
72010,283.635122,-0.00168849,0.00452246,
72010,383.390226,-0.00195617,0.00526007,
72010,487.685936,-0.00220698,0.00596537,
72210,580.959071,-0.00245318,0.00658642,
72210,661.982707,-0.00264211,0.0071165,
72210,708.213684,-0.00274042,0.00737305,
72210,723.912231,-0.00277046,0.00745759,
72210,715.372221,-0.00272796,0.00734342,
72210,668.730658,-0.00257799,0.00693983,
72210,596.275975,-0.00238781,0.00641251,
72210,508.953742,-0.00215678,0.00575675,
72210,409.290248,-0.0019114,0.00506384,
72210,310.858614,-0.00165074,0.00436674,
72210,216.412057,-0.00142331,0.00373119,
72210,143.06422,-0.00125052,0.00324146,
72210,90.520417,-0.00114418,0.00294413,
72210,72.638716,-0.0011163,0.00286955,
72210,81.545754,-0.00115891,0.0029857,
72210,125.274292,-0.00128566,0.00334249,
72210,198.617295,-0.00147514,0.00388249,
72210,285.528594,-0.00169767,0.00451256,
72210,385.264379,-0.00196601,0.00523562,
72210,485.121047,-0.00220668,0.0059293,
72410,584.209867,-0.0024594,0.00661391,
72410,659.519246,-0.00263642,0.00710945,
72410,707.006104,-0.00274051,0.00739447,
72410,723.487163,-0.0027567,0.00746697,
72410,713.961767,-0.00271456,0.00735046,
72410,669.580794,-0.00257725,0.00696196,
72410,595.609393,-0.00237744,0.00641469,
72410,506.789768,-0.00213921,0.00575993,
72410,408.952128,-0.00190531,0.00508005,
72410,309.196996,-0.001647,0.00437393,
72410,215.542606,-0.00142332,0.00373913,
72410,141.619965,-0.00124792,0.00325765,
72410,88.810498,-0.00113761,0.00295875,
72410,72.03493,-0.00111446,0.00288413,
72410,83.898101,-0.00116004,0.00300697,
72410,125.781472,-0.00128251,0.00336155,
72410,201.114551,-0.00148292,0.00391304,
72410,285.340213,-0.00169607,0.00452921,
72410,384.037485,-0.00196457,0.00525898,
72410,488.362177,-0.00222167,0.00595877,
72610,581.456592,-0.00244288,0.00663138,
72610,661.692888,-0.00264197,0.0071543,
72610,709.382622,-0.00273471,0.00741832,
72610,724.549834,-0.00276396,0.00748722,
72610,714.778091,-0.00271727,0.00737166,
72610,669.551812,-0.00258432,0.00698972,
72610,595.213308,-0.00237534,0.00642826,
72610,507.065095,-0.00214685,0.00578855,
72610,408.367662,-0.00190357,0.0050874,
72610,307.40979,-0.00164175,0.0043947,
72610,216.79365,-0.00141956,0.00377133,
72610,139.402866,-0.00124676,0.0032629,
72610,89.829687,-0.00114123,0.00298096,
72610,74.793021,-0.00111287,0.00291451,
72610,82.917554,-0.00115239,0.00301567,
72610,127.167763,-0.00128922,0.00340824,
72610,200.984133,-0.0014787,0.00392456,
72610,283.915279,-0.0016902,0.00454816,
72610,388.036966,-0.00196958,0.00529329,
72610,488.439462,-0.00221178,0.00598119,
72810,582.321217,-0.00221512,0.00597985,
72810,662.398114,-0.00244792,0.00663926,
72810,707.967338,-0.00263854,0.00714282,
72810,723.994347,-0.00273316,0.00740634,
72810,715.488148,-0.00276276,0.00748495,
72810,668.421518,-0.00272367,0.00737282,
72810,593.643457,-0.00258028,0.00697237,
72810,507.736506,-0.00237435,0.0064162,
72810,406.908914,-0.0021397,0.00577402,
72810,307.92663,-0.00189424,0.00507607,
72810,216.416887,-0.00163276,0.00437862,
72810,140.822969,-0.00142237,0.00376694,
72810,88.50619,-0.00124328,0.0032501,
72810,72.102554,-0.00113157,0.00297436,
72810,83.028651,-0.00111629,0.00290184,
72810,126.665413,-0.00116117,0.00302642,
72810,199.337007,-0.00127418,0.00337911,
72810,288.426766,-0.00147807,0.00392606,
72810,386.28357,-0.00169738,0.00455953,
72810,490.98986,-0.00196194,0.00527958,
73010,585.156607,-0.00244787,0.00668457,
73010,661.547978,-0.00264531,0.00718101,
73010,709.527531,-0.0027422,0.00746113,
73010,723.279459,-0.00276309,0.0075206,
73010,714.792582,-0.00271759,0.00740456,
73010,668.687185,-0.00258172,0.00701035,
73010,595.744641,-0.00238485,0.00646841,
73010,505.529059,-0.00215032,0.00580864,
73010,406.749514,-0.00189887,0.00511869,
73010,307.375978,-0.00164578,0.00441017,
73010,215.146523,-0.00142259,0.0037947,
73010,140.779496,-0.00124569,0.00329919,
73010,88.540002,-0.00114338,0.00301016,
73010,72.092894,-0.00111483,0.00294166,
73010,83.531,-0.00116465,0.003067,
73010,125.520637,-0.00129247,0.00343162,
73010,202.486351,-0.00149534,0.00398101,
73010,288.050003,-0.00170908,0.00459383,
73010,387.312422,-0.00197137,0.00532503,
73010,491.231374,-0.0022311,0.00603662,
73210,585.475408,-0.00248783,0.00665812,
73210,663.687808,-0.00266748,0.00714043,
73210,707.711331,-0.00277327,0.00741406,
73210,725.38065,-0.00279586,0.00749373,
73210,715.449506,-0.002752,0.00735523,
73210,666.450749,-0.00260568,0.00695989,
73210,596.338769,-0.0024093,0.00642197,
73210,505.673968,-0.00216466,0.00574428,
73210,405.227972,-0.001928,0.0050752,
73210,306.91227,-0.00166777,0.00436141,
73210,215.730987,-0.00144589,0.00374521,
73210,140.571794,-0.0012718,0.00324976,
73210,88.8588,-0.00117111,0.00295852,
73210,71.667829,-0.00114061,0.00288468,
73210,82.8451,-0.00118659,0.00301692,
73210,129.283426,-0.00131617,0.00339207,
73210,201.109721,-0.00150464,0.00391414,
73210,288.277027,-0.00173847,0.00455924,
73210,390.191275,-0.00200109,0.00528648,
73210,491.424586,-0.00224593,0.00597122,
73410,585.277365,-0.00247171,0.00660075,
73410,663.668487,-0.00266202,0.00711201,
73410,707.952847,-0.00276269,0.00738242,
73410,724.627119,-0.00277903,0.00744459,
73410,714.927831,-0.00273601,0.00732076,
73410,667.349188,-0.00258694,0.00691188,
73410,594.522573,-0.00239737,0.00637686,
73410,506.427495,-0.00215702,0.00571303,
73410,403.141286,-0.00191157,0.0050178,
73410,306.192558,-0.00165402,0.00431555,
73410,212.895611,-0.0014263,0.003699,
73410,139.011613,-0.00125587,0.00320979,
73410,89.19692,-0.00115501,0.00291249,
73410,70.392635,-0.00113062,0.00285296,
73410,83.70489,-0.00117699,0.00298699,
73410,128.916325,-0.00130495,0.00334719,
73410,201.476822,-0.00149659,0.00388258,
73410,291.170368,-0.00173195,0.00453936,
73410,388.751849,-0.00198864,0.00524734,
73410,489.637376,-0.00224106,0.00595265,
73610,586.388335,-0.00245224,0.00664243,
73610,662.586496,-0.0026266,0.00714247,
73610,710.10717,-0.00273637,0.00741564,
73610,724.04748,-0.00276307,0.00747074,
73610,714.295059,-0.0027177,0.00735072,
73610,667.112502,-0.00257143,0.00695953,
73610,593.759385,-0.00237046,0.0064035,
73610,502.698504,-0.002137,0.00574697,
73610,405.566093,-0.00189264,0.00505905,
73610,305.830286,-0.0016265,0.00434007,
73610,212.441564,-0.00123453,0.0032414,
73610,88.259846,-0.00113539,0.00295548,
73610,72.677358,-0.00110881,0.00289793,
73610,83.922253,-0.00116503,0.0030175,
73610,128.810058,-0.00129147,0.00339173,
73610,202.776168,-0.00149145,0.00392799,
73610,289.064363,-0.00171209,0.00456643,
73610,391.017255,-0.00197573,0.00530419,
73610,492.202264,-0.00222908,0.00599744,
73810,585.538201,-0.00245318,0.00667649,
73810,665.373589,-0.00264422,0.00718425,
73810,709.609647,-0.00274003,0.00744356,
73810,722.071878,-0.002761,0.00750359,
73810,715.782798,-0.00272104,0.00739446,
73810,666.276858,-0.0025667,0.00697301,
73810,591.923868,-0.00236489,0.00642634,
73810,502.539104,-0.00213031,0.00577047,
73810,403.667788,-0.00188552,0.00508246,
73810,303.052872,-0.00162281,0.00437264,
73810,211.944045,-0.00141592,0.00375698,
73810,138.002084,-0.0012277,0.00325241,
73810,87.834781,-0.00113807,0.00298413,
73810,74.034667,-0.00110992,0.00292533,
73810,84.134785,-0.00114911,0.00304359,
73810,128.244916,-0.00128066,0.00342305,
73810,203.433087,-0.00148511,0.00396625,
73810,289.233423,-0.00170477,0.00458835,
73810,389.906288,-0.00197093,0.00532992,
73810,492.733597,-0.0022227,0.00603088,
74010,588.325289,-0.00247522,0.00669653,
74010,666.368634,-0.00265656,0.00718218,
74010,708.561467,-0.00274775,0.00742895,
74010,726.298411,-0.00277222,0.00752161,
74010,715.415694,-0.00272151,0.0073735,
74010,664.335071,-0.00257567,0.00696573,
74010,592.667735,-0.00238049,0.0064334,
74010,503.727358,-0.00213788,0.00575985,
74010,401.938544,-0.0018903,0.00506422,
74010,303.54073,-0.00163695,0.00436683,
74010,212.113105,-0.00141231,0.00374452,
74010,136.200389,-0.00114395,0.00297402,
74010,71.933494,-0.00112408,0.00291729,
74010,84.844837,-0.00116752,0.0030417,
74010,129.114366,-0.00129498,0.00342674,
74010,204.993268,-0.00149326,0.00396764,
74010,289.943475,-0.00171479,0.00459421,
74010,390.485923,-0.00198672,0.00533189,
74010,494.279293,-0.00223607,0.00602675,
74210,588.078943,-0.00246539,0.00670247,
74210,666.47007,-0.00263363,0.00717465,
74210,708.368254,-0.00273627,0.00744275,
74210,725.554541,-0.0027624,0.00752461,
74210,713.483565,-0.00271787,0.00737857,
74210,665.774505,-0.00255811,0.00697046,
74210,590.194618,-0.0023652,0.00641997,
74210,500.843669,-0.00212777,0.00575874,
74210,403.957606,-0.00188075,0.0050739,
74210,301.50235,-0.00162311,0.0043574,
74210,211.702531,-0.00140273,0.00374704,
74210,136.20522,-0.0012252,0.00326035,
74210,88.617286,-0.00113268,0.00298441,
74210,72.822266,-0.00110925,0.00291527,
74210,83.477867,-0.00115484,0.00305125,
74210,131.833815,-0.00128644,0.00344051,
74210,202.12408,-0.00148574,0.00396119,
74210,291.948044,-0.00170614,0.0046115,
74210,391.93501,-0.00197602,0.00533963,
74210,496.713763,-0.00222633,0.00604384,
74410,586.209614,-0.00249565,0.00660493,
74410,665.55231,-0.00268183,0.00711811,
74410,710.599863,-0.00277673,0.0073782,
74410,723.511315,-0.00279253,0.00743121,
74410,713.778214,-0.00275458,0.00730551,
74410,664.310919,-0.00260753,0.00688667,
74410,589.856496,-0.00240471,0.0063445,
74410,502.413516,-0.00217027,0.00569385,
74410,401.127055,-0.00191872,0.00497578,
74410,302.449086,-0.00166542,0.00428978,
74410,211.277466,-0.00144065,0.00367449,
74410,137.267882,-0.00127795,0.0031862,
74410,87.032954,-0.00117259,0.00291233,
74410,74.60464,-0.00114764,0.00285046,
74410,83.608285,-0.00132786,0.0033677,
74410,206.799794,-0.0015208,0.00390758,
74410,290.460316,-0.00174373,0.00453572,
74410,393.200547,-0.00201825,0.00528448,
74410,495.709061,-0.00226226,0.00596754,
74610,588.933907,-0.00224967,0.00603588,
74610,666.967593,-0.00248772,0.00669156,
74610,707.692009,-0.00275464,0.00742736,
74610,724.090953,-0.0027809,0.00750833,
74610,714.227434,-0.00272173,0.00736095,
74610,665.504007,-0.00258249,0.006954,
74610,587.832597,-0.00237599,0.00639177,
74610,500.911293,-0.00214196,0.00574931,
74610,402.494027,-0.00189569,0.00504798,
74610,299.246606,-0.00163715,0.0043341,
74610,210.533603,-0.00142468,0.00374259,
74610,136.741381,-0.00125325,0.00324357,
74610,84.917291,-0.0011456,0.00296911,
74610,73.928401,-0.00112671,0.00291573,
74610,84.294185,-0.00117138,0.00304166,
74610,128.587866,-0.001311,0.00342635,
74610,206.698358,-0.0015071,0.00397779,
74610,291.812796,-0.00173441,0.00460976,
74610,394.514386,-0.00199783,0.00534435,
74610,495.931255,-0.0022435,0.00603581,
74810,588.682731,-0.00248753,0.00665204,
74810,668.928701,-0.00265979,0.00714236,
74810,709.136275,-0.00275532,0.00738551,
74810,723.260138,-0.00278182,0.00746051,
74810,712.889435,-0.00273511,0.00732162,
74810,662.779709,-0.00258178,0.00690155,
74810,589.76472,-0.00238226,0.00635499,
74810,497.694314,-0.00214243,0.00569761,
74810,399.55721,-0.00190104,0.00499898,
74810,300.951697,-0.00164256,0.00430224,
74810,208.659453,-0.00141902,0.00368559,
74810,135.055613,-0.00125137,0.00320179,
74810,85.902668,-0.00115475,0.00292842,
74810,72.841587,-0.001134,0.00287372,
74810,84.250712,-0.00117705,0.00300589,
74810,129.988647,-0.00131781,0.00339854,
74810,207.326295,-0.00151092,0.00392942,
74810,292.493866,-0.00172619,0.0045655,
74810,395.707468,-0.00200516,0.00531925,
74810,496.911806,-0.00224465,0.00599227,
75010,667.53757,-0.00266906,0.00718975,
75010,708.996196,-0.00276008,0.0074334,
75010,724.274506,-0.00278855,0.00749919,
75010,714.097016,-0.00272559,0.00736081,
75010,663.673317,-0.00258324,0.00694064,
75010,589.035344,-0.0023836,0.00639207,
75010,499.747191,-0.00214763,0.00574216,
75010,399.962955,-0.00189971,0.00503433,
75010,299.9953,-0.00164372,0.00434705,
75010,210.282428,-0.00141822,0.00373106,
75010,135.050782,-0.00125001,0.0032437,
75010,87.965198,-0.0011528,0.00298389,
75010,71.551902,-0.00113049,0.00291204,
75010,85.955801,-0.00118804,0.00306396,
75010,131.273502,-0.00131833,0.00344219,
75010,207.959062,-0.00151135,0.00398865,
75010,294.522586,-0.00173701,0.00461695,
75010,394.098981,-0.00201262,0.00535515,
75010,497.269248,-0.0022589,0.00605632,
75210,667.455455,-0.00266824,0.00718543,
75210,711.411357,-0.00275682,0.00742632,
75210,723.849437,-0.00277031,0.00748401,
75210,713.86033,-0.00272811,0.00735548,
75210,587.306094,-0.00237297,0.00637662,
75210,499.394579,-0.00213358,0.00571786,
75210,398.108123,-0.00188649,0.00501731,
75210,298.753917,-0.00163903,0.00432419,
75210,209.156972,-0.00141067,0.00371607,
75210,132.983422,-0.00123728,0.00321706,
75210,86.757628,-0.00114686,0.00296708,
75210,74.136103,-0.00111833,0.00290047,
75210,84.854497,-0.00117752,0.00304075,
75210,132.693605,-0.00130511,0.0034355,
75210,207.780341,-0.00150765,0.00396566,
75210,293.754571,-0.00173238,0.00462221,
75210,397.079271,-0.00199353,0.00535119,
75210,498.694186,-0.00224429,0.00603888,
75410,592.865778,-0.00248594,0.00673208,
75410,667.204278,-0.00266613,0.00722103,
75410,710.174794,-0.00274971,0.00746968,
75410,724.897617,-0.00278014,0.00752583,
75410,712.474028,-0.00272902,0.00738719,
75410,661.770173,-0.00257802,0.00696129,
75410,588.083773,-0.00237604,0.00642091,
75410,497.056715,-0.00213496,0.00573733,
75410,397.171046,-0.0018923,0.00506451,
75410,298.951959,-0.00163654,0.00435405,
75410,207.5823,-0.00141428,0.00374695,
75410,134.529112,-0.00124722,0.00325956,
75410,87.675382,-0.00114832,0.00299693,
75410,70.561694,-0.00112435,0.00293151,
75410,87.554624,-0.00117945,0.00309074,
75410,132.500394,-0.00131371,0.00347091,
75410,207.495355,-0.0015166,0.0040042,
75410,295.962012,-0.00173998,0.00465613,
75410,398.030838,-0.00200707,0.00539028,
75410,498.568598,-0.0022581,0.00607409,
75610,592.604941,-0.00248898,0.0067475,
75610,669.740194,-0.00274856,0.00747182,
75610,724.675422,-0.00277623,0.00753466,
75610,711.184332,-0.00272276,0.00738092,
75610,663.842378,-0.00257386,0.0069734,
75610,586.76993,-0.00236459,0.00641239,
75610,495.863631,-0.00212932,0.00575656,
75610,397.190367,-0.00188161,0.00505627,
75610,298.531724,-0.00162952,0.00436339,
75610,207.340786,-0.00140425,0.00374517,
75610,132.698435,-0.0012355,0.003266,
75610,88.366112,-0.00114174,0.00300088,
75610,73.078271,-0.00112484,0.00294822,
75610,85.361677,-0.00117713,0.00309193,
75610,133.596868,-0.00131043,0.00348621,
75610,209.383995,-0.00150603,0.00402984,
75610,294.976633,-0.00173749,0.0046581,
75610,397.823135,-0.00201176,0.00541949,
75610,499.867949,-0.0022493,0.00608539,
75810,595.039417,-0.00248619,0.0067467,
75810,669.276484,-0.00265025,0.00720527,
75810,710.425971,-0.0027391,0.00745518,
75810,724.878296,-0.00277017,0.00752184,
75810,712.000656,-0.00271125,0.00736769,
75810,662.325659,-0.00256363,0.00695606,
75810,586.9245,-0.00235465,0.00639406,
75810,495.718722,-0.00212097,0.005734,
75810,398.745721,-0.00187535,0.00503826,
75810,296.831463,-0.00161606,0.00433264,
75810,206.403711,-0.00140056,0.00373038,
75810,133.447129,-0.00122521,0.00323961,
75810,85.670815,-0.00113525,0.00298561,
75810,73.725529,-0.00112118,0.00293509,
75810,86.974991,-0.00117116,0.00308387,
75810,132.679114,-0.00130333,0.00345527,
75810,209.330862,-0.00151041,0.00402036,
75810,297.319322,-0.00172852,0.00465714,
75810,399.165956,-0.0020006,0.00539535,
75810,499.095101,-0.00224877,0.00608828,
76010,593.99124,-0.00249862,0.00675146,
76010,671.314878,-0.00266385,0.00722115,
76010,710.783415,-0.00275898,0.00746312,
76010,724.834823,-0.00277611,0.00752877,
76010,714.797412,-0.0027234,0.00737445,
76010,660.833092,-0.00257651,0.00695496,
76010,588.098264,-0.00236986,0.00640042,
76010,495.110104,-0.00212819,0.00573392,
76010,395.094021,-0.00188216,0.005038,
76010,295.580419,-0.00162678,0.00434114,
76010,206.55828,-0.00140631,0.0037277,
76010,131.877287,-0.00124072,0.00324838,
76010,86.78661,-0.0011484,0.0029842,
76010,73.411561,-0.00112501,0.00293984,
76010,85.92682,-0.00117004,0.00307953,
76010,132.113971,-0.00131409,0.00347383,
76010,212.103445,-0.0015208,0.00403336,
76010,295.754309,-0.00173683,0.00464974,
76010,401.465175,-0.00200853,0.00541474,
76010,502.558425,-0.00226095,0.00610292,
76210,595.488635,-0.00250401,0.00672332,
76210,669.329617,-0.00267649,0.00719003,
76210,709.604817,-0.00276361,0.0074335,
76210,724.984563,-0.002791,0.00750051,
76210,711.952353,-0.0027285,0.00733689,
76210,661.311293,-0.00257919,0.00692237,
76210,584.789504,-0.00237394,0.0063594,
76210,495.013498,-0.00213625,0.00570634,
76210,396.282272,-0.00188292,0.00499702,
76210,295.783291,-0.0016347,0.00430625,
76210,205.906192,-0.00141712,0.00370101,
76210,132.664623,-0.00124681,0.00320899,
76210,86.680344,-0.00114672,0.00296744,
76210,74.329314,-0.00112796,0.00290766,
76210,84.859327,-0.00118168,0.00305374,
76210,134.524282,-0.00132393,0.00345345,
76210,211.403054,-0.00152434,0.00399962,
76210,295.918539,-0.00174671,0.00463926,
76210,400.846898,-0.00201696,0.00539201,
76210,500.70359,-0.00226589,0.00606681,
76410,595.193986,-0.00249557,0.00676393,
76410,667.808068,-0.00266358,0.00723097,
76410,713.527038,-0.00275405,0.00747741,
76410,723.622412,-0.00277403,0.00752135,
76410,711.826764,-0.00272212,0.00738179,
76410,659.412979,-0.0025652,0.00694529,
76410,584.432061,-0.00235868,0.00638906,
76410,495.163237,-0.00212796,0.00573636,
76410,395.948982,-0.00187064,0.00503484,
76410,294.522586,-0.00162133,0.00433352,
76410,207.017157,-0.00141033,0.00373994,
76410,132.041517,-0.00124052,0.00324483,
76410,83.052802,-0.00114429,0.002992,
76410,73.488845,-0.00112818,0.00294954,
76410,86.419508,-0.00117313,0.00309171,
76410,133.920496,-0.00131395,0.00349257,
76410,212.832817,-0.00151404,0.00404347,
76410,298.391645,-0.00174239,0.00467874,
76410,401.296115,-0.00201687,0.00542723,
76410,500.302675,-0.00226075,0.00611383,
76610,595.56109,-0.00250187,0.00670152,
76610,671.092683,-0.00268277,0.00717594,
76610,712.150396,-0.00276646,0.007423,
76610,725.057018,-0.00279316,0.00747967,
76610,711.039422,-0.00273057,0.00731608,
76610,659.697968,-0.00237291,0.00632952,
76610,493.878378,-0.00213357,0.00567666,
76610,394.615822,-0.00188625,0.00496675,
76610,293.836686,-0.00163206,0.00426738,
76610,204.800057,-0.00141617,0.00367261,
76610,130.838777,-0.00124628,0.00317753,
76610,84.434263,-0.00115627,0.00293541,
76610,72.677358,-0.00113849,0.00288454,
76610,85.675645,-0.00119445,0.00303418,
76610,135.113576,-0.0013341,0.00344408,
76610,210.180992,-0.0015229,0.00396512,
76610,298.821541,-0.00176338,0.00464035,
76610,401.885411,-0.00202637,0.00536764,
76610,500.350978,-0.00227282,0.00605312,
76810,594.652992,-0.00250945,0.00673979,
76810,672.160183,-0.00267538,0.00722134,
76810,711.396866,-0.00276438,0.00745249,
76810,724.48704,-0.00278096,0.00751139,
76810,711.706006,-0.00272694,0.00735095,
76810,659.156972,-0.00257527,0.00692607,
76810,583.171351,-0.00236866,0.00635702,
76810,493.453312,-0.00213224,0.00569778,
76810,393.002505,-0.00188175,0.00500792,
76810,293.57102,-0.00162716,0.004299,
76810,204.790396,-0.00141355,0.00371593,
76810,131.007837,-0.00123967,0.00320993,
76810,83.87878,-0.0011515,0.00296691,
76810,75.024875,-0.00113456,0.00292885,
76810,86.9605,-0.00118924,0.0030732,
76810,134.427676,-0.00132406,0.00348625,
76810,213.286864,-0.00152271,0.00402379,
76810,298.609008,-0.00175772,0.00467068,
76810,404.083193,-0.00203077,0.00541212,
76810,502.853073,-0.00226981,0.00609039,
77010,594.672313,-0.00249104,0.00677585,
77010,671.933158,-0.00266905,0.00725693,
77010,711.517624,-0.00276166,0.00750468,
77010,724.825162,-0.00277614,0.00754823,
77010,712.135905,-0.00271705,0.00738477,
77010,655.862697,-0.00255883,0.00695176,
77010,584.422401,-0.0023665,0.00641755,
77010,491.31832,-0.00211551,0.00572548,
77010,392.041277,-0.00187591,0.00503448,
77010,294.450132,-0.00161658,0.00434326,
77010,202.447709,-0.00139773,0.00373433,
77010,130.824286,-0.00123267,0.00325965,
77010,85.743269,-0.00114363,0.00301329,
77010,70.817699,-0.00112618,0.00295965,
77010,85.950971,-0.00118634,0.00312376,
77010,135.954045,-0.00131196,0.00351834,
77010,213.760232,-0.00151979,0.00407261,
77010,298.072847,-0.00174275,0.00470598,
77010,404.18463,-0.00202002,0.00546921,
77010,504.374618,-0.00226365,0.00613717,
77210,596.773497,-0.00249473,0.00674862,
77210,672.962016,-0.00267082,0.00722263,
77210,710.720621,-0.00275659,0.00745402,
77210,725.8347,-0.00277503,0.00750766,
77210,710.189285,-0.00271443,0.0073388,
77210,657.814145,-0.00256118,0.00691567,
77210,584.229188,-0.00235786,0.00635409,
77210,490.656569,-0.00211567,0.00568487,
77210,394.340495,-0.00186687,0.00500189,
77210,291.981856,-0.00161109,0.0042867,
77210,203.901624,-0.00139886,0.00369956,
77210,132.191256,-0.00122882,0.00322348,
77210,83.390922,-0.00113433,0.00296113,
77210,72.822266,-0.00112642,0.00293244,
77210,88.540002,-0.00117843,0.00308423,
77210,136.475715,-0.00131349,0.00348149,
77210,215.161014,-0.00151967,0.00404044,
77210,299.840731,-0.0017511,0.00467969,
77210,403.875491,-0.0020137,0.00542245,
77210,505.128144,-0.00226684,0.00611869,
77410,597.348304,-0.00229239,0.00609711,
77410,671.865534,-0.00251787,0.00672853,
77410,713.159933,-0.00269164,0.00719991,
77410,724.293827,-0.00278076,0.00744077,
77410,710.126491,-0.00279941,0.00747657,
77410,658.403443,-0.00273848,0.0073182,
77410,580.804501,-0.00257952,0.00689804,
77410,491.212053,-0.0023738,0.00632499,
77410,392.915559,-0.00213964,0.00565942,
77410,291.093083,-0.0018882,0.00496805,
77410,202.331782,-0.00163708,0.00426829,
77410,128.655489,-0.00141684,0.00366491,
77410,85.313374,-0.00125132,0.00319328,
77410,73.503336,-0.00116869,0.00294691,
77410,86.390527,-0.00114896,0.00290681,
77410,136.185899,-0.00119894,0.00305686,
77410,215.228638,-0.00134444,0.00347396,
77410,300.48799,-0.00153902,0.00402238,
77410,404.793246,-0.00176271,0.00465703,
77410,505.596684,-0.00204908,0.00541279,
77610,596.19869,-0.00250745,0.00678522,
77610,675.338532,-0.00268305,0.00727344,
77610,712.759017,-0.00276771,0.00748504,
77610,723.999177,-0.00278276,0.00753828,
77610,711.276108,-0.00272703,0.00737468,
77610,657.529156,-0.00256329,0.00692919,
77610,582.37435,-0.00236619,0.00638249,
77610,491.033332,-0.00212819,0.00570941,
77610,389.379786,-0.00187171,0.00499815,
77610,291.595433,-0.00162333,0.00431783,
77610,203.360633,-0.00140591,0.00371351,
77610,129.268935,-0.00124114,0.00323035,
77610,83.579303,-0.00115202,0.00299618,
77610,74.918608,-0.00112691,0.00295212,
77610,84.975254,-0.00118961,0.00309939,
77610,138.253259,-0.00133259,0.00352106,
77610,213.682947,-0.00153313,0.00405942,
77610,302.951436,-0.00176541,0.00471357,
77610,404.754604,-0.00202985,0.00544748,
77610,506.495119,-0.00227761,0.00615778,
77810,597.985904,-0.00252489,0.00679327,
77810,674.923124,-0.00269349,0.00726796,
77810,712.976381,-0.0027986,0.00753715,
77810,710.155473,-0.00273706,0.00737199,
77810,657.505005,-0.0025815,0.00694113,
77810,580.79484,-0.00237829,0.00638009,
77810,489.106043,-0.00213209,0.00569919,
77810,388.848454,-0.00163299,0.00431854,
77810,200.863376,-0.00141956,0.00371589,
77810,130.128725,-0.00125863,0.00325063,
77810,85.178126,-0.00115882,0.00299857,
77810,73.170046,-0.00114992,0.0029551,
77810,87.332432,-0.00121324,0.00312283,
77810,140.199863,-0.00134606,0.00353849,
77810,214.180466,-0.00154543,0.00407064,
77810,303.724281,-0.00178137,0.00473542,
77810,408.092336,-0.00205345,0.00547568,
77810,506.67384,-0.00229802,0.00615069,
78010,602.154461,-0.00253146,0.00679958,
78010,672.541778,-0.00268933,0.00725597,
78010,714.198452,-0.00277825,0.00749702,
78010,725.53522,-0.00279918,0.00753323,
78010,710.083018,-0.00273439,0.00736414,
78010,657.012312,-0.00258289,0.00693338,
78010,581.074998,-0.00238051,0.00637111,
78010,487.328494,-0.00212291,0.00568785,
78010,390.249239,-0.00188782,0.00500574,
78010,291.025459,-0.00162412,0.0043041,
78010,200.100192,-0.00141384,0.00371057,
78010,128.979118,-0.00124812,0.00322272,
78010,84.463244,-0.0011576,0.00298182,
78010,73.348767,-0.00115453,0.00295759,
78010,89.19692,-0.00121512,0.00312581,
78010,137.364487,-0.00134535,0.00350914,
78010,215.455661,-0.00154898,0.00408272,
78010,306.269842,-0.00179217,0.00473133,
78010,405.503299,-0.00205362,0.0054624,
78010,508.364445,-0.00230071,0.00615837,
78210,600.376907,-0.00250962,0.00680517,
78210,672.136031,-0.00267952,0.00726137,
78210,714.068034,-0.00277233,0.00750722,
78210,723.414708,-0.00277522,0.00753758,
78210,708.894759,-0.00271562,0.00735801,
78210,579.345748,-0.00256728,0.00693521,
78210,488.08685,-0.00235638,0.0063648,
78210,389.59715,-0.00211622,0.0056948,
78210,287.016322,-0.00186332,0.00499937,
78210,201.631391,-0.00160849,0.00429475,
78210,129.297917,-0.00140384,0.00370861,
78210,83.091444,-0.00122681,0.00323609,
78210,71.68232,-0.00114591,0.00297732,
78210,89.935953,-0.00113444,0.00295928,
78210,137.663965,-0.0011867,0.00311884,
78210,216.716365,-0.00132832,0.00351945,
78210,305.298955,-0.00153621,0.0040867,
78210,405.532281,-0.00176102,0.00472743,
78210,508.417578,-0.00202933,0.00546848,
78410,600.850277,-0.00252328,0.00678654,
78410,675.425477,-0.0026921,0.00724154,
78410,713.285522,-0.00277445,0.0074725,
78410,725.854021,-0.00279069,0.00751891,
78410,709.025178,-0.00272513,0.00732924,
78410,654.268694,-0.00257029,0.0069045,
78410,580.553325,-0.00236697,0.00634231,
78410,486.763349,-0.00211438,0.00566243,
78410,390.587359,-0.00187579,0.00496755,
78410,287.504181,-0.00161599,0.00425807,
78410,199.979435,-0.00139982,0.0036811,
78410,128.694132,-0.00123709,0.00319861,
78410,82.864421,-0.00115292,0.00295576,
78410,73.599942,-0.00114012,0.00293184,
78410,89.824857,-0.00119804,0.00309554,
78410,137.75091,-0.00133919,0.00351115,
78410,218.315189,-0.00154849,0.00406424,
78410,303.20261,-0.00177735,0.00470463,
78410,410.193513,-0.0020508,0.0054591,
78410,509.185596,-0.00228654,0.00613267,
78610,603.434493,-0.00252159,0.00682977,
78610,673.783169,-0.00267722,0.00725598,
78610,712.131075,-0.00276176,0.00750181,
78610,726.515776,-0.0027806,0.00754947,
78610,708.218514,-0.00271316,0.00736068,
78610,654.094802,-0.00255942,0.00692969,
78610,580.63544,-0.0023557,0.00636886,
78610,486.227186,-0.00210091,0.00568166,
78610,388.587619,-0.00186012,0.00500095,
78610,287.977549,-0.00160403,0.00429486,
78610,198.70424,-0.00138567,0.00370455,
78610,126.394918,-0.00122742,0.00323298,
78610,84.931782,-0.00114123,0.00299006,
78610,72.754642,-0.00113158,0.00296247,
78610,88.897443,-0.0011894,0.00312749,
78610,140.170881,-0.00133389,0.00355286,
78610,217.030333,-0.00153186,0.00409483,
78610,305.284464,-0.00176578,0.00475251,
78610,410.6379,-0.0020347,0.00549705,
78610,509.035857,-0.0022796,0.00617456,
78810,601.004847,-0.00253461,0.00673734,
78810,676.589584,-0.00270807,0.00721839,
78810,713.362807,-0.00278687,0.00742098,
78810,724.03782,-0.00280017,0.00747467,
78810,710.909003,-0.002738,0.0073008,
78810,654.471567,-0.00256916,0.00684637,
78810,579.181518,-0.0023682,0.00628857,
78810,485.169351,-0.00212661,0.00561122,
78810,387.027435,-0.00187585,0.00492006,
78810,285.857054,-0.00161815,0.00421374,
78810,198.617295,-0.00141029,0.00363196,
78810,126.887606,-0.0012455,0.00315646,
78810,84.081652,-0.00115287,0.00292013,
78810,73.503336,-0.00114417,0.00289023,
78810,89.481907,-0.0012113,0.00307008,
78810,138.78942,-0.00134719,0.00346496,
78810,217.977069,-0.00155511,0.0040441,
78810,307.74791,-0.0020503,0.00542302,
78810,512.243176,-0.00229664,0.00612846,
79010,600.768162,-0.00252164,0.00683089,
79010,677.60395,-0.00268988,0.00729731,
79010,713.41594,-0.00277181,0.00751019,
79010,722.946167,-0.0027868,0.0075547,
79010,708.841626,-0.00272375,0.00737816,
79010,653.259158,-0.00255897,0.00692284,
79010,577.505401,-0.0023579,0.00637111,
79010,487.444421,-0.00211628,0.00568985,
79010,384.105109,-0.00186083,0.00499041,
79010,285.514104,-0.00160641,0.00429685,
79010,198.496538,-0.00139453,0.00369941,
79010,126.332124,-0.00123795,0.00324292,
79010,82.173691,-0.00114711,0.00299293,
79010,72.614564,-0.00114011,0.00296974,
79010,88.704231,-0.00120346,0.003151,
79010,140.484849,-0.00133262,0.00355368,
79010,218.735423,-0.00154509,0.00411696,
79010,308.892688,-0.00177449,0.00477248,
79010,409.903695,-0.00204611,0.0055062,
79010,510.716801,-0.00229595,0.00620037,
79210,600.985526,-0.00252814,0.00679784,
79210,676.729663,-0.00269457,0.00726511,
79210,715.676531,-0.00278083,0.00749449,
79210,723.781813,-0.00278426,0.00751947,
79210,708.315121,-0.00272267,0.00733844,
79210,654.490888,-0.00256701,0.00691059,
79210,577.070674,-0.00235763,0.00633539,
79210,482.604462,-0.00210816,0.00564596,
79210,385.930959,-0.00187319,0.00496971,
79210,285.127681,-0.00160535,0.00426374,
79210,197.955546,-0.00139389,0.00367766,
79210,125.820114,-0.00123591,0.00321054,
79210,84.627474,-0.00114484,0.00297563,
79210,71.986628,-0.00112774,0.00294271,
79210,90.839216,-0.00120357,0.00312962,
79210,141.228713,-0.00134327,0.00354312,
79210,220.590252,-0.00154024,0.00410185,
79210,306.781853,-0.00177075,0.00473951,
79210,412.043515,-0.00204543,0.00550123,
79210,513.059497,-0.0022952,0.00618402,
79410,678.091812,-0.00277804,0.00753517,
79410,724.617459,-0.00272005,0.00737695,
79410,653.481352,-0.00256483,0.00694176,
79410,575.355915,-0.00235576,0.00636591,
79410,484.02457,-0.00212064,0.00569504,
79410,285.021414,-0.00161488,0.00430699,
79410,198.01834,-0.00139741,0.00371308,
79410,124.646356,-0.00124045,0.00324214,
79410,81.623039,-0.00115429,0.00302272,
79410,74.198896,-0.00113879,0.00299153,
79410,88.747704,-0.00120063,0.00315621,
79410,139.914876,-0.0013479,0.00358714,
79410,220.918711,-0.00155038,0.00414005,
79410,306.414751,-0.00178197,0.00479163,
79410,413.328372,-0.0020558,0.00555125,
79410,512.054794,-0.00230495,0.00621854,
79610,602.898328,-0.00253576,0.00686846,
79610,675.628351,-0.00269677,0.00732197,
79610,713.754063,-0.00278517,0.00753614,
79610,723.351914,-0.00279101,0.00757057,
79610,707.566421,-0.00272504,0.00738971,
79610,651.921161,-0.0025612,0.00694289,
79610,576.114273,-0.00235142,0.00636902,
79610,482.855638,-0.00211514,0.00570181,
79610,385.699105,-0.00186115,0.00500138,
79610,284.137472,-0.00160921,0.00430282,
79610,196.627218,-0.00139995,0.00372117,
79610,125.520637,-0.00123581,0.00325036,
79610,81.536094,-0.00115783,0.00302077,
79610,73.590281,-0.00114464,0.00300337,
79610,90.336867,-0.00121317,0.00317036,
79610,142.54738,-0.00134779,0.00359717,
79610,221.23751,-0.00155741,0.00415316,
79610,309.414359,-0.00179211,0.00481065,
79610,411.946909,-0.00205537,0.00554982,
79610,511.354401,-0.00230481,0.00623558,
79810,512.320461,-0.00231111,0.00622779,
79810,604.815961,-0.00253954,0.00686632,
79810,677.328622,-0.00270569,0.00731451,
79810,712.483688,-0.0027855,0.00752192,
79810,724.772029,-0.00279224,0.0075599,
79810,708.745019,-0.00273328,0.00738776,
79810,653.148061,-0.00257436,0.00693596,
79810,573.969617,-0.00235605,0.00634475,
79810,482.763862,-0.00211904,0.00568132,
79810,383.936049,-0.00186863,0.00498319,
79810,283.895958,-0.00161489,0.0042833,
79810,197.298628,-0.00140687,0.00370924,
79810,125.361237,-0.00124323,0.00324435,
79810,81.845232,-0.00115564,0.00300086,
79810,73.614432,-0.00115135,0.00298011,
79810,91.747309,-0.00121561,0.00316978,
79810,142.832366,-0.00135095,0.00358351,
79810,218.938295,-0.00155892,0.00414034,
79810,310.96005,-0.00179328,0.00480034,
79810,414.149522,-0.00207237,0.0055488,
79810,512.194873,-0.00231058,0.00622545,
80010,512.479861,-0.00230235,0.00623137,
80010,607.491952,-0.00253877,0.00688121,
80010,677.207864,-0.00269014,0.00730643,
80010,712.95706,-0.00277723,0.00752817,
80010,724.64644,-0.0027884,0.00756969,
80010,709.290846,-0.00272678,0.00738447,
80010,649.689556,-0.00255876,0.0069212,
80010,576.283334,-0.00235529,0.00636568,
80010,480.430829,-0.00209937,0.00567076,
80010,383.071427,-0.00186055,0.00498595,
80010,283.726898,-0.00161153,0.00429153,
80010,194.868996,-0.00139501,0.00369919,
80010,125.023118,-0.00123886,0.00324588,
80010,82.622907,-0.00115165,0.00300929,
80010,72.976835,-0.00113946,0.00298968,
80010,91.752139,-0.00120912,0.00317681,
80010,141.252864,-0.00134707,0.00359359,
80010,222.382287,-0.00154543,0.00415485,
80010,309.820103,-0.00178614,0.00479647,
80010,415.10109,-0.00206715,0.00557226,
80210,512.890436,-0.0022983,0.0062358,
80210,608.279293,-0.00253369,0.00687596,
80210,675.034222,-0.00268957,0.00729597,
80210,715.671701,-0.00277386,0.00753462,
80210,725.057018,-0.00278239,0.00755403,
80210,706.170458,-0.00271046,0.00736649,
80210,650.83434,-0.00255037,0.0069165,
80210,573.766745,-0.00234607,0.00634413,
80210,482.227699,-0.00210297,0.00566466,
80210,381.603019,-0.00185184,0.00496299,
80210,283.408099,-0.0015967,0.00428914,
80210,195.767428,-0.00138823,0.00368875,
80210,122.723904,-0.00122239,0.00321728,
80210,83.057633,-0.00114703,0.00300707,
80210,74.561168,-0.0011358,0.00298015,
80210,90.853707,-0.00120487,0.00316215,
80210,145.47453,-0.00134551,0.00359693,
80210,221.995865,-0.00154462,0.00415236,
80210,309.7718,-0.0017823,0.00479978,
80210,415.212187,-0.0020553,0.00555418,
80410,516.126737,-0.00231198,0.00624291,
80410,607.723807,-0.00254159,0.0068684,
80410,678.125625,-0.00269421,0.00731633,
80410,714.947152,-0.00279476,0.0075534,
80410,707.99632,-0.00271999,0.00736847,
80410,650.761885,-0.00255391,0.00691384,
80410,574.578236,-0.00235573,0.00634384,
80410,478.832,-0.00209589,0.00565382,
80410,382.361374,-0.00185632,0.0049744,
80410,280.302226,-0.00159008,0.00425354,
80410,193.835315,-0.00139159,0.00368762,
80410,124.361369,-0.00122872,0.00321935,
80410,81.743796,-0.00114474,0.00299905,
80410,74.527356,-0.00113878,0.00298244,
80410,90.375509,-0.00120577,0.00315767,
80410,143.180146,-0.0013461,0.00358521,
80410,223.174454,-0.00155873,0.00415944,
80410,310.462531,-0.0017872,0.00480201,
80410,416.081639,-0.00205729,0.0055603,
80610,512.769679,-0.00231914,0.00622468,
80610,608.781645,-0.0025425,0.00687396,
80610,677.917921,-0.00270276,0.00729931,
80610,713.425601,-0.00278283,0.00751281,
80610,725.293704,-0.0027961,0.00755358,
80610,707.194486,-0.00273252,0.00735163,
80610,648.868402,-0.00256159,0.00689825,
80610,573.674969,-0.00235923,0.0063383,
80610,479.421296,-0.00210211,0.00564306,
80610,380.477561,-0.00185935,0.00494855,
80610,281.22481,-0.00160808,0.0042599,
80610,192.072262,-0.0013947,0.00366793,
80610,124.390351,-0.0012292,0.00321952,
80610,82.347581,-0.00115192,0.0029877,
80610,72.305426,-0.00114145,0.00296713,
80610,90.74744,-0.00121044,0.00316131,
80610,144.7838,-0.00136321,0.00359506,
80610,223.879675,-0.00156276,0.00414607,
80610,312.954959,-0.00179644,0.00480512,
80610,417.984775,-0.00207462,0.00556306,
80810,516.088095,-0.00207407,0.00558655,
80810,609.264676,-0.00231007,0.00626262,
80810,677.782672,-0.00254353,0.00690402,
80810,714.227434,-0.00270585,0.00733453,
80810,725.704281,-0.00278204,0.00755115,
80810,705.784032,-0.00279559,0.00757586,
80810,649.868277,-0.00271582,0.00737319,
80810,573.53006,-0.00255845,0.00693517,
80810,478.33931,-0.00234518,0.00635231,
80810,381.29388,-0.00210708,0.00566655,
80810,279.138127,-0.00185262,0.00497296,
80810,193.163906,-0.00159461,0.00427397,
80810,124.03774,-0.00139375,0.00369684,
80810,80.386487,-0.001232,0.00323901,
80810,74.498374,-0.00114648,0.00300412,
80810,90.91167,-0.00114643,0.00299931,
80810,145.783668,-0.00121375,0.00317927,
80810,225.401214,-0.00135617,0.00361729,
80810,313.911356,-0.00155908,0.00417407,
80810,418.482295,-0.00179358,0.00482802,
81010,517.783531,-0.00234257,0.00621184,
81010,607.593389,-0.00256297,0.00683686,
81010,679.975636,-0.00273066,0.00728969,
81010,714.584878,-0.00280586,0.0074917,
81010,724.19722,-0.00281226,0.00751682,
81010,705.953094,-0.00274419,0.00732022,
81010,649.264488,-0.00258523,0.00687217,
81010,570.883052,-0.00236307,0.00627755,
81010,477.590614,-0.00212177,0.00560772,
81010,380.351973,-0.00187633,0.00491159,
81010,277.563454,-0.00161652,0.00420792,
81010,193.299154,-0.00140602,0.00364637,
81010,122.477559,-0.0012482,0.00317171,
81010,80.565207,-0.0011716,0.00295786,
81010,73.450203,-0.00116482,0.00293845,
81010,90.815064,-0.00122856,0.00312456,
81010,146.343981,-0.0013771,0.00357541,
81010,225.246645,-0.00158355,0.00412557,
81010,313.114358,-0.00181773,0.00477629,
81010,419.303444,-0.00209459,0.00554089,
81210,517.754549,-0.00231766,0.00624163,
81210,608.047438,-0.00254145,0.00687412,
81210,681.497186,-0.00271112,0.00732426,
81210,716.439722,-0.00278165,0.007515,
81210,722.274752,-0.00278819,0.00754275,
81210,706.899837,-0.0027236,0.00734196,
81210,650.167757,-0.00255877,0.00689584,
81210,570.172997,-0.00234619,0.00630416,
81210,476.542439,-0.00210493,0.00563021,
81210,379.641921,-0.00185562,0.00493286,
81210,277.263976,-0.00159903,0.00423485,
81210,193.468214,-0.0013983,0.00366296,
81210,121.419728,-0.00122978,0.00319403,
81210,79.014687,-0.00115235,0.00298368,
81210,73.319785,-0.00114917,0.00297092,
81210,91.414019,-0.001217,0.00316082,
81210,146.508211,-0.00136221,0.00359752,
81210,223.720276,-0.00156227,0.00414571,
81210,315.582635,-0.00181303,0.00482172,
81210,420.820156,-0.00207794,0.0055671,
81410,518.073349,-0.0020824,0.00561807,
81410,608.424202,-0.00232961,0.00628928,
81410,682.670954,-0.00255463,0.00691573,
81410,714.068034,-0.00272479,0.00738008,
81410,724.540173,-0.00278824,0.00755189,
81410,707.189656,-0.00280322,0.0075959,
81410,646.931446,-0.00273113,0.00739202,
81410,567.955887,-0.00255854,0.0069141,
81410,478.803018,-0.00234746,0.00635811,
81410,376.690613,-0.0021052,0.00567132,
81410,279.254054,-0.00185222,0.00495693,
81410,193.120433,-0.00160994,0.00429119,
81410,118.661637,-0.00139201,0.00369157,
81410,84.009198,-0.0012316,0.00322691,
81410,74.015346,-0.00116211,0.0030487,
81410,91.819763,-0.00115606,0.00300715,
81410,146.875312,-0.00121933,0.00320409,
81410,225.565444,-0.00137903,0.00365396,
81410,314.394384,-0.00157426,0.00419637,
81410,421.70893,-0.00181587,0.00486193,
81610,518.783403,-0.00233061,0.00625979,
81610,610.491575,-0.00256176,0.00690226,
81610,682.144449,-0.0027224,0.0073376,
81610,712.701053,-0.0027872,0.00752295,
81610,724.916939,-0.00280878,0.00756117,
81610,705.566668,-0.00272962,0.00734641,
81610,647.646333,-0.00256692,0.00689127,
81610,569.100669,-0.00235147,0.00631445,
81610,475.508756,-0.00210722,0.00562737,
81610,376.424947,-0.00185173,0.00492995,
81610,278.935255,-0.00161308,0.00424238,
81610,190.516911,-0.00139065,0.00365888,
81610,120.468162,-0.00123822,0.00320407,
81610,81.666511,-0.00115778,0.00299481,
81610,72.754642,-0.0011589,0.00297012,
81610,93.14326,-0.00122313,0.00317977,
81610,147.70129,-0.00137119,0.00360822,
81610,226.275496,-0.00158039,0.00417639,
81610,315.954567,-0.00181534,0.00482928,
81610,421.250053,-0.00208522,0.0055885,
81810,520.531972,-0.00235768,0.00625047,
81810,610.636484,-0.00257875,0.00686829,
81810,680.956191,-0.00273562,0.00731099,
81810,717.830855,-0.00281639,0.00751276,
81810,724.545004,-0.00282658,0.0075315,
81810,706.600357,-0.00274998,0.00732662,
81810,647.385496,-0.00257411,0.00686315,
81810,570.003936,-0.00237067,0.00628972,
81810,475.42181,-0.00212568,0.00559971,
81810,376.835522,-0.00187583,0.00489887,
81810,277.795308,-0.00162702,0.00422181,
81810,190.826049,-0.00141537,0.0036334,
81810,119.168817,-0.00125755,0.00317064,
81810,81.608548,-0.00117989,0.00296997,
81810,74.102291,-0.00117749,0.00295345,
81810,91.447831,-0.00124834,0.00314195,
81810,146.628968,-0.00140604,0.00359477,
81810,316.703261,-0.00160586,0.00415234,
81810,422.472117,-0.00183848,0.00481381,
82010,519.203639,-0.00234045,0.00628742,
82010,611.467297,-0.00256801,0.00692447,
82010,681.424732,-0.00272824,0.00734529,
82010,714.468951,-0.00280426,0.00755339,
82010,724.052311,-0.00282093,0.00757102,
82010,706.610017,-0.00273977,0.00736358,
82010,646.395281,-0.00257048,0.00689821,
82010,568.521033,-0.00235215,0.00631919,
82010,475.156144,-0.00211156,0.00562844,
82010,376.565026,-0.00187221,0.00493736,
82010,276.520112,-0.00161315,0.0042438,
82010,189.734405,-0.00140262,0.0036678,
82010,119.787093,-0.001239,0.0032102,
82010,81.743796,-0.00117115,0.00300421,
82010,73.933231,-0.00116795,0.00299244,
82010,93.051485,-0.001233,0.00318325,
82010,148.184318,-0.00138778,0.00363402,
82010,226.884111,-0.00158883,0.00418887,
82010,317.113836,-0.00182748,0.00485513,
82010,422.713631,-0.00209828,0.00560042,
82210,520.797638,-0.00233647,0.00626738,
82210,610.655805,-0.0025697,0.00689876,
82210,682.936621,-0.00272848,0.00733189,
82210,713.328995,-0.00279014,0.00751365,
82210,724.202051,-0.00280831,0.00754602,
82210,704.513658,-0.00273523,0.00733529,
82210,644.646708,-0.00256277,0.00686794,
82210,568.385784,-0.00235077,0.00629718,
82210,473.083947,-0.00210228,0.00560671,
82210,373.729646,-0.00185344,0.00490898,
82210,276.404185,-0.00160674,0.00422105,
82210,187.391718,-0.00139269,0.00363633,
82210,120.183176,-0.00123904,0.00319924,
82210,80.879176,-0.00116546,0.00297994,
82210,72.126706,-0.0011616,0.00296435,
82210,94.418454,-0.00123491,0.00317335,
82210,148.749461,-0.00138314,0.00361201,
82210,228.424972,-0.00158534,0.00417734,
82210,317.703131,-0.00183169,0.00484302,
82210,421.989087,-0.00209701,0.00558736,
82410,522.560698,-0.00234817,0.00630124,
82410,613.805167,-0.00257522,0.00692886,
82410,681.072118,-0.00272866,0.0073429,
82410,717.859837,-0.00280531,0.00756097,
82410,724.071632,-0.00280612,0.00756314,
82410,703.760128,-0.0027234,0.00734698,
82410,647.351684,-0.0025651,0.00689224,
82410,566.878729,-0.00234992,0.00630036,
82410,472.852092,-0.00210851,0.0056235,
82410,375.246357,-0.00185867,0.00491605,
82410,274.660453,-0.00161003,0.00423978,
82410,189.579836,-0.00139754,0.00365184,
82410,118.956284,-0.0012387,0.00320837,
82410,81.898365,-0.00116878,0.00299961,
82410,73.348767,-0.00116344,0.00298238,
82410,91.583079,-0.00124015,0.00319024,
82410,149.778311,-0.0013952,0.003644,
82410,229.506955,-0.00159506,0.00420335,
82410,318.070233,-0.00183475,0.00486795,
82410,424.940396,-0.00211124,0.00562163,
82610,522.449601,-0.00233903,0.00630609,
82610,614.974102,-0.00256838,0.0069471,
82610,682.820694,-0.00272169,0.00736041,
82610,714.75394,-0.00279588,0.00755134,
82610,724.453228,-0.00280318,0.00756971,
82610,703.909868,-0.00271895,0.00735131,
82610,644.893054,-0.00255767,0.006898,
82610,566.907711,-0.00234757,0.00631638,
82610,471.335379,-0.00208828,0.00560772,
82610,372.985781,-0.00184824,0.00492838,
82610,274.906797,-0.0015972,0.00423401,
82610,185.730101,-0.00138311,0.0036552,
82610,120.2508,-0.00123825,0.00321139,
82610,79.92761,-0.00115413,0.00299865,
82610,72.740151,-0.00115236,0.0030016,
82610,94.698611,-0.00122696,0.00318983,
82610,147.203771,-0.00138213,0.00364302,
82610,230.43437,-0.00158672,0.00421774,
82610,317.36018,-0.00182076,0.00486305,
82610,424.83896,-0.00209583,0.00563318,
82810,521.840983,-0.00234199,0.00634146,
82810,614.920969,-0.00256598,0.00695959,
82810,681.178385,-0.00272162,0.00737834,
82810,716.922754,-0.00280019,0.0075893,
82810,724.03782,-0.00279844,0.00759881,
82810,705.170582,-0.00272162,0.00738316,
82810,646.559512,-0.00255361,0.0069169,
82810,564.246213,-0.00233842,0.00633074,
82810,473.489691,-0.0020978,0.00564182,
82810,372.227425,-0.00184369,0.00493939,
82810,274.075988,-0.0015981,0.00425951,
82810,188.768349,-0.00139238,0.00368565,
82810,116.043624,-0.00122789,0.00322135,
82810,80.888836,-0.00116186,0.00303805,
82810,74.957251,-0.00115695,0.00302169,
82810,92.201355,-0.00122436,0.00322274,
82810,152.246585,-0.0013816,0.00367934,
82810,228.961133,-0.00158402,0.00423453,
82810,320.301825,-0.00182997,0.00491976,
82810,426.495751,-0.00209176,0.00566028,
83010,522.034195,-0.0021057,0.00565112,
83010,615.234939,-0.00234739,0.00633012,
83010,682.9173,-0.00258064,0.00696162,
83010,716.198206,-0.00272693,0.00736301,
83010,724.660931,-0.00280424,0.00757587,
83010,702.301371,-0.00281061,0.00759097,
83010,643.782082,-0.0027302,0.00736238,
83010,565.859534,-0.00256131,0.0069022,
83010,469.606133,-0.00234963,0.00631336,
83010,374.492831,-0.00209948,0.00562266,
83010,271.844396,-0.00185192,0.00493645,
83010,186.845896,-0.00159991,0.00423666,
83010,119.120514,-0.00139374,0.00366075,
83010,78.976045,-0.0012417,0.00322798,
83010,73.305294,-0.00116319,0.00301,
83010,95.510098,-0.00116221,0.00301373,
83010,148.672177,-0.00123814,0.00321852,
83010,229.062569,-0.00138861,0.0036658,
83010,320.200389,-0.00159226,0.00423625,
83010,425.761546,-0.00184348,0.00490898,
83210,525.376764,-0.00236824,0.00628748,
83210,615.003084,-0.0025901,0.00690578,
83210,682.907639,-0.00274142,0.00732287,
83210,717.376804,-0.00282163,0.00752962,
83210,724.984563,-0.00281683,0.00753409,
83210,702.301371,-0.00273973,0.00730239,
83210,645.506504,-0.00257429,0.00685417,
83210,563.758352,-0.00235573,0.00624218,
83210,468.186026,-0.00211272,0.00557059,
83210,373.251447,-0.00186756,0.00487774,
83210,271.105363,-0.00161619,0.00418066,
83210,187.440021,-0.00140586,0.00361767,
83210,116.734355,-0.00124366,0.00315857,
83210,78.55098,-0.00118526,0.00296471,
83210,74.411429,-0.00117166,0.00295978,
83210,94.674459,-0.00125025,0.00316474,
83210,151.135621,-0.00141089,0.00362841,
83210,231.419748,-0.00161195,0.00418102,
83210,320.258353,-0.00185047,0.00485319,
83210,428.529304,-0.00212886,0.00562089,
83410,524.637727,-0.00233495,0.00634608,
83410,615.263921,-0.00257328,0.00697782,
83410,683.255422,-0.00272622,0.00738977,
83410,715.705513,-0.00279231,0.0075816,
83410,723.989517,-0.0028015,0.00759056,
83410,703.083883,-0.00272437,0.00736717,
83410,643.047874,-0.00255768,0.00690748,
83410,563.990206,-0.00233862,0.00631534,
83410,469.610963,-0.00208905,0.00562346,
83410,370.353273,-0.00184331,0.0049214,
83410,271.23095,-0.00159352,0.00424764,
83410,185.908821,-0.00138458,0.00366382,
83410,116.091927,-0.00122381,0.00321621,
83410,81.545754,-0.00115209,0.00302596,
83410,73.363258,-0.00115172,0.00300904,
83410,95.060882,-0.00123398,0.00322874,
83410,153.01943,-0.00139213,0.00369088,
83410,230.376406,-0.00159168,0.00424626,
83410,320.775193,-0.00183271,0.00491514,
83410,428.418208,-0.00210786,0.00567225,
83610,527.704969,-0.00236364,0.00637226,
83610,615.220448,-0.00257679,0.00696713,
83610,684.303601,-0.00273949,0.00740886,
83610,718.255923,-0.00279657,0.00758936,
83610,723.120058,-0.00280612,0.00759682,
83610,702.28688,-0.00272093,0.00737477,
83610,643.893179,-0.00255862,0.00690414,
83610,562.101557,-0.0023375,0.00630785,
83610,469.910442,-0.00210104,0.00563584,
83610,370.063456,-0.00184033,0.00491706,
83610,271.023248,-0.00159796,0.00424771,
83610,185.778404,-0.00138824,0.00366205,
83610,116.14506,-0.00123132,0.00322204,
83610,80.405808,-0.00115963,0.0030261,
83610,74.247199,-0.00117067,0.00302609,
83610,95.133336,-0.00123767,0.00323518,
83610,151.937447,-0.00139797,0.00370036,
83610,231.11544,-0.00160148,0.00425435,
83610,322.514097,-0.00184524,0.00493334,
83610,428.592098,-0.00211008,0.00568409,
83810,528.101054,-0.0023463,0.0063673,
83810,618.688611,-0.00258257,0.00699764,
83810,684.110388,-0.00272758,0.00738768,
83810,717.029021,-0.00279958,0.00759432,
83810,724.525682,-0.00280271,0.00760747,
83810,703.209471,-0.00272123,0.00736803,
83810,641.89826,-0.00254738,0.00689681,
83810,563.985376,-0.00233181,0.00631341,
83810,467.93002,-0.00208548,0.00561896,
83810,369.691523,-0.00183565,0.00492247,
83810,270.482256,-0.00158934,0.00424244,
83810,185.672138,-0.00138202,0.00366178,
83810,115.053417,-0.00122762,0.00320708,
83810,80.207766,-0.00116443,0.00303542,
83810,73.527487,-0.00115888,0.00301809,
83810,94.582684,-0.00123464,0.00323389,
83810,153.7005,-0.0013942,0.00369929,
83810,232.110478,-0.00159573,0.00425625,
83810,323.832765,-0.00183981,0.00493885,
83810,429.055806,-0.00211079,0.00567529,
84010,527.830557,-0.00235166,0.0063766,
84010,615.756613,-0.00257158,0.00700282,
84010,685.689903,-0.00272585,0.00742051,
84010,717.975764,-0.00279706,0.00760635,
84010,723.748,-0.0027999,0.00761272,
84010,703.431666,-0.00272207,0.00739134,
84010,640.487808,-0.00254574,0.0069073,
84010,561.937327,-0.00233611,0.00632538,
84010,467.978323,-0.0020859,0.00563046,
84010,368.488781,-0.00182518,0.00491164,
84010,270.318026,-0.00158505,0.00424938,
84010,184.546682,-0.0013745,0.00366855,
84010,116.241666,-0.00121947,0.00322371,
84010,78.169388,-0.00115246,0.00302691,
84010,73.459863,-0.00115712,0.00303329,
84010,96.461663,-0.0012269,0.00325196,
84010,152.768256,-0.00138333,0.00369394,
84010,233.105517,-0.00159135,0.00428188,
84010,325.668274,-0.00183587,0.00495249,
84010,428.703195,-0.00209917,0.00569384,
84210,528.221811,-0.00234918,0.00638552,
84210,616.036771,-0.00257637,0.00699274,
84210,687.535084,-0.00273727,0.00743012,
84210,718.763107,-0.002803,0.00760361,
84210,723.5886,-0.0028037,0.0076082,
84210,703.721486,-0.00272049,0.0073782,
84210,640.850082,-0.00254641,0.0069003,
84210,562.729497,-0.00233875,0.00632163,
84210,467.524275,-0.002089,0.00562191,
84210,367.62899,-0.0018335,0.00491217,
84210,269.313327,-0.00137813,0.00365498,
84210,114.802242,-0.00122699,0.00323154,
84210,79.710247,-0.00116122,0.00303437,
84210,73.131404,-0.00115813,0.00303078,
84210,96.084901,-0.00123657,0.00325385,
84210,153.574913,-0.00139657,0.00370767,
84210,234.17784,-0.00159826,0.00428198,
84210,324.842295,-0.00184701,0.00495418,
84210,430.949281,-0.00210957,0.0057074,
84410,528.545441,-0.00236284,0.00640156,
84410,619.587049,-0.0025845,0.00700247,
84410,683.960649,-0.00273041,0.00741309,
84410,718.458797,-0.00280584,0.00761744,
84410,700.436868,-0.00271341,0.00736753,
84410,641.791993,-0.00255744,0.00692145,
84410,562.739157,-0.00233384,0.00631086,
84410,464.693722,-0.00208695,0.00561734,
84410,368.831732,-0.00183542,0.00491778,
84410,266.787088,-0.00158877,0.00423174,
84410,184.638457,-0.00138642,0.0036755,
84410,114.333705,-0.00123037,0.00322474,
84410,79.463903,-0.00115926,0.00303534,
84410,74.029837,-0.00116206,0.00303691,
84410,95.993126,-0.00124034,0.00325502,
84410,154.946713,-0.00140028,0.00372473,
84410,233.404994,-0.00160417,0.00428412,
84410,325.639292,-0.00184815,0.00496392,
84410,433.306465,-0.00211848,0.00572111,
84610,529.796489,-0.0023487,0.00639834,
84610,618.427774,-0.00258058,0.00702024,
84610,686.670457,-0.00272565,0.00742973,
84610,717.627981,-0.0027952,0.00760989,
84610,724.168238,-0.00280339,0.00761681,
84610,702.823046,-0.00271686,0.00738567,
84610,639.096678,-0.00253185,0.00689785,
84610,561.66683,-0.00232728,0.00631633,
84610,465.944768,-0.0020771,0.00561171,
84610,367.049355,-0.00182579,0.00491338,
84610,267.965678,-0.00158133,0.00422958,
84610,182.435848,-0.00137899,0.00366529,
84610,114.517255,-0.00122772,0.00322597,
84610,78.758682,-0.00115077,0.00302823,
84610,73.290803,-0.00115964,0.00303784,
84610,97.997693,-0.00124034,0.00326626,
84610,154.260813,-0.00139321,0.00372211,
84610,233.685151,-0.00160242,0.00429561,
84610,327.469971,-0.00184803,0.0049792,
84610,432.007116,-0.00210673,0.00570959,
84810,530.429259,-0.00237463,0.0064029,
84810,618.799708,-0.00259844,0.0070307,
84810,686.10531,-0.00274682,0.00742999,
84810,716.942075,-0.00280955,0.00760567,
84810,723.868758,-0.00281209,0.0076211,
84810,701.06964,-0.00273141,0.00738372,
84810,639.570049,-0.00255407,0.00689422,
84810,559.758859,-0.00234767,0.00631656,
84810,463.964347,-0.00208857,0.00560824,
84810,365.513323,-0.00183973,0.00490468,
84810,267.120378,-0.00159375,0.00423816,
84810,183.044464,-0.00138698,0.00365754,
84810,114.357856,-0.00123732,0.00322531,
84810,79.806853,-0.00116604,0.00303711,
84810,74.701246,-0.00117474,0.0030371,
84810,95.558401,-0.0012518,0.00326342,
84810,156.473082,-0.00141459,0.00373036,
84810,235.868439,-0.00161438,0.00430382,
84810,326.296212,-0.00186141,0.00497554,
84810,433.002156,-0.00213137,0.00572751,
85010,531.047538,-0.00237014,0.00637964,
85010,619.857546,-0.00259835,0.00698927,
85010,686.018364,-0.00275016,0.00740134,
85010,717.512054,-0.00281417,0.00758643,
85010,700.755669,-0.00272275,0.0073426,
85010,637.898761,-0.00254565,0.00685428,
85010,560.135623,-0.00233656,0.00627189,
85010,463.336408,-0.00209278,0.00557155,
85010,365.155881,-0.00183724,0.00486906,
85010,266.270248,-0.00159972,0.00419194,
85010,183.189372,-0.00138599,0.00361976,
85010,112.324308,-0.00122949,0.00317714,
85010,78.773173,-0.00116936,0.00299968,
85010,73.754511,-0.00116835,0.00300063,
85010,97.041297,-0.00124146,0.00322839,
85010,156.419949,-0.00141233,0.00370096,
85010,234.994157,-0.00161828,0.00426305,
85010,327.909528,-0.00186128,0.00495459,
85010,434.770044,-0.00213073,0.00570098,
85210,532.53044,-0.00237871,0.00638887,
85210,619.75611,-0.00260132,0.00700584,
85210,687.158319,-0.00274799,0.00741688,
85210,717.521714,-0.00281344,0.00758808,
85210,723.43886,-0.00280742,0.00759042,
85210,700.301619,-0.00272508,0.00735269,
85210,639.89851,-0.00255663,0.00687039,
85210,557.676998,-0.00233541,0.00626805,
85210,463.896723,-0.00209706,0.005598,
85210,365.609929,-0.00183842,0.0048821,
85210,265.019204,-0.00159068,0.00419163,
85210,181.426319,-0.00139504,0.00364365,
85210,114.94715,-0.00123741,0.00320482,
85210,77.560772,-0.00116717,0.00301161,
85210,75.068347,-0.0011715,0.00302979,
85210,98.340643,-0.00125588,0.0032534,
85210,155.946581,-0.00141749,0.00372757,
85210,238.061388,-0.00162621,0.004303,
85210,327.469971,-0.00186362,0.00496425,
85210,433.185707,-0.00213646,0.00573603,
85410,531.854198,-0.00237718,0.00642511,
85410,621.185882,-0.00260279,0.00704109,
85410,686.786385,-0.00275515,0.00744198,
85410,718.318717,-0.00281578,0.00761922,
85410,723.59826,-0.00281109,0.00762012,
85410,700.035951,-0.00273383,0.00739129,
85410,637.517166,-0.00254918,0.00688756,
85410,557.55141,-0.00234141,0.00630747,
85410,463.930535,-0.00208802,0.00560378,
85410,363.436298,-0.00183945,0.00490018,
85410,265.338003,-0.00160101,0.00422059,
85410,180.271882,-0.00139069,0.00364917,
85410,112.633446,-0.00124319,0.00322621,
85410,79.188577,-0.00117646,0.00303922,
85410,72.827096,-0.00117447,0.0030383,
85410,99.83803,-0.00126352,0.00328844,
85410,157.187964,-0.0014244,0.00374779,
85410,236.457733,-0.00162132,0.00430562,
85410,329.175063,-0.00187021,0.00500569,
85410,436.523441,-0.00213937,0.0057572,
85610,532.829919,-0.00239591,0.00645775,
85610,621.992544,-0.00260951,0.00706296,
85610,685.820321,-0.00275955,0.00746309,
85610,717.941952,-0.00282346,0.00764369,
85610,723.071755,-0.00282285,0.00764459,
85610,699.741301,-0.00256349,0.00691061,
85610,557.54175,-0.00234571,0.00631132,
85610,460.877788,-0.00209806,0.00561176,
85610,364.80327,-0.00185543,0.0049189,
85610,263.681215,-0.00159556,0.00422394,
85610,179.687418,-0.00140043,0.00365956,
85610,114.7636,-0.00125041,0.00324459,
85610,77.898892,-0.00117992,0.00303675,
85610,74.053988,-0.00118681,0.00305535,
85610,100.205131,-0.00126776,0.00329226,
85610,156.014205,-0.00141935,0.00375271,
85610,237.805383,-0.00163643,0.00433299,
85610,330.517883,-0.00188529,0.00501843,
85610,436.286756,-0.00214802,0.00576486,
85810,535.24507,-0.00239805,0.00646564,
85810,623.533413,-0.00260431,0.00706256,
85810,687.588218,-0.00274813,0.00745919,
85810,719.048096,-0.00281887,0.00765161,
85810,722.801257,-0.00281881,0.00763545,
85810,698.166617,-0.00272453,0.00739067,
85810,637.623433,-0.00254969,0.00691125,
85810,556.91381,-0.0023343,0.00630962,
85810,460.819824,-0.00209078,0.00561249,
85810,363.054706,-0.0018438,0.004907,
85810,263.816463,-0.00159647,0.00422843,
85810,178.682719,-0.00139227,0.00366293,
85810,113.406291,-0.00124627,0.00323722,
85810,78.092103,-0.00118551,0.00305166,
85810,75.145632,-0.0011828,0.00306161,
85810,98.789859,-0.00126904,0.00330282,
85810,157.854543,-0.00142811,0.00377226,
85810,236.617133,-0.00163101,0.00433737,
85810,331.203784,-0.00188445,0.00503791,
85810,437.590936,-0.00214028,0.00578283,
86010,534.477052,-0.00237392,0.00646939,
86010,623.910177,-0.00259529,0.00707778,
86010,688.38522,-0.00274307,0.00747224,
86010,720.139749,-0.00280751,0.00765429,
86010,723.405047,-0.00279798,0.0076411,
86010,698.799389,-0.00254476,0.00690788,
86010,553.909361,-0.0023226,0.00630013,
86010,460.863297,-0.00207833,0.00561452,
86010,363.112669,-0.00182691,0.00490792,
86010,263.753669,-0.00158366,0.00422353,
86010,179.581152,-0.00138574,0.00366109,
86010,110.725484,-0.00123188,0.00322617,
86010,77.430355,-0.00116813,0.00305102,
86010,73.894589,-0.00117623,0.00306362,
86010,98.553175,-0.00125339,0.00329141,
86010,156.09632,-0.00141284,0.00376679,
86010,239.906556,-0.00162799,0.00435011,
86010,330.875324,-0.00186763,0.00503503,
86010,437.977359,-0.00214212,0.00578367,
86210,622.823357,-0.00237758,0.00648761,
86210,689.926092,-0.00260327,0.0070974,
86210,718.231772,-0.00274874,0.00749558,
86210,723.14421,-0.00280626,0.00766351,
86210,700.48034,-0.0028097,0.00766502,
86210,635.517416,-0.00272139,0.00741018,
86210,556.585349,-0.00253918,0.00691674,
86210,460.191886,-0.0023225,0.00631771,
86210,360.871415,-0.00208457,0.00563271,
86210,261.382,-0.00182622,0.00490794,
86210,179.499037,-0.00158756,0.00423902,
86210,111.701201,-0.00138938,0.00367606,
86210,77.671869,-0.00123627,0.00324231,
86210,75.12148,-0.00118131,0.00307335,
86210,98.364794,-0.00117574,0.00307831,
86210,158.637048,-0.00125805,0.00330694,
86210,240.99337,-0.00142029,0.00379073,
86210,330.503392,-0.00162323,0.00437203,
86210,438.793679,-0.00187491,0.0050555,
86410,534.877967,-0.00239763,0.00643787,
86410,623.576886,-0.00260876,0.00704438,
86410,689.307811,-0.00275709,0.0074465,
86410,719.618074,-0.00281434,0.00761468,
86410,722.931676,-0.00281923,0.00761465,
86410,697.823664,-0.00272311,0.00735334,
86410,636.995492,-0.00255537,0.0068682,
86410,554.938216,-0.00233192,0.00625076,
86410,458.694494,-0.00208722,0.00556805,
86410,360.132381,-0.00182723,0.00484944,
86410,262.855236,-0.00159288,0.00417405,
86410,178.233503,-0.00138461,0.00361501,
86410,109.537235,-0.00124582,0.00317751,
86410,78.942233,-0.0011837,0.00300926,
86410,75.391976,-0.00118444,0.00301651,
86410,99.127979,-0.00126581,0.00325477,
86410,158.946186,-0.00143273,0.00372905,
86410,240.375094,-0.00163748,0.00431819,
86410,333.609267,-0.00188668,0.00500519,
86410,439.566526,-0.00215062,0.00575434,
86610,535.737761,-0.00237635,0.00650884,
86610,624.282111,-0.00259984,0.00712432,
86610,690.476748,-0.00274558,0.00753011,
86610,718.251093,-0.00280368,0.0076872,
86610,723.941213,-0.00280049,0.00768379,
86610,698.910486,-0.00271301,0.00743062,
86610,634.80253,-0.00253564,0.00692692,
86610,553.199306,-0.00231655,0.00633458,
86610,458.573737,-0.00207307,0.00563542,
86610,359.659012,-0.00181601,0.00491252,
86610,262.691007,-0.00158293,0.00423771,
86610,176.262748,-0.00137909,0.00367674,
86610,112.425744,-0.00123381,0.00325326,
86610,78.396411,-0.0011739,0.00306815,
86610,74.445241,-0.00116952,0.00308417,
86610,99.572365,-0.00126427,0.00333539,
86610,160.501537,-0.00142156,0.0038061,
86610,238.26426,-0.0016216,0.00437642,
86610,335.865011,-0.00188128,0.00509247,
86610,438.745376,-0.00213494,0.00581975,
86810,536.897033,-0.00238787,0.0065034,
86810,626.682776,-0.00260333,0.00710541,
86810,688.153365,-0.00274755,0.0075055,
86810,720.975395,-0.00280524,0.0076809,
86810,724.728556,-0.00271399,0.00740028,
86810,635.556059,-0.00253055,0.00691092,
86810,553.503615,-0.00231856,0.00629341,
86810,458.14384,-0.00207106,0.00559702,
86810,359.296741,-0.00182156,0.00488358,
86810,260.932783,-0.00157785,0.00420267,
86810,176.736115,-0.00137631,0.00363631,
86810,111.082925,-0.00123614,0.00320957,
86810,75.966779,-0.00117035,0.00302209,
86810,73.455033,-0.00117957,0.00304441,
86810,99.32602,-0.00125777,0.00328759,
86810,161.370988,-0.00143171,0.0037821,
86810,240.036974,-0.00163078,0.00434456,
86810,335.778066,-0.00188903,0.00505687,
86810,439.981931,-0.00214694,0.00579703,
87010,537.124058,-0.00236381,0.00655765,
87010,625.2047,-0.00258436,0.00718299,
87010,689.88745,-0.00272375,0.00757431,
87010,718.975641,-0.00277882,0.00773428,
87010,722.129842,-0.00278434,0.00773673,
87010,697.070134,-0.00269108,0.00746842,
87010,634.063492,-0.0025113,0.00696693,
87010,552.899828,-0.00230378,0.00637346,
87010,459.28379,-0.00205835,0.0056633,
87010,356.910578,-0.00180087,0.00493826,
87010,260.599493,-0.00156874,0.00427436,
87010,176.30622,-0.00135923,0.00368995,
87010,109.522744,-0.00121095,0.00326361,
87010,79.618472,-0.00115687,0.00310121,
87010,76.174482,-0.00116624,0.00310555,
87010,100.499779,-0.00125045,0.00336502,
87010,162.250099,-0.00141435,0.00384622,
87010,242.002899,-0.00161379,0.00442127,
87010,333.382243,-0.00186577,0.00512878,
87010,442.372927,-0.00212038,0.00587907,
87210,537.3221,-0.00236287,0.00660361,
87210,628.238136,-0.00258488,0.00723077,
87210,688.008456,-0.00271016,0.00760187,
87210,719.033605,-0.00277827,0.0077993,
87210,724.4967,-0.00277496,0.00778458,
87210,695.413335,-0.00268542,0.00750257,
87210,632.918708,-0.0025079,0.00701466,
87210,553.445652,-0.0022951,0.00639085,
87210,454.820597,-0.0020514,0.00568376,
87210,357.147262,-0.00179833,0.00496666,
87210,260.179259,-0.00156679,0.00428282,
87210,176.011573,-0.00137188,0.00370545,
87210,109.595199,-0.00122867,0.00327182,
87210,77.652548,-0.00116399,0.00309922,
87210,74.483883,-0.00117471,0.00311382,
87210,101.335417,-0.00126071,0.0033731,
87210,161.013547,-0.00142301,0.00385504,
87210,243.249112,-0.00162421,0.00445484,
87210,334.536682,-0.00186924,0.00515169,
87210,442.054128,-0.00236198,0.0066094,
