N_cycles,Load,eyy,exx,Specimen_name
0,-15.90518,0.0,0.0,T1-FC-9-B5
0,-15.277244,-2.31e-05,4.86e-07,
0,-13.180901,-3.74e-05,3.17e-06,
0,-14.658967,-1.94e-05,8.14e-06,
0,-13.601136,-2.33e-05,2.12e-06,
0,-13.905443,-1.23e-05,2.62e-06,
1,527.468284,-0.00146715,0.00374044,
1,539.630985,-0.00148536,0.00379144,
1,539.650306,-0.00149322,0.00380829,
1,540.03673,-0.0014849,0.00379993,
1,535.539718,-0.00147244,0.00375897,
1,525.825982,-0.00144527,0.00369568,
1,514.812896,-0.00141382,0.00361091,
1,498.360895,-0.00136548,0.00349542,
1,479.885005,-0.00132289,0.00338245,
1,466.664482,-0.00128478,0.00329401,
1,450.014453,-0.00124534,0.00318053,
1,440.368355,-0.00123547,0.00314413,
1,437.547463,-0.00122968,0.00312474,
1,436.02592,-0.00122882,0.00312816,
1,444.609353,-0.00126031,0.00320776,
1,460.462382,-0.00130008,0.00331029,
1,475.523246,-0.00133977,0.00342295,
1,499.331785,-0.0014145,0.00360838,
1,523.918013,-0.00147133,0.0037593,
2,542.017154,-0.00152397,0.00389788,
2,565.188122,-0.00157571,0.00403626,
2,575.452521,-0.00159577,0.00408557,
2,580.01233,-0.00161332,0.00412555,
2,580.079955,-0.00159992,0.00410007,
2,568.941269,-0.00156238,0.00400598,
2,547.243542,-0.00151495,0.00387179,
2,527.502096,-0.00145069,0.00370165,
2,495.554492,-0.00136754,0.00348172,
2,468.340595,-0.00129807,0.00331597,
2,440.025404,-0.00122201,0.00312047,
2,415.052787,-0.00116854,0.00297709,
2,400.262433,-0.00113646,0.00288975,
2,396.364387,-0.0011355,0.00287828,
2,397.277312,-0.00114134,0.00290254,
2,412.038684,-0.00118985,0.00302731,
2,434.137275,-0.00124532,0.00318922,
2,466.249077,-0.00133673,0.00341746,
2,498.737659,-0.00141978,0.00364786,
2,536.186979,-0.00152175,0.00389912,
3,570.482137,-0.00160131,0.00411911,
3,596.435375,-0.00166337,0.0042771,
3,615.998128,-0.00171701,0.00440273,
3,624.446342,-0.00172339,0.00443333,
3,619.340703,-0.00170542,0.00437732,
3,601.009678,-0.00165171,0.00423427,
3,574.085545,-0.00157357,0.00403883,
3,537.3221,-0.00147598,0.00377331,
3,494.419371,-0.0013606,0.0034832,
3,454.907542,-0.00126471,0.00322195,
3,414.395867,-0.00116163,0.00294824,
3,381.776909,-0.00108779,0.00275943,
3,361.224026,-0.00103699,0.00264191,
3,352.77102,-0.00102917,0.00262233,
3,357.553006,-0.00104964,0.00267425,
3,379.173382,-0.00111371,0.00283854,
3,412.309181,-0.00120861,0.00308003,
3,455.883262,-0.00132078,0.00338411,
3,499.549149,-0.00143826,0.003693,
3,551.51353,-0.00157183,0.00404308,
4,594.493592,-0.00167207,0.00430485,
4,630.373134,-0.00176523,0.00455386,
4,656.988161,-0.00182164,0.00470661,
4,663.243419,-0.00182588,0.00471935,
4,658.012188,-0.00180675,0.00466057,
4,635.952144,-0.00173634,0.00447039,
4,596.614097,-0.001628,0.00418797,
4,550.24316,-0.00150376,0.00385583,
4,493.868717,-0.00135351,0.00346589,
4,438.016001,-0.00121744,0.00311289,
4,388.065947,-0.00109322,0.00278365,
4,346.984334,-0.000999153,0.00253713,
4,319.804306,-0.00094799,0.00238022,
4,311.143601,-0.000937665,0.00235816,
4,321.05535,-0.000973908,0.00244706,
4,346.960183,-0.00105214,0.00265018,
4,387.322083,-0.00116654,0.00294715,
4,444.329196,-0.0013213,0.00335006,
4,501.66965,-0.00147305,0.00373196,
4,565.197783,-0.00163372,0.0041668,
5,619.896189,-0.00176704,0.00451452,
5,663.620184,-0.0018819,0.00480335,
5,696.25381,-0.00194788,0.00498861,
5,704.339767,-0.00196334,0.00500816,
5,696.485666,-0.0019251,0.00491958,
5,668.271778,-0.00183926,0.00469435,
5,620.524129,-0.00171175,0.00433433,
5,560.753902,-0.00136646,0.00344166,
5,423.085564,-0.00119223,0.00300213,
5,363.851703,-0.00104489,0.00261368,
5,311.356134,-0.000913099,0.00228165,
5,279.746743,-0.000854182,0.00213274,
5,272.192177,-0.000841979,0.00210494,
5,280.04139,-0.000874713,0.00220127,
5,313.008092,-0.00097858,0.00246429,
5,368.445309,-0.00112251,0.00284303,
5,429.427739,-0.00128417,0.00328192,
5,505.785065,-0.0014935,0.00382079,
5,580.220034,-0.00167567,0.00428727,
6,642.51654,-0.00183019,0.00472266,
6,699.094039,-0.00196919,0.00507745,
6,734.509962,-0.00204424,0.00526767,
6,745.378194,-0.0020636,0.00532595,
6,736.804366,-0.00202397,0.00521614,
6,701.132434,-0.00191295,0.00492563,
6,644.163677,-0.00175505,0.00450429,
6,571.622089,-0.00156699,0.00400006,
6,491.076805,-0.00134815,0.00343033,
6,408.531892,-0.0011465,0.00289278,
6,338.212531,-0.000971584,0.0024424,
6,278.210712,-0.000832396,0.00207751,
6,240.848461,-0.000756201,0.00187975,
6,232.385804,-0.000745688,0.00185498,
6,240.360603,-0.000790162,0.00195559,
6,278.640607,-0.000914717,0.00227155,
6,343.405091,-0.00108291,0.00272965,
6,420.274333,-0.00128119,0.00325339,
6,507.238985,-0.00151555,0.0038589,
6,593.290845,-0.00172795,0.00442747,
7,667.716292,-0.00191578,0.00492241,
7,731.307457,-0.00206921,0.00533261,
7,776.234332,-0.00217956,0.00561052,
7,794.236978,-0.00219235,0.00565177,
7,766.607484,-0.0021077,0.00541459,
7,730.235125,-0.00201862,0.0051786,
7,674.184086,-0.00182717,0.00468383,
7,578.877208,-0.00159412,0.00403992,
7,489.613225,-0.00136022,0.00342926,
7,396.625223,-0.00111548,0.00279019,
7,308.849215,-0.000915075,0.00225993,
7,248.919866,-0.000769597,0.00189426,
7,202.29314,-0.00066557,0.00162147,
7,187.357906,-0.000650329,0.00158236,
7,204.370162,-0.000718791,0.00175265,
7,248.204984,-0.000834348,0.00208019,
7,316.534201,-0.00104076,0.00260387,
7,413.202785,-0.00128517,0.0032395,
7,509.185596,-0.00154107,0.00390382,
7,606.907485,-0.00178804,0.0045617,
8,695.954331,-0.00200951,0.00515312,
8,765.868444,-0.00218585,0.00561089,
8,819.828092,-0.00230502,0.0059334,
8,828.740065,-0.00230301,0.00593078,
8,809.032291,-0.00223674,0.00576338,
8,757.801796,-0.00208943,0.00534254,
8,690.998423,-0.00189517,0.00484014,
8,598.439953,-0.00164271,0.00416033,
8,484.430315,-0.00134793,0.0033724,
8,379.269988,-0.00109247,0.00271657,
8,288.566844,-0.000860649,0.0020986,
8,210.296919,-0.000681132,0.00164323,
8,163.829601,-0.000580809,0.0013968,
8,148.826746,-0.000555175,0.00134255,
8,160.883129,-0.000622706,0.00149942,
8,218.291037,-0.00078236,0.00191949,
8,294.503265,-0.000991975,0.00246341,
8,399.272223,-0.00127585,0.00320385,
8,511.151528,-0.00156589,0.00397063,
8,619.094357,-0.00183647,0.00469306,
9,719.719511,-0.00209491,0.00536016,
9,799.782201,-0.00230203,0.00591691,
9,852.53432,-0.00239382,0.00614657,
9,861.475284,-0.00242155,0.00621608,
9,854.355359,-0.00237743,0.0061001,
9,802.429224,-0.00219311,0.00560332,
9,700.359582,-0.00193579,0.00493752,
9,611.0374,-0.00168797,0.0042632,
9,486.608779,-0.0013413,0.00335542,
9,360.050266,-0.0010438,0.00259171,
9,263.304453,-0.00080639,0.00196142,
9,178.779325,-0.000598978,0.00142375,
9,123.148968,-0.000490524,0.00115029,
9,108.035018,-0.00046886,0.00109667,
9,126.341785,-0.000541082,0.00127064,
9,182.875404,-0.000718884,0.00173371,
9,272.438521,-0.00095388,0.0023455,
9,387.012944,-0.00126246,0.0031684,
9,514.523078,-0.00159235,0.00400812,
9,631.368178,-0.00189624,0.00482141,
10,744.499075,-0.00217233,0.00556838,
10,841.187849,-0.00239846,0.00616664,
10,881.323172,-0.00249532,0.00642406,
10,908.160589,-0.00254427,0.00655816,
10,892.370176,-0.00246999,0.00633706,
10,827.213678,-0.00228077,0.00583848,
10,724.477379,-0.00199238,0.00507198,
10,613.21587,-0.00169534,0.00429237,
10,488.135153,-0.00135476,0.00338424,
10,352.790341,-0.00102146,0.00251773,
10,244.176527,-0.00076559,0.00184436,
10,162.071379,-0.000567074,0.00132543,
10,101.886069,-0.000434961,0.00100603,
10,88.283997,-0.000425406,0.000983028,
10,106.977186,-0.000502172,0.00118454,
10,172.398522,-0.000688115,0.0016624,
10,264.661763,-0.000948447,0.00231991,
10,384.356284,-0.00126947,0.00317423,
10,514.71146,-0.00158887,0.00402617,
10,635.754102,-0.00189788,0.00485815,
110,748.807726,-0.00226748,0.00591688,
110,843.979786,-0.00248692,0.00650773,
110,878.738936,-0.00256728,0.00671947,
110,904.658585,-0.0026232,0.00686364,
110,890.254484,-0.00253643,0.00664076,
110,825.600346,-0.00235642,0.0061348,
110,724.583646,-0.00207037,0.00538162,
110,612.28845,-0.0017692,0.00458663,
110,489.787115,-0.00143928,0.00370162,
110,358.804051,-0.00110244,0.00282637,
110,245.128093,-0.000846643,0.0021321,
110,166.418633,-0.000644696,0.00162778,
110,106.392722,-0.000512253,0.0012932,
110,92.819631,-0.00051462,0.00128617,
110,115.565427,-0.000583439,0.00147827,
110,173.026459,-0.000769493,0.00194655,
110,269.115285,-0.00102572,0.00262308,
110,387.162683,-0.00135099,0.00346287,
110,515.083393,-0.0016808,0.00433283,
110,635.72029,-0.00198991,0.00514813,
210,746.778989,-0.00226214,0.00599803,
210,843.298708,-0.00248606,0.00659958,
210,880.835307,-0.00257169,0.00680771,
210,904.904933,-0.00262027,0.00694565,
210,891.73257,-0.00254237,0.00673595,
210,826.083379,-0.00235389,0.00623155,
210,723.332593,-0.00206446,0.00545242,
210,610.989097,-0.00176254,0.00466125,
210,490.255654,-0.001434,0.0037965,
210,354.983293,-0.00108519,0.00288883,
210,245.195717,-0.000837499,0.00221056,
210,168.345915,-0.000640552,0.00171447,
210,105.069225,-0.0004957,0.00135463,
210,91.756969,-0.000499323,0.00135822,
210,116.256157,-0.000577877,0.00155795,
210,174.509355,-0.000753894,0.00202175,
210,269.033171,-0.00102428,0.00270565,
210,388.94506,-0.00133657,0.0035475,
210,514.498926,-0.00166021,0.00440087,
210,634.594827,-0.00197969,0.00523591,
310,748.310203,-0.00226763,0.00607624,
310,846.409447,-0.0024925,0.00668231,
310,879.985166,-0.00257436,0.00687741,
310,903.707006,-0.00263628,0.00702282,
310,891.408937,-0.00254204,0.00680836,
310,824.764697,-0.0023558,0.00629401,
310,723.74317,-0.00207054,0.00552614,
310,610.989097,-0.00176267,0.00472855,
310,488.226929,-0.00143172,0.00384955,
310,356.152222,-0.00110384,0.00296503,
310,244.306945,-0.000829669,0.00226876,
310,165.215892,-0.000636043,0.00176541,
310,105.561914,-0.00050575,0.00142284,
310,91.24979,-0.000499312,0.00141497,
310,116.623258,-0.000579357,0.00162722,
310,174.011836,-0.000759308,0.00208703,
310,268.84962,-0.0010193,0.00276668,
310,387.867905,-0.00134111,0.00360915,
310,514.899841,-0.00167171,0.00448147,
310,636.65737,-0.001984,0.00530559,
410,750.416225,-0.00228152,0.00613848,
410,843.076512,-0.00249876,0.00671066,
410,881.501894,-0.00259061,0.00695257,
410,904.842138,-0.0026353,0.00706796,
410,888.752245,-0.00256045,0.00685418,
410,826.155834,-0.00236743,0.00634666,
410,722.149164,-0.00206664,0.00556569,
410,610.940793,-0.00177009,0.00477233,
410,489.762964,-0.00144684,0.00390283,
410,354.461621,-0.00109905,0.00299951,
410,245.500025,-0.000847878,0.00232773,
410,166.607014,-0.000635371,0.00179882,
410,105.619877,-0.000509182,0.00146569,
410,92.829292,-0.000507281,0.00146494,
410,114.444801,-0.000592636,0.00166566,
410,175.243558,-0.000771789,0.00212889,
410,269.380951,-0.00103056,0.00281212,
410,388.239838,-0.00135387,0.00366186,
410,515.194489,-0.00167733,0.00452615,
410,637.454372,-0.00198828,0.0053594,
510,749.846247,-0.00230733,0.00617577,
510,846.250046,-0.00252312,0.00675269,
510,879.535943,-0.0026037,0.00696461,
510,904.078943,-0.00265903,0.00711157,
510,889.901868,-0.00257347,0.00688687,
510,822.731125,-0.00237465,0.00636319,
510,722.583893,-0.00209246,0.00560562,
510,611.97448,-0.00179392,0.0048112,
510,487.444421,-0.00145147,0.00392553,
510,355.219977,-0.00112318,0.00304097,
510,246.229398,-0.000857138,0.00235323,
510,166.21093,-0.000661206,0.00183461,
510,108.841675,-0.000542073,0.00152306,
510,94.452266,-0.000531367,0.00149327,
510,116.65707,-0.000610799,0.00170822,
510,176.803739,-0.000795081,0.00217365,
510,269.912282,-0.00105033,0.00285337,
510,390.679135,-0.00138022,0.00370631,
510,516.373083,-0.00169796,0.00456355,
510,634.662451,-0.00201027,0.00539212,
610,750.218182,-0.00231096,0.00618376,
610,842.979905,-0.00253431,0.00677462,
610,882.062215,-0.00261794,0.00700153,
610,905.102977,-0.0026611,0.00711569,
610,887.737872,-0.00258398,0.00689925,
610,825.585855,-0.00239266,0.00640836,
610,720.284659,-0.00209637,0.00560448,
610,610.496405,-0.00179884,0.00482755,
610,490.120406,-0.00147122,0.00394927,
610,353.307182,-0.00112824,0.00304606,
610,246.524045,-0.000870315,0.00237622,
610,165.00336,-0.000662187,0.00185097,
610,106.040111,-0.000535594,0.00152153,
610,93.114278,-0.000537378,0.00151876,
610,117.932264,-0.000616191,0.00172898,
610,175.779719,-0.000799482,0.00218525,
610,272.259801,-0.00106314,0.00288456,
610,390.167124,-0.00137897,0.00371032,
610,517.310161,-0.00171601,0.00459714,
610,636.845752,-0.00201692,0.00540729,
710,749.00577,-0.00231638,0.00621137,
710,845.815315,-0.00254724,0.00680815,
710,879.922371,-0.00262287,0.00701313,
710,904.151398,-0.00267891,0.0071598,
710,889.288414,-0.00259719,0.00693446,
710,823.136873,-0.00239601,0.00641059,
710,722.178145,-0.00210661,0.00565014,
710,609.395094,-0.00180568,0.00484562,
710,487.43476,-0.00147916,0.00396955,
710,353.693605,-0.00113588,0.00306644,
710,244.74167,-0.000878743,0.00239741,
710,165.602315,-0.000679974,0.0018801,
710,104.943638,-0.000547006,0.00153456,
710,92.636081,-0.000548025,0.00153844,
710,116.207854,-0.000622417,0.00174194,
710,175.489902,-0.000810362,0.00221053,
710,271.148835,-0.00107221,0.00290306,
710,390.481093,-0.00139311,0.0037463,
710,516.271647,-0.00172302,0.00461707,
710,636.275776,-0.00202632,0.00544163,
810,749.662694,-0.00235413,0.00623243,
810,847.742621,-0.00257164,0.00682523,
810,880.811155,-0.0026485,0.00703741,
810,904.644094,-0.00270051,0.00716474,
810,889.288414,-0.00261521,0.00694498,
810,825.247731,-0.00242328,0.00643409,
810,720.30398,-0.00213083,0.0056506,
810,607.931511,-0.00183761,0.00486144,
810,489.714661,-0.00150835,0.00398652,
810,353.93512,-0.00115938,0.00307424,
810,245.678745,-0.000901392,0.00241155,
810,165.365631,-0.000697417,0.00188719,
810,105.779276,-0.000577891,0.00156508,
810,92.428378,-0.000568269,0.00154789,
810,115.942188,-0.000651416,0.00176228,
810,176.634679,-0.000836472,0.00223345,
810,272.665545,-0.00109933,0.00292098,
810,389.795192,-0.00141616,0.00376177,
810,516.300628,-0.00173781,0.00462654,
810,636.633219,-0.00206248,0.00546805,
910,752.425641,-0.00235476,0.00627507,
910,844.269606,-0.00257709,0.00684795,
910,880.072112,-0.00265733,0.00706562,
910,904.846969,-0.00271327,0.00720282,
910,887.129249,-0.00262164,0.00696507,
910,825.421623,-0.00243826,0.00646601,
910,719.449013,-0.00213934,0.00566857,
910,606.728764,-0.0018324,0.00487431,
910,488.07236,-0.00151558,0.00401922,
910,356.27298,-0.00116908,0.00311439,
910,241.606816,-0.000902918,0.00240736,
910,165.86315,-0.000717758,0.00192955,
910,108.324835,-0.000585397,0.00158409,
910,90.042219,-0.000574579,0.00155818,
910,116.864772,-0.000663111,0.00178674,
910,177.634548,-0.000850919,0.00226251,
910,271.767112,-0.00110298,0.002936,
910,390.896498,-0.00142923,0.00379482,
910,517.324652,-0.00175175,0.00465617,
910,637.058286,-0.00206591,0.0054881,
1010,750.817142,-0.00237514,0.00628458,
1010,846.530206,-0.0025945,0.00686479,
1010,880.246004,-0.00267467,0.00707923,
1010,905.624655,-0.00272448,0.00721717,
1010,888.554201,-0.00264665,0.00697925,
1010,823.837272,-0.00244556,0.00647107,
1010,719.168854,-0.00215603,0.00569271,
1010,608.496657,-0.00185553,0.00490392,
1010,486.917918,-0.00153019,0.00402225,
1010,354.191125,-0.00118302,0.0031262,
1010,242.606685,-0.000728014,0.00193678,
1010,104.750426,-0.000600441,0.00159941,
1010,92.80514,-0.000604699,0.00159279,
1010,116.212684,-0.000681033,0.00180617,
1010,177.359222,-0.000868724,0.00229015,
1010,272.221159,-0.00112263,0.00296667,
1010,391.084879,-0.00144876,0.0038155,
1010,515.788616,-0.00177179,0.00468123,
1010,639.811565,-0.0020892,0.00551171,
1110,751.478897,-0.00241332,0.00630325,
1110,847.399667,-0.00263579,0.0068959,
1110,882.023572,-0.00271881,0.00711042,
1110,903.668363,-0.00275525,0.00722868,
1110,888.612165,-0.00267894,0.00700661,
1110,823.36873,-0.00248059,0.00648792,
1110,721.410124,-0.00218741,0.00571604,
1110,609.148749,-0.00189286,0.00491855,
1110,485.618568,-0.00155941,0.00403896,
1110,353.229898,-0.00122202,0.00315389,
1110,240.495851,-0.000966808,0.00246058,
1110,163.148532,-0.000769133,0.00195085,
1110,106.214002,-0.000637087,0.00161582,
1110,93.239866,-0.000629042,0.00160715,
1110,117.956416,-0.000718215,0.00182682,
1110,179.131935,-0.000901947,0.00230871,
1110,273.013325,-0.00116359,0.00299109,
1110,394.103811,-0.00148603,0.00384395,
1110,518.764082,-0.00180537,0.00469985,
1210,752.536739,-0.00239963,0.00632348,
1210,845.960226,-0.00261708,0.00690535,
1210,880.31846,-0.00270126,0.00712383,
1210,904.528165,-0.0027426,0.0072416,
1210,889.119352,-0.00266037,0.00701847,
1210,824.049807,-0.00245709,0.00650313,
1210,719.506977,-0.00216614,0.00570999,
1210,607.791432,-0.00187208,0.0049351,
1210,486.29964,-0.00154318,0.00405234,
1210,352.210707,-0.00119629,0.00315427,
1210,242.828878,-0.000939268,0.002473,
1210,165.790696,-0.000742311,0.001963,
1210,105.547423,-0.000609605,0.00162602,
1210,92.597438,-0.000608256,0.0016264,
1210,116.004982,-0.000688642,0.00183642,
1210,181.194466,-0.000879663,0.00232748,
1210,272.969853,-0.00112792,0.00299605,
1210,391.118691,-0.00146059,0.00385989,
1210,520.696202,-0.00178016,0.0047325,
1310,751.976421,-0.00238546,0.00630637,
1310,849.979069,-0.00261699,0.00691499,
1310,880.758021,-0.00268925,0.00710829,
1310,902.972793,-0.00274015,0.00723716,
1310,888.573523,-0.00265681,0.00701061,
1310,823.774478,-0.00245686,0.00648898,
1310,717.927461,-0.00216884,0.00570261,
1310,608.631905,-0.00186975,0.00492692,
1310,487.188415,-0.00153339,0.00404419,
1310,349.447782,-0.00118704,0.00312463,
1310,242.553552,-0.000939573,0.0024652,
1310,165.148268,-0.000743678,0.00195529,
1310,104.344683,-0.000611954,0.0016097,
1310,90.674986,-0.000615027,0.00160936,
1310,116.777827,-0.000691701,0.00182816,
1310,178.204521,-0.000883702,0.00230921,
1310,272.163195,-0.0011406,0.00299569,
1310,393.311643,-0.0014632,0.00385074,
1310,517.078307,-0.00178069,0.00469818,
1310,639.792243,-0.00210327,0.00555364,
1410,640.854912,-0.00209977,0.00555855,
1410,751.102132,-0.0023951,0.00632656,
1410,849.336634,-0.00261648,0.00692378,
1410,883.627247,-0.0026937,0.00712706,
1410,901.69275,-0.00273732,0.00723662,
1410,888.283702,-0.00265689,0.00701548,
1410,822.533081,-0.00245501,0.00650595,
1410,718.178638,-0.00216323,0.00571696,
1410,606.632157,-0.0018662,0.00492434,
1410,486.990373,-0.00154379,0.00405537,
1410,351.114231,-0.00119974,0.00315054,
1410,241.693761,-0.000935674,0.00246384,
1410,163.520463,-0.000743579,0.00196222,
1410,105.996639,-0.000611109,0.00163237,
1410,92.742347,-0.000613471,0.00162323,
1410,117.009681,-0.000696051,0.00184318,
1410,178.972536,-0.000885302,0.0023319,
1410,274.462411,-0.00114206,0.00301029,
1410,394.456422,-0.00146619,0.00386488,
1410,518.546718,-0.00179413,0.00472904,
1410,638.541192,-0.00210324,0.00555397,
1510,752.420811,-0.00239879,0.00635379,
1510,849.201384,-0.00261536,0.0069278,
1510,881.757903,-0.00269377,0.00713984,
1510,903.987166,-0.00273827,0.00726846,
1510,888.491407,-0.00264595,0.00702688,
1510,821.847173,-0.00245105,0.00651611,
1510,718.183469,-0.00216218,0.00573066,
1510,605.178234,-0.00186453,0.00493276,
1510,486.705385,-0.00153638,0.00407002,
1510,351.418539,-0.00118669,0.0031603,
1510,241.413605,-0.000921543,0.00247751,
1510,162.94083,-0.000739958,0.00197389,
1510,105.001601,-0.000604767,0.00164526,
1510,92.911407,-0.000606429,0.0016405,
1510,119.304064,-0.000698702,0.00187061,
1510,176.905175,-0.000875983,0.0023245,
1510,276.510452,-0.00114905,0.00305171,
1510,394.74141,-0.00145596,0.00386882,
1510,516.914077,-0.00178533,0.00474262,
1510,641.333113,-0.00210153,0.00558371,
1610,641.318622,-0.0020978,0.00558457,
1610,752.005403,-0.00238205,0.00634932,
1610,848.341584,-0.0026053,0.0069366,
1610,882.926847,-0.00267814,0.00715276,
1610,904.566808,-0.00272497,0.00726558,
1610,887.612283,-0.00263787,0.00702838,
1610,823.025776,-0.00244042,0.00652559,
1610,716.777845,-0.00214752,0.00572899,
1610,606.883333,-0.00185279,0.00494662,
1610,483.681619,-0.00152411,0.00406068,
1610,352.012665,-0.00118273,0.00317076,
1610,240.582796,-0.000923354,0.00248058,
1610,162.356365,-0.0007274,0.00197717,
1610,105.465308,-0.000601705,0.00165876,
1610,93.428247,-0.000598596,0.00164851,
1610,116.507331,-0.000684546,0.00186782,
1610,178.813137,-0.000876544,0.0023563,
1610,275.81006,-0.00113311,0.00305105,
1610,394.156944,-0.00145821,0.00388897,
1610,518.58053,-0.00177985,0.00475473,
1610,641.74852,-0.00209666,0.00559979,
1710,639.487934,-0.00211213,0.00558299,
1710,753.280609,-0.00240436,0.00636712,
1710,850.55388,-0.00262544,0.00694755,
1710,879.057739,-0.00269122,0.00714019,
1710,906.209127,-0.00274362,0.00728773,
1710,888.322345,-0.0026581,0.0070388,
1710,821.562183,-0.00245776,0.00651727,
1710,717.16427,-0.00216788,0.00574037,
1710,604.49233,-0.0018593,0.00493338,
1710,483.662298,-0.00154157,0.0040673,
1710,351.268801,-0.00120088,0.00316783,
1710,240.65042,-0.000941327,0.00248053,
1710,161.631823,-0.00074784,0.00197952,
1710,104.948468,-0.000612935,0.00165104,
1710,92.843783,-0.000612226,0.00164442,
1710,117.797017,-0.000698766,0.00187761,
1710,179.20922,-0.000893307,0.00235263,
1710,274.539695,-0.00115768,0.00304885,
1710,394.726919,-0.00147473,0.00389341,
1710,520.092414,-0.00180346,0.00476755,
1810,641.849957,-0.00207166,0.00562309,
1810,753.285439,-0.0023639,0.00640391,
1810,850.389649,-0.00258181,0.00697553,
1810,882.071875,-0.00265392,0.00718182,
1810,904.219023,-0.00270824,0.00730931,
1810,888.911647,-0.00261829,0.00707122,
1810,821.277194,-0.00242098,0.00654873,
1810,715.488149,-0.00213005,0.00575897,
1810,605.192725,-0.00183464,0.00497425,
1810,484.420654,-0.00149585,0.0040898,
1810,349.496085,-0.00115753,0.00319527,
1810,242.336189,-0.000904814,0.00251262,
1810,162.501274,-0.000706241,0.0020007,
1810,105.436326,-0.000583748,0.00168417,
1810,94.85801,-0.000583393,0.00168461,
1810,115.937358,-0.000663258,0.00189799,
1810,179.450734,-0.000853886,0.00238616,
1810,275.30288,-0.00112041,0.00307717,
1810,395.340366,-0.00143557,0.00392459,
1810,521.208214,-0.00176892,0.0047931,
1910,641.164052,-0.00211036,0.00562094,
1910,754.362602,-0.0026206,0.00696804,
1910,880.009317,-0.00269332,0.00717924,
1910,905.605334,-0.00273918,0.0073101,
1910,886.390206,-0.00265061,0.00706445,
1910,820.301465,-0.00245371,0.00653688,
1910,717.985425,-0.0021648,0.00576586,
1910,603.898202,-0.00185885,0.00494752,
1910,484.121176,-0.00154234,0.00410127,
1910,350.177155,-0.00119449,0.00319,
1910,238.998463,-0.00093483,0.00250388,
1910,161.728429,-0.000745852,0.0020085,
1910,104.663481,-0.000606041,0.00166594,
1910,91.839084,-0.000615558,0.00168421,
1910,119.110853,-0.000704278,0.00190757,
1910,177.818099,-0.000885186,0.00237807,
1910,275.959799,-0.00115276,0.00308325,
1910,396.659035,-0.0014728,0.00392645,
1910,518.706118,-0.00179325,0.00478691,
2010,640.255953,-0.00211715,0.00562669,
2010,753.087396,-0.0024011,0.0064123,
2010,849.428411,-0.00262551,0.00698037,
2010,880.936744,-0.00269725,0.00719043,
2010,904.112755,-0.00274183,0.00731231,
2010,887.018151,-0.00265706,0.00707569,
2010,820.402903,-0.00245715,0.00654202,
2010,713.430431,-0.00216398,0.00575891,
2010,604.975361,-0.00187082,0.00497854,
2010,481.300282,-0.00153473,0.00409087,
2010,349.713448,-0.00119731,0.00320182,
2010,239.404207,-0.000940473,0.00252055,
2010,162.593049,-0.000748522,0.002005,
2010,101.605913,-0.000618021,0.0016878,
2010,95.017409,-0.000621582,0.00169147,
2010,117.68592,-0.000709753,0.00190949,
2010,178.803476,-0.000896994,0.00239919,
2010,276.389695,-0.00116038,0.00309393,
2010,394.432271,-0.00147539,0.00393748,
2010,522.10665,-0.00179725,0.00481122,
2110,641.74852,-0.00212528,0.00564551,
2110,753.44001,-0.00241585,0.0064228,
2110,849.935596,-0.00262858,0.00699248,
2110,882.723972,-0.00271299,0.0072101,
2110,905.218906,-0.00275375,0.00731081,
2110,886.617232,-0.00266062,0.00707185,
2110,822.079029,-0.00247283,0.0065652,
2110,713.010193,-0.00216858,0.005751,
2110,604.361912,-0.0018789,0.0049922,
2110,484.232273,-0.00154325,0.00408516,
2110,347.027807,-0.00120252,0.00319388,
2110,239.665042,-0.000948599,0.00252372,
2110,161.197098,-0.000750658,0.00201018,
2110,102.398079,-0.00062131,0.00168534,
2110,93.259187,-0.00062529,0.00169152,
2110,117.33331,-0.000710374,0.00191507,
2110,180.40713,-0.000900656,0.0024028,
2110,277.080425,-0.00117216,0.00310644,
2110,395.721959,-0.00149032,0.00394192,
2110,520.884584,-0.00181915,0.0048137,
2210,642.617976,-0.00214681,0.00566588,
2210,754.32396,-0.00242955,0.00642803,
2210,850.061185,-0.00266658,0.00702689,
2210,882.14433,-0.00272874,0.00721577,
2210,904.687567,-0.00277389,0.00734365,
2210,887.361105,-0.0026833,0.00709499,
2210,819.93436,-0.00248651,0.00657141,
2210,715.077571,-0.00219087,0.0057811,
2210,603.004595,-0.00189776,0.00499453,
2210,481.879918,-0.00156761,0.00411191,
2210,348.689426,-0.00122483,0.00321698,
2210,239.766478,-0.000967876,0.00253504,
2210,162.713806,-0.000780807,0.00203754,
2210,104.243247,-0.000645672,0.00170283,
2210,92.829292,-0.00065205,0.00171868,
2210,118.850018,-0.00073642,0.0019391,
2210,181.218617,-0.000931362,0.00243347,
2210,279.988257,-0.00119226,0.00313318,
2210,395.591541,-0.00151018,0.00395504,
2210,521.932759,-0.00184576,0.00485115,
2310,641.516665,-0.00211957,0.00565771,
2310,755.768228,-0.00242343,0.0064586,
2310,851.085218,-0.00262899,0.00701555,
2310,880.173549,-0.00270534,0.00721176,
2310,904.219023,-0.00274957,0.00735132,
2310,887.312802,-0.00265836,0.00709412,
2310,817.596477,-0.00245651,0.00655819,
2310,715.66204,-0.00217288,0.00579519,
2310,602.869347,-0.00186586,0.00498592,
2310,481.517645,-0.00153793,0.00411877,
2310,347.670236,-0.0011994,0.00321933,
2310,240.268827,-0.000944412,0.00254339,
2310,161.58352,-0.000750281,0.00203802,
2310,104.050036,-0.000619558,0.00170687,
2310,92.848613,-0.000626992,0.00172355,
2310,118.685788,-0.000716695,0.00194863,
2310,180.634153,-0.000900012,0.00243375,
2310,277.935386,-0.00116748,0.00314003,
2310,398.026008,-0.00148795,0.0039736,
2310,522.125971,-0.00180996,0.00483561,
2410,643.815894,-0.00215686,0.00568377,
2410,755.333498,-0.00244601,0.00645918,
2410,850.157792,-0.00266303,0.00702694,
2410,881.777224,-0.00273837,0.00722623,
2410,904.383255,-0.00278166,0.00735304,
2410,887.98422,-0.00269552,0.00709655,
2410,818.089171,-0.00248915,0.00656363,
2410,714.850546,-0.00220217,0.00578915,
2410,604.01896,-0.00189607,0.00499757,
2410,479.79806,-0.00157009,0.00410693,
2410,347.612272,-0.00123998,0.00322536,
2410,240.389584,-0.000979038,0.00254127,
2410,160.559501,-0.000779586,0.00202642,
2410,105.107867,-0.000663164,0.00171539,
2410,92.930728,-0.000657924,0.00171756,
2410,119.386179,-0.000753402,0.0019528,
2410,181.720967,-0.000942267,0.00243785,
2410,276.950008,-0.00120468,0.00313487,
2410,399.417132,-0.0015259,0.0039802,
2410,520.164869,-0.00183755,0.00481842,
2510,643.820725,-0.00213503,0.00570172,
2510,757.473333,-0.00243484,0.00647742,
2510,848.264298,-0.00263237,0.00701562,
2510,883.260141,-0.00272108,0.00724797,
2510,905.629485,-0.0027485,0.00735098,
2510,885.665653,-0.00266739,0.00710726,
2510,820.257992,-0.00247122,0.00658867,
2510,712.879775,-0.00216678,0.00577838,
2510,601.642448,-0.00187587,0.00500446,
2510,481.058767,-0.00154629,0.00411704,
2510,349.520236,-0.00121169,0.00322941,
2510,238.457471,-0.000946693,0.00254063,
2510,160.013679,-0.000752046,0.00203808,
2510,104.13215,-0.000625167,0.00172322,
2510,92.679553,-0.000634859,0.00173248,
2510,118.309026,-0.000725017,0.00196255,
2510,181.812742,-0.000911963,0.00244491,
2510,278.911103,-0.00117405,0.00315016,
2510,398.542849,-0.00182469,0.00485802,
2510,642.236382,-0.00213656,0.0056959,
2610,642.086642,-0.00215028,0.00570384,
2610,757.995009,-0.00245492,0.00650149,
2610,850.964459,-0.00266509,0.00704702,
2610,881.603332,-0.00273035,0.00724875,
2610,903.707006,-0.0027806,0.00737313,
2610,887.245177,-0.00268754,0.00712461,
2610,819.282264,-0.00248711,0.00659183,
2610,713.652626,-0.002195,0.00580915,
2610,601.9854,-0.00190208,0.00501993,
2610,479.121818,-0.00157194,0.00412967,
2610,347.143734,-0.0012253,0.0032471,
2610,239.80029,-0.00097381,0.00257116,
2610,159.854279,-0.000775636,0.00205052,
2610,103.451081,-0.000654697,0.00175002,
2610,95.292735,-0.000651137,0.00175681,
2610,117.840489,-0.000741358,0.00197757,
2610,185.503078,-0.000939068,0.00249037,
2610,279.138127,-0.0011981,0.00317116,
2610,397.934232,-0.00151746,0.00401685,
2610,524.608746,-0.00184419,0.00488268,
2710,643.492263,-0.00217189,0.00572027,
2710,756.54108,-0.00246365,0.00650121,
2710,851.346056,-0.00267258,0.00705142,
2710,882.207125,-0.00274558,0.00726093,
2710,905.083656,-0.00279233,0.00738418,
2710,885.486931,-0.00269141,0.00712145,
2710,819.21464,-0.00249874,0.00660567,
2710,713.140612,-0.00220068,0.00580753,
2710,599.889046,-0.00190263,0.00501605,
2710,478.730564,-0.00156829,0.0041342,
2710,347.448042,-0.00123388,0.00324524,
2710,237.491414,-0.00097296,0.00256307,
2710,161.491745,-0.000785902,0.00207003,
2710,103.697425,-0.000648486,0.00173576,
2710,90.979294,-0.000655706,0.00174927,
2710,121.646751,-0.000749908,0.00199582,
2710,183.329451,-0.00093447,0.00247575,
2710,278.249354,-0.00119627,0.00317176,
2710,398.880969,-0.00152075,0.00403242,
2710,524.241643,-0.00183878,0.00489207,
2810,643.564718,-0.00214171,0.00572239,
2810,759.236403,-0.00243216,0.00650409,
2810,851.181825,-0.00264602,0.00705777,
2810,881.786885,-0.0027179,0.00725805,
2810,905.156111,-0.00276417,0.00738983,
2810,887.066454,-0.0026717,0.00712139,
2810,818.852364,-0.00246767,0.006593,
2810,711.648043,-0.00217214,0.00580446,
2810,601.159417,-0.00187398,0.00501811,
2810,479.513072,-0.00153493,0.00412902,
2810,344.776893,-0.00119937,0.00323128,
2810,237.476923,-0.000949563,0.00257206,
2810,160.095793,-0.0007514,0.00204419,
2810,101.543119,-0.000633358,0.00173995,
2810,94.771065,-0.000628673,0.00175566,
2810,117.00485,-0.000720736,0.00197386,
2810,182.044596,-0.00090918,0.00247287,
2810,279.949615,-0.00118122,0.00318318,
2810,399.842197,-0.00150193,0.00402598,
2810,523.744122,-0.00182581,0.00488183,
2910,645.1394,-0.00216948,0.00574166,
2910,757.908063,-0.00245316,0.0065081,
2910,849.167572,-0.00266039,0.00705035,
2910,883.520979,-0.00274306,0.00727963,
2910,905.228566,-0.0027767,0.0073811,
2910,884.588486,-0.00267995,0.00711572,
2910,818.683303,-0.00248443,0.00660369,
2910,708.851286,-0.00218545,0.00578739,
2910,601.333308,-0.00189602,0.00503052,
2910,480.653022,-0.00155882,0.00413312,
2910,345.786423,-0.0012204,0.00324012,
2910,239.12888,-0.000973374,0.00257592,
2910,159.01381,-0.000766776,0.0020443,
2910,102.166226,-0.000651696,0.00175118,
2910,94.722762,-0.000660592,0.00176068,
2910,118.284875,-0.000745705,0.00198494,
2910,183.65308,-0.000939546,0.00248701,
2910,281.920371,-0.00120127,0.00319289,
2910,397.683057,-0.00152181,0.00402359,
2910,524.661879,-0.00184507,0.0048931,
3010,643.685476,-0.00215617,0.00575004,
3010,758.60846,-0.00245524,0.00652293,
3010,849.037153,-0.00265464,0.00706562,
3010,884.187567,-0.00274063,0.00728408,
3010,904.3108,-0.00278054,0.00739925,
3010,885.955474,-0.002686,0.00713586,
3010,817.161747,-0.00248193,0.00659976,
3010,710.435632,-0.00219052,0.00581926,
3010,600.323774,-0.00190048,0.00502752,
3010,478.648449,-0.00156541,0.00414106,
3010,346.351567,-0.00123264,0.00325603,
3010,237.307863,-0.00096999,0.00256783,
3010,159.095925,-0.000781499,0.00207522,
3010,104.330192,-0.000653027,0.00176056,
3010,93.82433,-0.000755476,0.00201285,
3010,184.648118,-0.000937948,0.00250269,
3010,279.514889,-0.001204,0.00319473,
3010,400.914522,-0.00152987,0.00406472,
3010,522.75874,-0.00184823,0.00489776,
3110,646.955598,-0.00245532,0.00652035,
3110,852.220348,-0.00266926,0.0070823,
3110,882.202295,-0.00274482,0.00728279,
3110,903.48964,-0.00278064,0.00738846,
3110,885.689805,-0.00269126,0.00713937,
3110,817.567495,-0.00218886,0.00580389,
3110,600.26098,-0.00189937,0.00504066,
3110,479.628999,-0.00156414,0.00414493,
3110,343.806005,-0.00122702,0.00324935,
3110,237.177446,-0.000972072,0.00257956,
3110,160.520858,-0.000789305,0.00207921,
3110,101.741161,-0.000648481,0.00174488,
3110,93.920935,-0.000660528,0.00178143,
3110,120.782131,-0.0007583,0.00201376,
3110,182.962349,-0.000942019,0.00249418,
3110,281.39387,-0.00121006,0.00322071,
3110,401.837108,-0.00152278,0.0040462,
3110,525.386424,-0.0018535,0.00491847,
3210,648.341898,-0.00226064,0.00573767,
3210,760.062389,-0.00255496,0.00652916,
3210,854.08969,-0.00277025,0.00707661,
3210,882.337544,-0.00283906,0.00726512,
3210,904.373594,-0.00288338,0.00739084,
3210,885.433797,-0.00279126,0.00713146,
3210,816.557955,-0.00258235,0.00658812,
3210,710.348686,-0.00229464,0.00580582,
3210,599.608888,-0.00200123,0.00501367,
3210,478.373122,-0.00166335,0.004124,
3210,344.06684,-0.00133556,0.00324262,
3210,237.341675,-0.00107635,0.0025676,
3210,159.274645,-0.00088649,0.00205667,
3210,101.683198,-0.000765905,0.00174398,
3210,94.191431,-0.000772731,0.00176645,
3210,121.825471,-0.000862882,0.00199671,
3210,185.512738,-0.00106023,0.00250322,
3210,283.639953,-0.00132756,0.00319866,
3210,401.170527,-0.00164188,0.00403557,
3210,525.729376,-0.00197403,0.00491533,
3310,647.544896,-0.00216185,0.00577015,
3310,758.468381,-0.00245352,0.00655387,
3310,851.771126,-0.00266154,0.00709192,
3310,882.849561,-0.00273414,0.00730382,
3310,906.431324,-0.00277295,0.00741052,
3310,883.646568,-0.00268598,0.00714747,
3310,817.895958,-0.00247724,0.00661017,
3310,710.662657,-0.00218481,0.00581923,
3310,598.826378,-0.00189035,0.00503643,
3310,477.547141,-0.00156029,0.00416339,
3310,343.641775,-0.00121266,0.00325485,
3310,234.883061,-0.000960989,0.00258802,
3310,160.37595,-0.000772674,0.00208895,
3310,101.992336,-0.000649382,0.00177555,
3310,92.467021,-0.000653168,0.00178378,
3310,122.419596,-0.0007491,0.00203603,
3310,183.648249,-0.000933452,0.00251659,
3310,280.645176,-0.00120652,0.00322904,
3310,404.488938,-0.0015317,0.00408651,
3310,524.444516,-0.00184735,0.00492377,
3410,647.723618,-0.0021584,0.00577998,
3410,759.444107,-0.00245118,0.00655887,
3410,853.365139,-0.00265958,0.00710849,
3410,882.791597,-0.00273398,0.00730647,
3410,905.238227,-0.00277583,0.00741467,
3410,885.163297,-0.00268692,0.00716124,
3410,816.538633,-0.00246525,0.00661056,
3410,709.150766,-0.00218289,0.00582875,
3410,599.338391,-0.00187572,0.0050345,
3410,475.871028,-0.00155938,0.0041652,
3410,344.076501,-0.00121813,0.00326462,
3410,234.482147,-0.00095828,0.00259121,
3410,159.35193,-0.000769686,0.00208497,
3410,101.412702,-0.000648307,0.00177464,
3410,94.51506,-0.000654882,0.0017936,
3410,120.448841,-0.000743163,0.00202509,
3410,185.363,-0.000946957,0.00253735,
3410,282.268152,-0.00120333,0.00323003,
3410,402.455385,-0.0015269,0.00408588,
3410,526.207576,-0.00185025,0.00493582,
3510,646.53053,-0.00217733,0.00578264,
3510,760.477797,-0.00247667,0.00658567,
3510,854.780429,-0.00267789,0.0071136,
3510,880.381254,-0.00274782,0.00730192,
3510,906.088369,-0.0027994,0.00744856,
3510,884.974914,-0.00269853,0.00715597,
3510,815.137836,-0.00249054,0.00663042,
3510,708.633922,-0.00220136,0.00583622,
3510,597.116449,-0.00189807,0.00503479,
3510,477.315287,-0.00157219,0.00416979,
3510,344.72859,-0.00123106,0.00327619,
3510,234.796116,-0.000977126,0.00258817,
3510,159.226343,-0.000789456,0.00210923,
3510,102.006826,-0.00065703,0.00178286,
3510,94.756574,-0.000668262,0.00181017,
3510,119.965813,-0.000763296,0.00204392,
3510,186.855557,-0.000958114,0.0025494,
3510,282.731859,-0.00121889,0.00325016,
3510,401.803296,-0.00153861,0.00409908,
3510,526.990084,-0.00186713,0.004954,
3610,646.545021,-0.00218971,0.00583742,
3610,760.786938,-0.00247677,0.00661066,
3610,850.776076,-0.00268217,0.00714445,
3610,883.786648,-0.00275526,0.00735492,
3610,903.518622,-0.00279521,0.00745965,
3610,884.322817,-0.00270484,0.00720262,
3610,815.417995,-0.00249725,0.00665986,
3610,708.522825,-0.00219995,0.00586665,
3610,597.546346,-0.00190755,0.00508471,
3610,477.836959,-0.00157609,0.0041964,
3610,342.685378,-0.00123238,0.00331368,
3610,237.24507,-0.000987199,0.00264894,
3610,157.670992,-0.000784645,0.00212976,
3610,104.518573,-0.000674973,0.0018431,
3610,93.254357,-0.000673106,0.00184901,
3610,121.168553,-0.000769619,0.0020943,
3610,186.319395,-0.000964776,0.00260029,
3610,285.485122,-0.00122909,0.00329417,
3610,400.88554,-0.00154513,0.00413681,
3610,530.105629,-0.00187324,0.00501352,
3710,650.187078,-0.00218587,0.00582429,
3710,759.419956,-0.00246643,0.00658294,
3710,853.350648,-0.00267559,0.00713584,
3710,885.805733,-0.00275376,0.00734187,
3710,903.557265,-0.00278089,0.00742852,
3710,885.854037,-0.00269279,0.00718549,
3710,815.065381,-0.00248726,0.00662708,
3710,706.808061,-0.00219447,0.00584877,
3710,600.41555,-0.00189593,0.00506932,
3710,473.315801,-0.0015511,0.0041467,
3710,343.134595,-0.0012311,0.0032883,
3710,236.964913,-0.00097178,0.00261541,
3710,155.777521,-0.000765214,0.00208531,
3710,102.509176,-0.000661812,0.00181078,
3710,96.186337,-0.000661836,0.00181594,
3710,119.009417,-0.000752068,0.00204931,
3710,186.807254,-0.000949757,0.00257448,
3710,284.176115,-0.00121447,0.00326415,
3710,401.977186,-0.00153445,0.00411131,
3710,526.994915,-0.0018564,0.00497046,
3810,646.028178,-0.00219072,0.00578091,
3810,762.748052,-0.00249375,0.0065914,
3810,854.128333,-0.00268466,0.00710701,
3810,881.308681,-0.00275916,0.0073177,
3810,906.639029,-0.00281132,0.0074345,
3810,884.602977,-0.00271137,0.00716211,
3810,813.432727,-0.00249954,0.00660257,
3810,705.904791,-0.00221105,0.00582905,
3810,598.821548,-0.00190758,0.00503201,
3810,475.059538,-0.00158341,0.00414745,
3810,342.71919,-0.00124719,0.00327515,
3810,234.554602,-0.000989853,0.0025911,
3810,157.410157,-0.000670858,0.00179259,
3810,94.573023,-0.000684841,0.00180696,
3810,122.308499,-0.000787606,0.00205785,
3810,187.985843,-0.000971218,0.00255271,
3810,282.74635,-0.00123559,0.00325855,
3810,403.547031,-0.00156424,0.00411482,
3810,526.941781,-0.00188548,0.00495935,
3910,648.114873,-0.00220309,0.00583297,
3910,760.149335,-0.00248755,0.00660523,
3910,853.669451,-0.00268893,0.00712795,
3910,881.289359,-0.00275991,0.00733713,
3910,906.23811,-0.00281093,0.0074585,
3910,883.651399,-0.0027074,0.00717664,
3910,813.548655,-0.00249734,0.00662624,
3910,707.711331,-0.0021977,0.00584528,
3910,596.546473,-0.00191229,0.00506548,
3910,472.997001,-0.00157262,0.0041609,
3910,341.173498,-0.00124105,0.00329083,
3910,236.617133,-0.000985638,0.00262107,
3910,155.622952,-0.000785189,0.00209847,
3910,102.146905,-0.000680976,0.00182671,
3910,94.838689,-0.000680726,0.00182866,
3910,120.236309,-0.000779459,0.00207359,
3910,187.488324,-0.00123304,0.00327628,
3910,404.334369,-0.00155854,0.00414038,
3910,529.777168,-0.00187922,0.00500166,
4010,647.989285,-0.00192823,0.00499377,
4010,762.149091,-0.00224275,0.00583944,
4010,853.722584,-0.00255006,0.00662151,
4010,883.400221,-0.00273126,0.00714281,
4010,904.605451,-0.0028194,0.00735623,
4010,883.917068,-0.00285405,0.00745382,
4010,814.133126,-0.00275812,0.00718117,
4010,706.339519,-0.00255196,0.0066368,
4010,597.60914,-0.00225699,0.00584964,
4010,472.97285,-0.00196267,0.00505455,
4010,343.013838,-0.00162365,0.00416884,
4010,235.366089,-0.00128834,0.00329289,
4010,154.579611,-0.0010339,0.00261555,
4010,102.41257,-0.000836825,0.00209526,
4010,95.819236,-0.000727451,0.00182131,
4010,120.994663,-0.000731513,0.00182649,
4010,188.62344,-0.000827682,0.00206567,
4010,286.596088,-0.00102021,0.00258491,
4010,404.624186,-0.00128855,0.003283,
4010,531.873519,-0.00160683,0.00412827,
4110,649.641253,-0.00220385,0.00585324,
4110,763.400146,-0.0024934,0.00663579,
4110,853.577674,-0.00269143,0.0071573,
4110,883.67555,-0.00277442,0.00736278,
4110,906.421663,-0.00281006,0.00747464,
4110,883.405051,-0.00270989,0.00718586,
4110,812.969015,-0.00250629,0.00664973,
4110,710.165134,-0.00220497,0.00587174,
4110,595.72532,-0.00190554,0.00505706,
4110,473.431728,-0.00158574,0.00418419,
4110,343.844647,-0.00124814,0.00330014,
4110,232.323011,-0.000986154,0.00261391,
4110,155.738879,-0.000800463,0.00212522,
4110,102.373928,-0.000678294,0.00181982,
4110,94.244564,-0.000690216,0.00184521,
4110,122.018683,-0.000779206,0.00208386,
4110,186.507776,-0.000977725,0.00259197,
4110,285.79909,-0.00124847,0.00331116,
4110,404.117005,-0.00155984,0.00413011,
4110,530.361635,-0.00189745,0.00503092,
4210,650.124284,-0.00219878,0.00585489,
4210,762.231207,-0.00248083,0.00663544,
4210,854.51476,-0.00268414,0.00716143,
4210,883.66589,-0.00275139,0.00736991,
4210,904.016148,-0.00279365,0.00746161,
4210,883.091078,-0.00269662,0.00718789,
4210,815.403504,-0.00249074,0.00665595,
4210,704.011305,-0.00219041,0.00583592,
4210,596.174539,-0.00190838,0.00507614,
4210,473.938909,-0.00156761,0.00418275,
4210,341.318406,-0.00122416,0.00328675,
4210,233.004081,-0.000979737,0.00262219,
4210,157.30389,-0.000793352,0.00211836,
4210,100.953825,-0.000669016,0.00182488,
4210,95.635685,-0.000679558,0.00184788,
4210,120.748319,-0.000778514,0.00208046,
4210,186.995635,-0.000973391,0.00259867,
4210,287.122589,-0.00123947,0.0033136,
4210,403.803036,-0.0015581,0.00413781,
4210,529.912417,-0.00188881,0.00502261,
4310,649.44321,-0.00224319,0.00584665,
4310,763.501583,-0.00253625,0.006641,
4310,854.65001,-0.00272997,0.0071494,
4310,882.8399,-0.00280013,0.00735758,
4310,905.634316,-0.00283839,0.00745726,
4310,883.318105,-0.0027472,0.00717982,
4310,812.973845,-0.00253655,0.006639,
4310,705.243037,-0.00222832,0.0058426,
4310,594.541895,-0.00193775,0.00505537,
4310,474.909799,-0.00161067,0.00417404,
4310,340.149477,-0.00126446,0.00327969,
4310,232.627318,-0.00101542,0.00261643,
4310,158.559764,-0.000820234,0.00211568,
4310,100.287246,-0.000702249,0.00181383,
4310,93.848481,-0.000715217,0.00184463,
4310,123.578864,-0.000807161,0.00208886,
4310,186.860387,-0.00100308,0.00259946,
4310,286.649221,-0.00127171,0.00330976,
4310,404.880192,-0.00158168,0.00414009,
4310,531.897671,-0.00190965,0.00501988,
4410,651.042044,-0.00217892,0.00590021,
4410,764.168168,-0.00247077,0.00666334,
4410,851.993322,-0.00267005,0.00718618,
4410,884.854155,-0.00274411,0.00739825,
4410,906.305734,-0.00278039,0.0074941,
4410,881.902813,-0.00267981,0.00721357,
4410,814.239393,-0.00247877,0.00667253,
4410,706.257404,-0.00218277,0.00588076,
4410,593.479227,-0.00188483,0.00508779,
4410,472.716844,-0.00154689,0.00418931,
4410,339.70509,-0.00121881,0.00331261,
4410,234.124706,-0.000962163,0.00264741,
4410,154.140056,-0.000762758,0.00213314,
4410,101.432023,-0.000658498,0.00184826,
4410,93.582816,-0.000660494,0.00186776,
4410,122.66111,-0.000755211,0.00210861,
4410,188.845633,-0.000960056,0.00263398,
4410,288.368802,-0.00122043,0.00333139,
4410,404.556562,-0.0015448,0.00417556,
4410,531.844538,-0.00187064,0.00505829,
4510,652.268944,-0.00226061,0.00589571,
4510,763.89284,-0.00254465,0.00664796,
4510,853.993083,-0.00274527,0.00717794,
4510,885.825055,-0.0028273,0.00738883,
4510,905.107808,-0.00286083,0.00748163,
4510,882.081536,-0.00275415,0.0071952,
4510,813.640432,-0.00255287,0.00666287,
4510,706.682472,-0.00225428,0.00586084,
4510,592.551808,-0.00194429,0.00505426,
4510,473.446219,-0.00163182,0.00419709,
4510,341.337728,-0.00128453,0.00329733,
4510,232.197423,-0.00103478,0.00262797,
4510,155.473214,-0.000841316,0.00212502,
4510,101.842597,-0.000725983,0.00183323,
4510,94.215583,-0.000741414,0.00186181,
4510,122.646619,-0.000827767,0.00210057,
4510,188.995372,-0.00102536,0.00262234,
4510,286.929377,-0.00129137,0.00332664,
4510,407.546513,-0.00161526,0.00418568,
4510,533.148719,-0.00193526,0.00503688,
4610,652.935527,-0.00220683,0.00589328,
4610,763.878349,-0.00249067,0.00666252,
4610,856.799512,-0.00269015,0.00719065,
4610,885.20677,-0.00276508,0.00739308,
4610,904.615112,-0.00280236,0.00748521,
4610,882.868883,-0.0027041,0.0072099,
4610,813.365102,-0.00249471,0.00666226,
4610,705.088466,-0.00220236,0.00586252,
4610,593.503379,-0.00189345,0.00506746,
4610,471.803918,-0.00156571,0.00418947,
4610,337.376891,-0.00122607,0.00328576,
4610,233.569224,-0.000987743,0.00263779,
4610,156.729087,-0.000789106,0.00213488,
4610,98.239207,-0.000668754,0.00181694,
4610,94.925634,-0.000683096,0.00186921,
4610,121.356934,-0.000777655,0.00210482,
4610,188.309472,-0.000974058,0.00261954,
4610,287.982379,-0.00124656,0.00334527,
4610,406.508,-0.00156245,0.00417456,
4610,531.791404,-0.00188521,0.00504578,
4710,650.67977,-0.00190061,0.00505799,
4710,765.824971,-0.00221582,0.00590678,
4710,854.935,-0.00250474,0.00668106,
4710,884.158585,-0.00269881,0.00719395,
4710,905.325173,-0.00277182,0.00740394,
4710,881.71926,-0.00281281,0.00749899,
4710,813.249174,-0.00271244,0.00721867,
4710,703.629709,-0.00249715,0.00666432,
4710,592.199196,-0.0022064,0.0058777,
4710,471.200131,-0.00157963,0.00419928,
4710,339.309007,-0.00123837,0.00330553,
4710,232.405125,-0.000989263,0.00264518,
4710,154.420212,-0.000802228,0.00214122,
4710,100.224453,-0.000679952,0.00184554,
4710,93.48138,-0.000690185,0.00187458,
4710,123.931474,-0.000792506,0.00212392,
4710,188.227357,-0.000985022,0.00263677,
4710,287.929246,-0.00125151,0.00335178,
4710,409.135679,-0.00157628,0.00420042,
4710,531.902501,-0.00189092,0.00505821,
4810,652.297925,-0.00216141,0.00590129,
4810,763.950804,-0.00245521,0.00669448,
4810,856.364782,-0.00264879,0.00719886,
4810,883.023454,-0.00272575,0.00740097,
4810,906.484457,-0.00276182,0.00751038,
4810,881.965608,-0.0026583,0.00721119,
4810,813.017318,-0.00245359,0.00666472,
4810,703.668352,-0.00216633,0.00588542,
4810,593.967088,-0.00186491,0.00508663,
4810,470.823368,-0.00153398,0.00419344,
4810,338.53133,-0.00119978,0.00331535,
4810,231.11544,-0.000941552,0.00263506,
4810,153.686009,-0.000759876,0.00214403,
4810,100.915183,-0.000639765,0.00185104,
4810,94.143128,-0.000655228,0.00188407,
4810,123.356671,-0.000939275,0.00264247,
4810,287.494521,-0.00121857,0.0033559,
4810,409.82158,-0.00154365,0.00421948,
4810,531.965295,-0.00185336,0.00505904,
4910,766.423932,-0.00248261,0.00668696,
4910,855.432525,-0.00267167,0.00718645,
4910,884.559504,-0.00275328,0.00741686,
4910,905.383138,-0.00278006,0.00749534,
4910,880.946405,-0.00269213,0.00722366,
4910,812.563267,-0.00247261,0.00665401,
4910,701.591314,-0.00218327,0.00586366,
4910,593.595154,-0.00188584,0.0050856,
4910,470.427283,-0.00154737,0.00418443,
4910,337.758484,-0.00122075,0.00330751,
4910,231.100949,-0.000963173,0.00263837,
4910,155.468383,-0.000772638,0.0021406,
4910,98.920277,-0.000660198,0.0018472,
4910,95.041561,-0.000674104,0.00188515,
4910,122.975078,-0.000769944,0.00212771,
4910,189.347983,-0.000965102,0.00264683,
4910,288.32533,-0.00124677,0.00336098,
4910,409.81192,-0.00155744,0.00420403,
4910,531.854198,-0.00187625,0.00506451,
5010,653.075606,-0.0022061,0.00590557,
5010,765.878105,-0.00250873,0.00669878,
5010,856.224702,-0.00269729,0.00720453,
5010,883.902577,-0.0027703,0.00740922,
5010,904.532996,-0.00280744,0.00750042,
5010,882.893034,-0.00270505,0.00722124,
5010,811.631012,-0.00249662,0.0066625,
5010,702.156462,-0.00219359,0.00586683,
5010,592.658075,-0.00190389,0.00508438,
5010,471.171149,-0.00156958,0.0041853,
5010,337.632897,-0.0012374,0.00331774,
5010,234.00878,-0.000985737,0.00264389,
5010,152.652329,-0.000792781,0.00213584,
5010,101.745991,-0.000682818,0.0018591,
5010,95.399001,-0.000789348,0.00212798,
5010,190.739104,-0.000994371,0.0026665,
5010,290.571413,-0.00125061,0.00336613,
5010,407.406434,-0.00157643,0.00421353,
5010,534.11961,-0.00189997,0.00508245,
5110,652.650538,-0.00219249,0.00592012,
5110,766.723412,-0.00247889,0.0066991,
5110,855.572605,-0.00267248,0.00721823,
5110,884.5112,-0.00275111,0.00741367,
5110,903.948523,-0.00278217,0.00750188,
5110,881.869001,-0.0026801,0.00721804,
5110,812.539115,-0.00247615,0.00667486,
5110,701.37878,-0.00216562,0.00586155,
5110,590.242921,-0.00188211,0.00508085,
5110,470.591514,-0.00154944,0.00419563,
5110,338.18838,-0.00120776,0.00330953,
5110,231.680583,-0.000955813,0.00264859,
5110,155.275172,-0.00077199,0.00213925,
5110,99.66414,-0.000657523,0.00185349,
5110,94.669629,-0.000672211,0.00189001,
5110,124.313066,-0.000768235,0.00213899,
5110,191.52161,-0.000975159,0.00266335,
5110,290.117366,-0.00124052,0.00337162,
5110,407.841161,-0.00155765,0.00421982,
5110,533.607598,-0.0018858,0.00508087,
5210,654.717913,-0.00223537,0.00593886,
5210,766.98908,-0.00251972,0.00671577,
5210,854.727295,-0.00270669,0.00720062,
5210,885.018387,-0.00278955,0.00744089,
5210,905.648807,-0.00282536,0.00751086,
5210,879.801612,-0.00271358,0.00721868,
5210,814.031689,-0.00250571,0.00668127,
5210,702.050195,-0.00220532,0.00586586,
5210,592.150892,-0.0019055,0.00508031,
5210,470.248563,-0.00157775,0.00420122,
5210,335.33368,-0.00123983,0.00330867,
5210,229.714657,-0.000994631,0.00265044,
5210,153.942014,-0.0008012,0.00215219,
5210,98.398606,-0.000686351,0.00185128,
5210,94.51989,-0.000704161,0.00190295,
5210,124.472466,-0.000802055,0.00215405,
5210,289.528071,-0.000998165,0.0026587,
5210,408.797558,-0.00127179,0.00338515,
5210,534.868306,-0.00158776,0.00423301,
5310,652.611896,-0.0022127,0.00593561,
5310,768.848757,-0.00251303,0.00673387,
5310,857.654483,-0.00269423,0.00721937,
5310,881.091315,-0.0027686,0.00741858,
5310,907.175198,-0.00280825,0.00753784,
5310,882.00425,-0.00269362,0.00722792,
5310,809.244826,-0.0024811,0.00665925,
5310,702.900331,-0.00218874,0.00589336,
5310,591.32491,-0.00187944,0.00507977,
5310,467.905869,-0.00155536,0.00419956,
5310,338.400912,-0.00121693,0.00331011,
5310,228.74377,-0.000972239,0.00265205,
5310,152.744104,-0.000775359,0.00215309,
5310,100.721972,-0.000675769,0.00190174,
5310,122.989569,-0.000771512,0.00213959,
5310,190.869522,-0.000976905,0.0026841,
5310,292.102613,-0.00124568,0.00339382,
5310,408.82654,-0.00155767,0.00422647,
5310,534.013343,-0.00188599,0.00510891,
5410,654.862822,-0.00223012,0.00594938,
5410,766.39495,-0.00252541,0.00672527,
5410,857.741429,-0.00271409,0.00723722,
5410,884.182737,-0.0027827,0.00743311,
5410,905.13679,-0.00282074,0.00752266,
5410,881.429439,-0.00271032,0.00723126,
5410,811.544066,-0.00250406,0.00667836,
5410,702.204765,-0.0022115,0.00588033,
5410,592.10742,-0.00191612,0.005101,
5410,467.529106,-0.00157015,0.00419192,
5410,336.473628,-0.00124511,0.00331886,
5410,230.289461,-0.000992258,0.00265708,
5410,152.729614,-0.000797639,0.00215285,
5410,99.852521,-0.00068838,0.00187121,
5410,94.544042,-0.000700638,0.00190348,
5410,124.448314,-0.000803473,0.00216483,
5410,192.637405,-0.00100085,0.00267772,
5410,289.576374,-0.00126827,0.00338866,
5410,410.570276,-0.0015959,0.00424886,
5410,535.699119,-0.00191428,0.00509972,
5510,655.302381,-0.00224581,0.00597442,
5510,769.148238,-0.00252721,0.00674283,
5510,856.673923,-0.00271979,0.00724411,
5510,885.989287,-0.00279713,0.00746181,
5510,905.605334,-0.00282613,0.00753203,
5510,879.48764,-0.00271315,0.00723832,
5510,810.553847,-0.00251041,0.00668723,
5510,701.093791,-0.0022071,0.0058889,
5510,588.779338,-0.00191268,0.0050938,
5510,468.983025,-0.00158407,0.0042092,
5510,336.265925,-0.00124625,0.00332765,
5510,229.42001,-0.000994214,0.00266271,
5510,153.995147,-0.000808885,0.00216217,
5510,98.46623,-0.00069373,0.00187668,
5510,95.326547,-0.000714075,0.0019232,
5510,125.530297,-0.000809008,0.00217702,
5510,189.488061,-0.00100603,0.00268627,
5510,292.233031,-0.00128408,0.0034295,
5510,411.000172,-0.0015987,0.00424941,
5510,534.853816,-0.00192432,0.00512297,
5610,655.012562,-0.0022681,0.00597351,
5610,769.109595,-0.00257258,0.00676548,
5610,856.823664,-0.00275252,0.00724516,
5610,885.114994,-0.00283448,0.0074623,
5610,904.359103,-0.0028626,0.00754668,
5610,881.695108,-0.00276182,0.00725279,
5610,808.534767,-0.00254418,0.00668396,
5610,700.910239,-0.00225549,0.00590923,
5610,590.262242,-0.00194861,0.00509617,
5610,467.099209,-0.00162627,0.00421839,
5610,336.946996,-0.00128464,0.00333314,
5610,228.792073,-0.0010379,0.00267088,
5610,152.541233,-0.000851518,0.00217272,
5610,101.586592,-0.00074493,0.00190118,
5610,96.080071,-0.000743936,0.00192352,
5610,123.916983,-0.000853978,0.00218028,
5610,193.888448,-0.00106167,0.0027151,
5610,291.266974,-0.00132908,0.00342289,
5610,412.159442,-0.0016485,0.00426331,
5610,535.07601,-0.00196866,0.00512711,
5710,656.215311,-0.00217144,0.0059879,
5710,769.549155,-0.00246148,0.00676568,
5710,855.413204,-0.0026443,0.00725517,
5710,885.776751,-0.00272168,0.00747062,
5710,905.668128,-0.00274481,0.00753993,
5710,881.16377,-0.00263973,0.00725291,
5710,810.384785,-0.00243258,0.00669128,
5710,697.934762,-0.002135,0.00589922,
5710,592.10742,-0.00183471,0.00510829,
5710,465.563175,-0.00149471,0.00420794,
5710,335.551043,-0.0011677,0.00334288,
5710,229.212308,-0.000918793,0.00266859,
5710,152.628178,-0.000725072,0.00217698,
5710,99.553043,-0.000616339,0.00189862,
5710,95.737121,-0.000628436,0.00193441,
5710,122.559674,-0.000734644,0.0021929,
5710,193.473044,-0.000929891,0.00271945,
5710,291.948044,-0.00119959,0.00342093,
5710,411.318971,-0.00152587,0.00428126,
5710,536.969488,-0.00184732,0.00513706,
5810,657.104089,-0.00221171,0.00599357,
5810,768.119378,-0.00249499,0.00674935,
5810,856.263344,-0.00268378,0.00725144,
5810,885.90234,-0.00276243,0.00747038,
5810,905.41212,-0.0027885,0.0075423,
5810,879.096382,-0.00268281,0.00724349,
5810,809.29796,-0.0024784,0.00667927,
5810,696.751334,-0.00216832,0.00588086,
5810,590.339527,-0.00187799,0.00510438,
5810,466.930149,-0.00154466,0.00420512,
5810,333.15522,-0.00120625,0.00331428,
5810,230.241158,-0.000966189,0.0026793,
5810,153.942014,-0.000765595,0.00215772,
5810,98.099129,-0.000660625,0.00188445,
5810,96.765971,-0.000679403,0.00193296,
5810,125.110063,-0.000772288,0.00218185,
5810,191.772784,-0.000981717,0.0027142,
5810,293.015537,-0.00125291,0.00342514,
5810,410.47367,-0.00156454,0.00426863,
5810,538.447561,-0.00189016,0.00515359,
5910,655.737109,-0.00191306,0.00514081,
5910,770.05634,-0.00223187,0.00599279,
5910,857.61584,-0.00252351,0.00676994,
5910,884.627129,-0.00270126,0.00725503,
5910,906.581064,-0.00278736,0.00747875,
5910,879.511792,-0.00281639,0.00754828,
5910,809.375245,-0.0027079,0.00724905,
5910,699.060226,-0.00249283,0.00668056,
5910,588.895265,-0.00220667,0.00589292,
5910,467.374536,-0.00190282,0.00510686,
5910,333.454698,-0.00157017,0.00420878,
5910,228.39599,-0.00123144,0.00332537,
5910,154.772823,-0.000993105,0.00267566,
5910,96.57276,-0.000798754,0.00217561,
5910,96.804613,-0.000684247,0.00188247,
5910,126.501184,-0.000704641,0.00193494,
5910,192.120565,-0.000810695,0.00220345,
5910,291.339428,-0.00100087,0.00270808,
5910,414.685685,-0.00127814,0.00343624,
5910,536.636197,-0.00160208,0.00428817,
6010,656.302256,-0.00223872,0.00599942,
6010,770.64564,-0.00252788,0.00677642,
6010,856.77053,-0.00271062,0.00725201,
6010,884.255192,-0.0027908,0.0074751,
6010,906.668011,-0.00282227,0.00755038,
6010,877.821171,-0.00270571,0.00723669,
6010,808.554088,-0.0024995,0.0066875,
6010,699.992478,-0.00219895,0.00588983,
6010,586.291729,-0.0019,0.00509174,
6010,465.97858,-0.00157013,0.00421215,
6010,333.435377,-0.00123088,0.0033195,
6010,228.56988,-0.000991593,0.00267274,
6010,151.174263,-0.000800651,0.00216759,
6010,98.514533,-0.000686255,0.00188748,
6010,96.727329,-0.000711495,0.00193666,
6010,124.564241,-0.000807765,0.00218623,
6010,194.458421,-0.00100552,0.00271983,
6010,293.657965,-0.00128479,0.00344003,
6010,410.768318,-0.00160231,0.00428341,
6010,537.906567,-0.0019255,0.0051526,
6110,659.495094,-0.00226254,0.00599551,
6110,769.230353,-0.00254943,0.00676097,
6110,856.190889,-0.00273502,0.0072537,
6110,885.699466,-0.0028101,0.00747354,
6110,906.291243,-0.00283436,0.00753999,
6110,878.395982,-0.00272086,0.00722891,
6110,808.085546,-0.00251551,0.00667552,
6110,699.939345,-0.00222141,0.00588739,
6110,587.605573,-0.00158532,0.00419404,
6110,332.058745,-0.00125437,0.00331695,
6110,228.453953,-0.00100197,0.00266986,
6110,151.947108,-0.000813711,0.00215848,
6110,97.934899,-0.000706969,0.00188325,
6110,96.012447,-0.000720534,0.00193155,
6110,126.491523,-0.000824836,0.00219226,
6110,192.671217,-0.00102178,0.00271443,
6110,292.875459,-0.0012945,0.0034408,
6110,412.265708,-0.00161929,0.00428433,
6110,537.31727,-0.00194166,0.0051487,
6210,659.166633,-0.00223442,0.00601721,
6210,769.708556,-0.00251357,0.0067779,
6210,859.0263,-0.00270839,0.00727997,
6210,887.206534,-0.00278227,0.00748303,
6210,902.204767,-0.002809,0.00754269,
6210,879.787121,-0.00270231,0.00726262,
6210,809.529816,-0.00249261,0.00669215,
6210,696.504987,-0.00218799,0.00588212,
6210,588.436386,-0.00189973,0.00510941,
6210,465.596987,-0.00156693,0.00421022,
6210,333.266317,-0.00123187,0.00333224,
6210,226.203041,-0.000982416,0.00266884,
6210,151.319171,-0.000797901,0.00218167,
6210,98.538684,-0.000678992,0.00189362,
6210,95.03673,-0.000708202,0.00194814,
6210,126.158234,-0.000806343,0.00219644,
6210,193.492365,-0.00100211,0.00273557,
6210,296.27115,-0.00159371,0.00428985,
6210,538.210876,-0.00192349,0.00516573,
6310,660.316248,-0.00190374,0.00517969,
6310,769.240014,-0.00222441,0.0060348,
6310,857.775242,-0.00250907,0.00680075,
6310,886.076233,-0.00269449,0.00729591,
6310,906.11252,-0.00277102,0.00750119,
6310,879.555265,-0.00279257,0.00757039,
6310,807.076006,-0.00268212,0.00726711,
6310,698.485418,-0.00246966,0.0067017,
6310,586.315881,-0.00217665,0.00591429,
6310,464.442546,-0.00187438,0.00510537,
6310,334.015011,-0.00153756,0.00421897,
6310,226.381762,-0.00120721,0.00334095,
6310,148.802594,-0.000961466,0.00268904,
6310,97.669234,-0.000769356,0.00218268,
6310,94.461927,-0.000667794,0.00190513,
6310,125.713848,-0.000688379,0.00196055,
6310,192.366909,-0.000778556,0.00221395,
6310,292.619454,-0.000988786,0.00275137,
6310,415.989864,-0.00126959,0.00347432,
6310,539.413621,-0.00157849,0.00431594,
6410,658.04117,-0.00223826,0.00601546,
6410,769.438057,-0.00252462,0.00678625,
6410,858.862069,-0.00270788,0.00728329,
6410,884.08613,-0.00278025,0.00746874,
6410,904.325291,-0.00281433,0.00755978,
6410,878.830713,-0.00270199,0.00725391,
6410,805.752494,-0.00249368,0.00668395,
6410,697.123268,-0.00219386,0.0058887,
6410,586.282069,-0.00188704,0.0051003,
6410,463.03693,-0.00155657,0.00420086,
6410,332.870233,-0.00122426,0.00333171,
6410,227.88881,-0.000981039,0.00267613,
6410,150.584968,-0.000787327,0.00216969,
6410,99.002391,-0.000685063,0.00190795,
6410,93.65527,-0.000693121,0.00193918,
6410,125.279123,-0.000802904,0.00220805,
6410,195.100849,-0.001007,0.00275129,
6410,294.07337,-0.00127552,0.00346023,
6410,413.106179,-0.00159383,0.00431038,
6410,537.534633,-0.00191311,0.00516427,
6510,659.620683,-0.00192724,0.00518297,
6510,769.539494,-0.00225131,0.00603448,
6510,857.673804,-0.00253606,0.00679107,
6510,888.332005,-0.00272011,0.00729007,
6510,904.72621,-0.0027957,0.00749744,
6510,877.879135,-0.00282058,0.00755767,
6510,806.192055,-0.00270753,0.0072592,
6510,697.282669,-0.00249809,0.00668533,
6510,584.72188,-0.00220004,0.00589723,
6510,464.152728,-0.00189986,0.00509439,
6510,332.904045,-0.00157141,0.00421787,
6510,225.512311,-0.00122891,0.0033261,
6510,152.034053,-0.000979519,0.00266466,
6510,99.374323,-0.000802696,0.00219509,
6510,94.544042,-0.000683794,0.0018917,
6510,127.11463,-0.000707635,0.00194917,
6510,194.376307,-0.00081369,0.00222249,
6510,294.614362,-0.00100991,0.00274213,
6510,414.497303,-0.00129084,0.00347279,
6510,540.03673,-0.00160114,0.00431589,
6610,659.190785,-0.00226369,0.00603903,
6610,771.486117,-0.00255087,0.00679895,
6610,858.340392,-0.00272794,0.00728338,
6610,886.254956,-0.00280781,0.00749522,
6610,906.696993,-0.00284404,0.00757608,
6610,877.53618,-0.00271832,0.00724678,
6610,806.99389,-0.00250776,0.00667681,
6610,697.161911,-0.00221324,0.00589623,
6610,586.832724,-0.00191731,0.00510241,
6610,464.01265,-0.00158021,0.00420573,
6610,331.184463,-0.00124158,0.00331917,
6610,228.009567,-0.00100451,0.00268004,
6610,150.415909,-0.000815876,0.00218699,
6610,99.219754,-0.000701007,0.00190587,
6610,95.307226,-0.00072795,0.00196294,
6610,127.853663,-0.000823195,0.00222785,
6610,195.240927,-0.0010288,0.00275568,
6610,293.865667,-0.00129972,0.00346845,
6610,415.999524,-0.00162398,0.00433711,
6610,540.968978,-0.0019442,0.0051793,
6710,659.533737,-0.00231849,0.00606193,
6710,769.351111,-0.00261498,0.00683054,
6710,858.808935,-0.00279427,0.00732797,
6710,885.965135,-0.00286845,0.00751354,
6710,902.760257,-0.00289702,0.00760099,
6710,879.144685,-0.002782,0.00728605,
6710,805.69936,-0.00256587,0.0067146,
6710,695.080043,-0.00227035,0.00592435,
6710,585.190419,-0.00197087,0.00512695,
6710,463.007948,-0.00130357,0.00335155,
6710,226.671579,-0.00105761,0.00270328,
6710,151.256378,-0.000870455,0.00221571,
6710,98.11362,-0.000757544,0.00192869,
6710,95.959314,-0.000779644,0.00199296,
6710,127.259538,-0.00089139,0.0022528,
6710,193.535838,-0.00108162,0.00277347,
6710,296.362925,-0.00136828,0.00352655,
6710,416.574329,-0.00167913,0.00435614,
6710,537.438027,-0.00199759,0.00521408,
6810,658.615977,-0.00226629,0.0060303,
6810,773.331303,-0.00255958,0.00682432,
6810,857.383984,-0.00272389,0.00726473,
6810,884.071639,-0.00281287,0.00749301,
6810,906.392681,-0.00284116,0.00757572,
6810,876.768155,-0.00271422,0.00723559,
6810,803.429103,-0.00250268,0.00667807,
6810,698.567534,-0.00221386,0.00590434,
6810,582.640017,-0.00190552,0.00508475,
6810,461.906641,-0.0015793,0.00421197,
6810,331.339032,-0.00124524,0.00333553,
6810,225.381893,-0.00099349,0.00266824,
6810,151.734575,-0.00081113,0.00218113,
6810,98.442079,-0.000707319,0.00191676,
6810,96.118713,-0.000716375,0.00196053,
6810,127.993741,-0.000831025,0.00223649,
6810,195.641841,-0.00102458,0.00275503,
6810,295.918539,-0.00129801,0.00348784,
6810,416.110621,-0.00161816,0.00434065,
6810,541.664542,-0.00194927,0.00520477,
6910,661.861949,-0.00225786,0.00606121,
6910,772.563281,-0.00254396,0.00682529,
6910,857.345341,-0.00271837,0.00729951,
6910,887.28382,-0.0028017,0.0075233,
6910,905.861342,-0.00282242,0.00757088,
6910,876.502486,-0.00271196,0.00727053,
6910,806.433571,-0.002492,0.00669066,
6910,695.263595,-0.00219579,0.00590217,
6910,584.011825,-0.00189933,0.00510899,
6910,460.834315,-0.0015641,0.00421163,
6910,332.256786,-0.00123437,0.00334682,
6910,223.884505,-0.000985914,0.00267408,
6910,148.585232,-0.000799893,0.00218627,
6910,100.258265,-0.000691686,0.00193206,
6910,94.191431,-0.0007001,0.00195867,
6910,126.964891,-0.000816174,0.00224292,
6910,197.718862,-0.00101119,0.00277318,
6910,294.91384,-0.00128967,0.00349349,
6910,417.57903,-0.00161717,0.00435349,
6910,542.717548,-0.00193345,0.00521064,
7010,661.712209,-0.00227553,0.00607632,
7010,773.28783,-0.00256508,0.00683386,
7010,858.161669,-0.00273869,0.00730689,
7010,888.616996,-0.00282581,0.00753276,
7010,904.45088,-0.00284218,0.0075778,
7010,875.604042,-0.00272942,0.00727285,
7010,807.491415,-0.00251822,0.00671529,
7010,694.186434,-0.00221064,0.00590262,
7010,583.292109,-0.00191491,0.00511342,
7010,462.138495,-0.0015837,0.00422174,
7010,330.450259,-0.00125512,0.00334567,
7010,224.179153,-0.00100294,0.00269195,
7010,148.522438,-0.000810801,0.00219518,
7010,98.442079,-0.000707997,0.00193426,
7010,95.089863,-0.000729174,0.00197923,
7010,126.573638,-0.00083554,0.00225332,
7010,196.293929,-0.00103854,0.002789,
7010,296.029636,-0.00130772,0.00350875,
7010,418.06689,-0.00163682,0.00437261,
7010,542.012324,-0.00195003,0.00522231,
7110,661.142232,-0.00227443,0.00607008,
7110,773.838488,-0.00257289,0.00685451,
7110,857.794563,-0.00273383,0.00730432,
7110,885.559386,-0.00281954,0.00752441,
7110,906.721145,-0.00285074,0.00760157,
7110,876.27546,-0.00272258,0.00726811,
7110,804.066707,-0.00250444,0.00668517,
7110,694.920642,-0.00221809,0.00591532,
7110,582.722133,-0.00191484,0.0051111,
7110,459.950371,-0.00158405,0.00421627,
7110,331.218275,-0.00125601,0.00334778,
7110,224.314401,-0.00100257,0.00269272,
7110,150.739537,-0.000814758,0.00219799,
7110,96.128374,-0.000713682,0.00193342,
7110,95.587382,-0.000735505,0.00198771,
7110,127.679773,-0.000840804,0.00226044,
7110,198.781524,-0.00103922,0.00279905,
7110,296.77833,-0.00131825,0.00351903,
7110,416.313493,-0.0016341,0.00436235,
7110,542.500185,-0.00195622,0.00522932,
7210,661.26299,-0.00228263,0.00607685,
7210,773.910943,-0.00256259,0.00685129,
7210,859.359594,-0.00273971,0.00731625,
7210,887.665417,-0.00282085,0.00753254,
7210,904.653755,-0.0028436,0.00758731,
7210,874.517214,-0.00271753,0.00725982,
7210,807.56387,-0.00252009,0.0067221,
7210,693.857972,-0.00220986,0.00590198,
7210,582.736623,-0.00191118,0.0051116,
7210,460.312643,-0.00157886,0.00422574,
7210,328.320102,-0.0012414,0.00334201,
7210,224.82158,-0.000995853,0.00269296,
7210,147.725442,-0.000819087,0.00221018,
7210,99.697952,-0.000710113,0.00193728,
7210,94.225243,-0.000734203,0.00198391,
7210,127.921287,-0.000836828,0.00226618,
7210,196.941187,-0.00104695,0.00279259,
7210,298.193604,-0.00132055,0.00353113,
7210,417.994435,-0.00163555,0.00436384,
7210,541.336082,-0.00196016,0.00523729,
7310,661.407899,-0.00195941,0.00518548,
7310,773.664596,-0.00228689,0.00605697,
7310,858.18099,-0.00257801,0.00682286,
7310,886.076233,-0.0027479,0.00728306,
7310,905.059504,-0.00283003,0.00750469,
7310,877.439573,-0.00285739,0.0075679,
7310,804.897525,-0.00274965,0.00725677,
7310,692.099736,-0.00253286,0.00667649,
7310,584.1036,-0.00223593,0.0058866,
7310,457.849192,-0.00195154,0.00510647,
7310,329.435898,-0.00160766,0.00418376,
7310,225.285288,-0.00128714,0.00335159,
7310,147.116826,-0.00103464,0.0026769,
7310,98.147432,-0.000841329,0.00217524,
7310,96.413361,-0.000747979,0.00193454,
7310,128.776247,-0.000753989,0.00197267,
7310,196.723824,-0.000860671,0.00225923,
7310,295.831594,-0.00106236,0.00278601,
7310,417.839866,-0.00133857,0.00350895,
7310,543.640136,-0.00164904,0.00436856,
7410,663.745772,-0.0022834,0.00610889,
7410,775.273096,-0.00256603,0.00686619,
7410,857.89117,-0.00274674,0.00732479,
7410,887.931086,-0.00281966,0.00753835,
7410,904.291478,-0.00283884,0.00759292,
7410,876.589432,-0.00273179,0.00727999,
7410,803.936288,-0.00250942,0.00670108,
7410,692.302609,-0.0022098,0.00590465,
7410,582.606205,-0.00191829,0.00511545,
7410,460.389928,-0.00157641,0.00421076,
7410,326.928979,-0.0012433,0.00333341,
7410,224.449648,-0.00101052,0.00269534,
7410,148.411342,-0.000814285,0.00219258,
7410,97.620931,-0.000715057,0.0019344,
7410,96.041429,-0.000736268,0.00198458,
7410,128.071025,-0.000844001,0.00226252,
7410,194.917298,-0.00103992,0.00278306,
7410,298.512403,-0.00132697,0.00353662,
7410,420.114934,-0.0016403,0.00437648,
7410,542.244178,-0.00195621,0.00522564,
7510,662.040671,-0.00231152,0.00607047,
7510,775.867227,-0.00261192,0.0068727,
7510,860.398118,-0.00277064,0.0073133,
7510,885.849207,-0.00284974,0.00752385,
7510,908.358634,-0.00288444,0.00760106,
7510,874.164599,-0.00275977,0.00726077,
7510,804.694651,-0.00254171,0.006693,
7510,694.466592,-0.00224091,0.00590227,
7510,582.123175,-0.00194342,0.00509173,
7510,458.892536,-0.00162017,0.00421126,
7510,330.261878,-0.00128146,0.00334332,
7510,220.653046,-0.00102717,0.002659,
7510,149.459513,-0.000860273,0.00221217,
7510,98.896125,-0.000741458,0.00192586,
7510,95.225111,-0.000764923,0.00197695,
7510,129.607055,-0.000874964,0.00227517,
7510,199.013378,-0.00108183,0.00280391,
7510,296.759009,-0.00135647,0.00352113,
7510,420.317806,-0.00167951,0.00439167,
7510,545.282439,-0.00199131,0.0052377,
7610,662.465738,-0.0022823,0.00608937,
7610,775.055731,-0.00257453,0.0068695,
7610,860.383627,-0.00274732,0.00733203,
7610,886.351563,-0.00282536,0.00752911,
7610,906.165654,-0.00284766,0.00760248,
7610,876.009791,-0.00273542,0.00727936,
7610,802.859124,-0.00250064,0.00667482,
7610,691.829238,-0.00220889,0.00590207,
7610,583.098896,-0.00191685,0.00511436,
7610,456.409764,-0.00157185,0.00418996,
7610,328.919058,-0.00125176,0.00334721,
7610,224.63803,-0.000998845,0.00267442,
7610,146.783537,-0.000817364,0.00220075,
7610,100.229283,-0.000715276,0.00194409,
7610,96.563099,-0.000729436,0.00198351,
7610,127.196744,-0.00084298,0.00226133,
7610,200.592881,-0.00105544,0.00281051,
7610,298.97128,-0.00132262,0.00353243,
7610,420.960235,-0.00164501,0.0043842,
7610,543.683609,-0.00197187,0.00525388,
7710,663.001904,-0.00234376,0.0060916,
7710,775.490461,-0.00263896,0.00687899,
7710,861.586382,-0.00280512,0.00733026,
7710,884.825173,-0.00287826,0.00752664,
7710,906.769448,-0.00290937,0.00760562,
7710,876.734343,-0.00278153,0.00726384,
7710,802.298805,-0.00257302,0.00668564,
7710,692.660053,-0.00227355,0.00590203,
7710,581.611162,-0.00197266,0.00509719,
7710,457.197102,-0.00163663,0.00420183,
7710,329.020494,-0.0013145,0.00334034,
7710,223.044036,-0.00106577,0.00268109,
7710,148.841237,-0.000875198,0.00219553,
7710,97.901087,-0.000775477,0.00193817,
7710,96.596911,-0.000799766,0.00199518,
7710,128.046874,-0.000904846,0.00226653,
7710,200.274082,-0.00111405,0.00282041,
7710,302.946605,-0.00139081,0.00353851,
7710,416.873807,-0.00171229,0.00438687,
7710,545.562597,-0.00203543,0.00525729,
7810,662.412605,-0.00233227,0.00613346,
7810,776.50483,-0.00262226,0.00690036,
7810,861.238598,-0.00278764,0.00735713,
7810,886.332241,-0.00286264,0.00755944,
7810,906.349208,-0.00289236,0.00761973,
7810,875.2949,-0.00276698,0.00729411,
7810,803.506388,-0.0025487,0.00671245,
7810,690.080662,-0.00225033,0.00591967,
7810,581.287531,-0.00196057,0.00513296,
7810,457.467599,-0.00161899,0.00422362,
7810,326.499084,-0.00128184,0.00335784,
7810,223.338683,-0.00104123,0.00271087,
7810,145.822311,-0.00085476,0.00221942,
7810,97.538816,-0.00075267,0.00196044,
7810,94.85318,-0.000780632,0.00202628,
7810,130.771153,-0.000882616,0.00230504,
7810,197.84928,-0.00108527,0.0028335,
7810,299.599217,-0.00136768,0.00357866,
7810,419.419372,-0.0016828,0.00441667,
7810,542.471203,-0.00200984,0.00528245,
7910,663.596032,-0.00193665,0.00527507,
7910,779.171173,-0.00226771,0.00615677,
7910,859.456201,-0.00254918,0.00692595,
7910,887.626774,-0.00271703,0.00736596,
7910,906.841903,-0.0028049,0.00759248,
7910,872.850745,-0.00281947,0.00764111,
7910,804.269581,-0.00269306,0.00729823,
7910,691.790595,-0.0024851,0.00674365,
7910,576.53451,-0.00218119,0.00592939,
7910,459.428699,-0.00188371,0.00512574,
7910,324.822974,-0.00154924,0.00425299,
7910,221.06362,-0.00121463,0.00335383,
7910,148.411342,-0.000974029,0.00272257,
7910,95.568061,-0.000789999,0.00223553,
7910,96.210489,-0.000684802,0.00197443,
7910,129.800266,-0.000709203,0.00203747,
7910,196.767297,-0.000816204,0.00230817,
7910,300.647389,-0.00102565,0.00285634,
7910,420.153576,-0.00129755,0.00358592,
7910,545.209984,-0.00161882,0.00443884,
8010,664.721496,-0.00246709,0.00606182,
8010,777.456405,-0.0027505,0.00683113,
8010,860.031012,-0.00291851,0.0072736,
8010,887.037472,-0.00298899,0.00747961,
8010,906.146333,-0.00301887,0.007551,
8010,875.0244,-0.00288938,0.00721081,
8010,801.588746,-0.00267606,0.00662803,
8010,690.457427,-0.00237814,0.00584103,
8010,579.833609,-0.00207991,0.00504334,
8010,457.037703,-0.00174093,0.00415564,
8010,325.523366,-0.00140877,0.00327268,
8010,222.237379,-0.00116617,0.00262774,
8010,149.000636,-0.000982471,0.00214908,
8010,98.379285,-0.000884029,0.00189472,
8010,97.360096,-0.000903435,0.001947,
8010,130.38473,-0.00101171,0.00223391,
8010,199.607503,-0.00120927,0.00276478,
8010,301.256005,-0.00150404,0.00351026,
8010,422.839219,-0.0018163,0.00435665,
8010,545.741318,-0.00213566,0.00520507,
8110,664.397865,-0.00235652,0.00613012,
8110,777.915287,-0.00265698,0.00692449,
8110,861.866542,-0.00280541,0.00735115,
8110,885.912001,-0.00288307,0.00756209,
8110,905.991762,-0.00291234,0.00763142,
8110,875.333542,-0.00278664,0.00729891,
8110,801.36655,-0.00256268,0.00670361,
8110,689.607291,-0.00226869,0.00591505,
8110,578.964154,-0.0019747,0.00512475,
8110,457.839532,-0.00164279,0.00422743,
8110,323.272452,-0.00130246,0.00334648,
8110,220.749651,-0.0010587,0.00270939,
8110,148.855727,-0.000879395,0.00222644,
8110,95.094694,-0.000765127,0.00196081,
8110,95.935163,-0.000804481,0.00202949,
8110,129.239954,-0.000908362,0.0023091,
8110,199.501237,-0.00111695,0.00285111,
8110,302.062663,-0.0013909,0.00358644,
8110,422.438305,-0.00171124,0.00442695,
8110,545.359724,-0.00203616,0.00530286,
8210,665.035467,-0.00226149,0.00616865,
8210,776.446866,-0.00255328,0.00694212,
8210,861.195124,-0.00271995,0.00739506,
8210,887.206534,-0.00279404,0.00758374,
8210,904.518505,-0.00282394,0.00766009,
8210,875.43498,-0.00269491,0.00732175,
8210,800.559885,-0.0024714,0.00673197,
8210,690.230402,-0.00217843,0.00594595,
8210,579.244312,-0.00187855,0.00514237,
8210,455.84462,-0.00154226,0.00424832,
8210,323.335245,-0.00121254,0.00337565,
8210,221.870277,-0.000963826,0.00272226,
8210,145.711214,-0.000776605,0.00223488,
8210,99.32119,-0.000686369,0.0019917,
8210,96.152525,-0.000713758,0.00204395,
8210,130.278464,-0.000814306,0.00232725,
8210,199.998756,-0.00102938,0.00287885,
8210,303.01906,-0.00130106,0.00360747,
8210,420.844308,-0.00161981,0.00445184,
8210,547.320827,-0.00194435,0.00532232,
8310,664.958181,-0.00226126,0.00614161,
8310,777.543351,-0.00256108,0.00692427,
8310,861.257919,-0.00272045,0.0073717,
8310,887.42873,-0.00279003,0.00757152,
8310,905.025692,-0.00282186,0.00762777,
8310,873.362762,-0.00269908,0.00729759,
8310,800.579206,-0.00247352,0.00670994,
8310,689.017992,-0.00218065,0.00591347,
8310,578.089869,-0.00188457,0.0051198,
8310,455.85428,-0.001545,0.00422329,
8310,323.398039,-0.00121513,0.00335055,
8310,221.425891,-0.000976456,0.00271948,
8310,147.097505,-0.000781247,0.00222218,
8310,96.195998,-0.000689106,0.00197047,
8310,96.654875,-0.000715428,0.00203235,
8310,130.20601,-0.000826338,0.00231382,
8310,201.399538,-0.00103263,0.00285895,
8310,301.758355,-0.00131023,0.0035942,
8310,421.438434,-0.00163315,0.00443667,
8310,547.233882,-0.00196289,0.00532078,
8410,665.866281,-0.00230118,0.00614773,
8410,776.707704,-0.00259375,0.00691729,
8410,861.987301,-0.00276397,0.0073888,
8410,887.70406,-0.00283395,0.00756991,
8410,904.73104,-0.00286151,0.00764277,
8410,874.348152,-0.00273975,0.00729259,
8410,798.188191,-0.00250734,0.00670364,
8410,689.558988,-0.00222102,0.00592429,
8410,579.133215,-0.00191965,0.00511777,
8410,453.907671,-0.00157897,0.00420824,
8410,324.204697,-0.0012571,0.00335553,
8410,220.464665,-0.00101313,0.00270668,
8410,145.493851,-0.000829154,0.0022172,
8410,98.780198,-0.000726828,0.00197363,
8410,95.683988,-0.000744346,0.00201655,
8410,131.23486,-0.000862345,0.00232612,
8410,200.336876,-0.00107104,0.00285542,
8410,302.159269,-0.00134645,0.00359091,
8410,422.800577,-0.00166885,0.00445029,
8410,546.296803,-0.00198991,0.00530448,
8510,667.383,-0.00228695,0.00616188,
8510,777.509539,-0.00257659,0.00693519,
8510,861.83273,-0.00274159,0.0073814,
8510,888.003542,-0.00281555,0.00758276,
8510,905.122299,-0.0028339,0.00763353,
8510,873.831305,-0.00271211,0.0072978,
8510,800.93182,-0.0024964,0.00670591,
8510,687.544745,-0.00219054,0.00591894,
8510,578.857887,-0.00189652,0.00512332,
8510,453.55989,-0.00156209,0.00421696,
8510,323.852086,-0.00122494,0.003351,
8510,218.938295,-0.000984853,0.00269755,
8510,145.600118,-0.000805763,0.00223077,
8510,97.635422,-0.000706412,0.00197717,
8510,94.872501,-0.000723156,0.00201876,
8510,128.554054,-0.000839534,0.00232732,
8510,205.54392,-0.00104938,0.00287386,
8510,299.927676,-0.00132235,0.0035827,
8510,423.138697,-0.00164904,0.00446882,
8510,549.2771,-0.00196979,0.00531762,
8610,666.605319,-0.00228389,0.00615485,
8610,779.209815,-0.00258122,0.00693773,
8610,862.228818,-0.00273749,0.00737685,
8610,886.254956,-0.00281065,0.0075752,
8610,904.363934,-0.00283056,0.00762396,
8610,872.744477,-0.00270932,0.00729408,
8610,799.33298,-0.00248953,0.00669451,
8610,688.810288,-0.00219102,0.00591688,
8610,575.89691,-0.00189151,0.00510885,
8610,454.994488,-0.00155867,0.00422053,
8610,322.40783,-0.00122431,0.00333445,
8610,218.67746,-0.000983971,0.00270332,
8610,147.962125,-0.000807982,0.00223193,
8610,95.461795,-0.000694453,0.00196478,
8610,94.901482,-0.000727861,0.00203729,
8610,200.230609,-0.000840638,0.00232016,
8610,304.54543,-0.00104833,0.00286112,
8610,423.394703,-0.00132506,0.00360939,
8610,545.499803,-0.00163646,0.00444299,
8710,668.469821,-0.0023047,0.00617245,
8710,778.301713,-0.00259828,0.00695092,
8710,862.103229,-0.00275574,0.00738639,
8710,886.805615,-0.00283111,0.00758293,
8710,906.672841,-0.00285786,0.00765015,
8710,874.715258,-0.00273086,0.00729926,
8710,799.04799,-0.00250588,0.00670218,
8710,687.675164,-0.00221889,0.00592563,
8710,576.829159,-0.00190868,0.00511699,
8710,450.565107,-0.0015721,0.00421145,
8710,325.26736,-0.00124658,0.00336071,
8710,219.126676,-0.00100458,0.00270557,
8710,144.919048,-0.00081882,0.00221991,
8710,96.06075,-0.000720365,0.00198484,
8710,96.123544,-0.000750343,0.00203547,
8710,129.911363,-0.000858234,0.00233302,
8710,203.988569,-0.00106997,0.00287996,
8710,303.183289,-0.00134472,0.00360928,
8710,425.046663,-0.00166625,0.00447112,
8710,548.185451,-0.00198998,0.00532324,
8810,668.701676,-0.00230418,0.0061947,
8810,779.074566,-0.00259647,0.00695201,
8810,860.393287,-0.00274787,0.00739426,
8810,888.660469,-0.0028298,0.00760462,
8810,906.030404,-0.00284742,0.00765136,
8810,872.527112,-0.00271968,0.00731112,
8810,799.574496,-0.00250119,0.00672197,
8810,685.65126,-0.00219807,0.00591878,
8810,577.47642,-0.00191414,0.00514082,
8810,451.912759,-0.00156994,0.00421934,
8810,322.57206,-0.00100893,0.00272745,
8810,144.465001,-0.000805487,0.00222628,
8810,95.399001,-0.00072276,0.00199239,
8810,98.987901,-0.000751728,0.0020578,
8810,131.563319,-0.000866454,0.0023444,
8810,202.104759,-0.00107716,0.00288753,
8810,304.71932,-0.00136233,0.00363439,
8810,425.249535,-0.00167883,0.00447409,
8810,549.91953,-0.00200261,0.00533659,
8910,669.411733,-0.00231055,0.00616246,
8910,779.707339,-0.00259325,0.00693063,
8910,860.57201,-0.00275058,0.0073596,
8910,887.805497,-0.00282582,0.00757114,
8910,904.547487,-0.00283924,0.0076139,
8910,873.956894,-0.0027075,0.00727681,
8910,798.912741,-0.00249017,0.00670172,
8910,687.457799,-0.00218278,0.00592213,
8910,573.84886,-0.00187999,0.00513431,
8910,453.825556,-0.00155491,0.00425505,
8910,321.789554,-0.00121487,0.00338317,
8910,218.918974,-0.000974737,0.00273535,
8910,142.450774,-0.000792485,0.00224473,
8910,96.423021,-0.000702831,0.00199954,
8910,97.09443,-0.000723092,0.00206425,
8910,129.592564,-0.000841925,0.00234266,
8910,201.988832,-0.00105897,0.00290083,
8910,302.531201,-0.00133644,0.00363481,
8910,425.109457,-0.00165636,0.0044976,
8910,549.045245,-0.00197731,0.00533766,
9010,669.860952,-0.00229174,0.0061923,
9010,780.649254,-0.00257796,0.00695199,
9010,862.132211,-0.00273859,0.00738806,
9010,889.114522,-0.00281825,0.00760115,
9010,906.339547,-0.00283929,0.00764818,
9010,873.33861,-0.00271312,0.00731136,
9010,797.89354,-0.00247845,0.0066873,
9010,686.776724,-0.0021947,0.00592815,
9010,576.196389,-0.00189473,0.00511729,
9010,450.594089,-0.00155388,0.00421082,
9010,322.915011,-0.00123201,0.00335768,
9010,220.609573,-0.000989798,0.00271039,
9010,143.479624,-0.000800471,0.00222379,
9010,96.877068,-0.000714092,0.00199977,
9010,97.640252,-0.000733126,0.00205259,
9010,130.181858,-0.00083899,0.00233209,
9010,203.379954,-0.00106174,0.00290696,
9010,306.704568,-0.00134017,0.00363662,
9010,423.124206,-0.00164724,0.00446601,
9010,549.059736,-0.00197959,0.00535922,
9110,668.75481,-0.0023407,0.00620418,
9110,782.040389,-0.00263377,0.00696967,
9110,862.769816,-0.00278296,0.00739127,
9110,888.40446,-0.00286797,0.00761283,
9110,907.407054,-0.00289004,0.00765539,
9110,870.971741,-0.00275645,0.00730615,
9110,799.646952,-0.00253779,0.0067103,
9110,686.728421,-0.00224315,0.00592511,
9110,574.974321,-0.00192826,0.00511115,
9110,451.400748,-0.00160431,0.00422405,
9110,321.364488,-0.00127204,0.0033524,
9110,220.56127,-0.00103127,0.0027165,
9110,144.015785,-0.000845391,0.00222668,
9110,95.215451,-0.00075552,0.00199278,
9110,96.650044,-0.000777826,0.0020522,
9110,131.911099,-0.000892792,0.0023491,
9110,205.312067,-0.00110304,0.00289906,
9110,304.951174,-0.00138226,0.00362887,
9110,427.838572,-0.00170764,0.00449819,
9110,550.885591,-0.002024,0.00535073,
9210,670.12662,-0.00200743,0.0053471,
9210,780.045463,-0.00232336,0.00620686,
9210,861.987301,-0.00261653,0.00696438,
9210,891.505544,-0.00277171,0.00739056,
9210,904.808326,-0.00285584,0.00762275,
9210,871.93781,-0.00285562,0.0076351,
9210,798.439368,-0.00273611,0.00730331,
9210,683.202289,-0.0025153,0.00670246,
9210,575.418709,-0.00221216,0.00589835,
9210,452.08665,-0.00191656,0.00512011,
9210,318.53394,-0.00157683,0.00421009,
9210,219.711141,-0.0012476,0.00334265,
9210,144.001294,-0.00101205,0.00271911,
9210,92.505663,-0.000818702,0.00220842,
9210,98.567666,-0.000726968,0.00197759,
9210,131.809663,-0.000758799,0.00205505,
9210,201.694185,-0.000867636,0.00234209,
9210,305.786814,-0.00108211,0.00288972,
9210,427.292749,-0.00135267,0.00364459,
9210,549.494463,-0.00167873,0.00448402,
9310,670.12179,-0.00239439,0.00620394,
9310,781.204742,-0.00268539,0.00697268,
9310,864.407303,-0.00283851,0.00740513,
9310,886.443339,-0.00291793,0.00760207,
9310,906.300904,-0.00293465,0.00765495,
9310,873.526993,-0.00280669,0.00730531,
9310,797.3139,-0.00258377,0.00669577,
9310,684.960525,-0.00228776,0.00592095,
9310,575.896909,-0.0019813,0.00511431,
9310,449.830902,-0.00164423,0.00421067,
9310,321.654306,-0.0013224,0.00334867,
9310,216.552135,-0.00107918,0.00270844,
9310,146.363302,-0.000897929,0.00223677,
9310,94.713102,-0.000797121,0.00197624,
9310,96.74665,-0.000827356,0.00205304,
9310,133.819061,-0.000950526,0.00236189,
9310,204.036872,-0.00114659,0.00289861,
9310,304.907701,-0.00142857,0.003642,
9310,429.1186,-0.00174964,0.00449993,
9310,550.933894,-0.00206979,0.00535246,
9410,670.720749,-0.00199695,0.00537398,
9410,781.407616,-0.00259869,0.00697376,
9410,861.70231,-0.00275174,0.00740172,
9410,888.080827,-0.00283062,0.00760956,
9410,904.784174,-0.00284957,0.00765853,
9410,870.68192,-0.00271556,0.00730431,
9410,796.091826,-0.00249477,0.00670653,
9410,685.989382,-0.00219784,0.00591634,
9410,572.336974,-0.00190001,0.00511232,
9410,449.96615,-0.00156635,0.00421614,
9410,318.780285,-0.00123281,0.00334854,
9410,218.725763,-0.000991953,0.00271178,
9410,143.339546,-0.000804337,0.00222143,
9410,95.756442,-0.000722136,0.00199864,
9410,98.253698,-0.000748411,0.00206205,
9410,130.829116,-0.000853453,0.0023445,
9410,204.278386,-0.00107022,0.00291417,
9410,308.0812,-0.00134507,0.00365018,
9410,426.867683,-0.00166426,0.00450004,
9410,551.701912,-0.00198797,0.00537144,
9510,670.44059,-0.00234336,0.00623114,
9510,782.19979,-0.00263217,0.00701267,
9510,862.557281,-0.00278356,0.00742399,
9510,889.79077,-0.00286326,0.00763947,
9510,903.876068,-0.00287686,0.00767434,
9510,871.66248,-0.00274924,0.00733075,
9510,795.802006,-0.00252108,0.00672191,
9510,684.052425,-0.00222507,0.0059345,
9510,575.534637,-0.00192943,0.00513727,
9510,447.444736,-0.0015796,0.00421938,
9510,319.891251,-0.00101801,0.00273425,
9510,141.344639,-0.00083314,0.00223989,
9510,98.248868,-0.000752248,0.00202992,
9510,97.712706,-0.000770712,0.0020786,
9510,129.457316,-0.000885639,0.00238337,
9510,206.949533,-0.00109936,0.00294377,
9510,306.458223,-0.00137525,0.00366152,
9510,426.635829,-0.00169703,0.00452444,
9510,554.126725,-0.00202999,0.0053999,
9610,676.290104,-0.0023032,0.00623833,
9610,779.610733,-0.00257541,0.00696368,
9610,861.253089,-0.00274614,0.00741934,
9610,890.423546,-0.00281054,0.00762066,
9610,903.141855,-0.00282348,0.00764268,
9610,872.08272,-0.00270727,0.00731555,
9610,796.73426,-0.00247443,0.00670112,
9610,682.15411,-0.00217195,0.00591502,
9610,573.38032,-0.0018723,0.00510918,
9610,449.130509,-0.00153877,0.00421768,
9610,320.697909,-0.00121396,0.00335997,
9610,215.407358,-0.000964132,0.00270461,
9610,142.909651,-0.000782615,0.00223569,
9610,96.843256,-0.000698737,0.00200852,
9610,96.708008,-0.000721192,0.00206491,
9610,130.829116,-0.000830962,0.00236683,
9610,205.452145,-0.00104517,0.00292311,
9610,307.192427,-0.00132403,0.00366325,
9610,427.572906,-0.00165032,0.00452023,
9610,552.851525,-0.00196708,0.00537503,
9710,671.445296,-0.00231885,0.0062492,
9710,785.952958,-0.00260134,0.00701609,
9710,860.591331,-0.00274468,0.00740862,
9710,890.037118,-0.00283345,0.00764135,
9710,906.175315,-0.00284945,0.0076738,
9710,870.150582,-0.00271829,0.00731724,
9710,797.376695,-0.0025009,0.00671895,
9710,682.656463,-0.00219785,0.00591868,
9710,573.100162,-0.00189729,0.00512918,
9710,449.294739,-0.00155615,0.00421371,
9710,319.678718,-0.00123273,0.00335981,
9710,216.547305,-0.00081759,0.00224456,
9710,95.152657,-0.000720283,0.00200392,
9710,98.215056,-0.000753432,0.00208065,
9710,132.809532,-0.000867938,0.00237806,
9710,205.456975,-0.00107174,0.00292545,
9710,308.322714,-0.00136591,0.00367857,
9710,429.036485,-0.00168367,0.00452256,
9710,551.016009,-0.0020027,0.00538179,
9810,672.860579,-0.00232868,0.00623924,
9810,783.982183,-0.00261227,0.00700616,
9810,862.513808,-0.00276578,0.00741932,
9810,889.500949,-0.00284768,0.00763935,
9810,904.349443,-0.00285748,0.00766062,
9810,870.759206,-0.00273093,0.00732166,
9810,797.492623,-0.00250699,0.00671177,
9810,682.381135,-0.00220064,0.0059089,
9810,573.38515,-0.00190822,0.00512067,
9810,449.260927,-0.00157166,0.00421567,
9810,317.437465,-0.00124107,0.00333943,
9810,218.228244,-0.00100789,0.00272434,
9810,143.634193,-0.000815266,0.00222617,
9810,94.075504,-0.0007357,0.00200814,
9810,98.838162,-0.000754978,0.00207289,
9810,130.244652,-0.000874742,0.00236777,
9810,209.263238,-0.00109032,0.00294563,
9810,307.062009,-0.00136132,0.0036624,
9810,429.335964,-0.00168478,0.00453171,
9810,552.909488,-0.00201478,0.00538882,
9910,673.440217,-0.00233385,0.00622876,
9910,781.436598,-0.00262471,0.00699371,
9910,865.310577,-0.0027853,0.00743008,
9910,888.67496,-0.00286146,0.00762512,
9910,904.18038,-0.00287301,0.00765668,
9910,871.420963,-0.0027467,0.00731503,
9910,795.821327,-0.00251484,0.0066972,
9910,680.33791,-0.00222446,0.00591284,
9910,574.153169,-0.00192401,0.00512113,
9910,446.285466,-0.00158148,0.00419703,
9910,318.205481,-0.00126113,0.00335661,
9910,216.827461,-0.00101542,0.00271361,
9910,140.393074,-0.00083342,0.00222409,
9910,96.838425,-0.000752729,0.00201506,
9910,97.533986,-0.000776078,0.0020624,
9910,131.703397,-0.000895525,0.00237432,
9910,205.901361,-0.00111178,0.00293687,
9910,307.646474,-0.00138554,0.00366916,
9910,429.654763,-0.00171216,0.00453245,
9910,553.25727,-0.0020362,0.0053855,
10010,674.280692,-0.00237848,0.00626181,
10010,787.189523,-0.0026685,0.00701837,
10010,862.146702,-0.00281344,0.00743119,
10010,889.356039,-0.00289101,0.00763845,
10010,904.769683,-0.00290627,0.00766719,
10010,871.575534,-0.00278178,0.00733037,
10010,797.59889,-0.00255097,0.0067158,
10010,681.371598,-0.00224408,0.00590916,
10010,571.530313,-0.001959,0.00512425,
10010,450.637561,-0.00162273,0.00422456,
10010,316.258875,-0.00128703,0.00334846,
10010,218.020541,-0.00105952,0.00274078,
10010,142.957953,-0.000866131,0.00223902,
10010,94.17211,-0.000783771,0.00201464,
10010,98.335813,-0.000809386,0.0020923,
10010,134.418015,-0.000924465,0.00239434,
10010,206.717679,-0.00113644,0.00294737,
10010,309.501304,-0.00142261,0.00368945,
10010,429.27317,-0.00173675,0.00454495,
10010,557.140835,-0.00206497,0.00541021,
10110,672.812276,-0.00200554,0.00540804,
10110,785.537549,-0.00232012,0.00624658,
10110,863.726224,-0.00261117,0.00702305,
10110,890.317278,-0.00275897,0.00743135,
10110,904.054791,-0.00283744,0.0076364,
10110,872.454657,-0.00284613,0.0076735,
10110,795.000171,-0.00272173,0.00732401,
10110,680.874076,-0.00248147,0.00669312,
10110,573.877842,-0.00219495,0.00591757,
10110,446.246823,-0.0019014,0.00512811,
10110,316.075324,-0.00155267,0.00420353,
10110,217.044824,-0.00121954,0.00335161,
10110,143.262261,-0.000983684,0.00272386,
10110,94.00305,-0.000801199,0.00223376,
10110,98.775368,-0.000708254,0.00201031,
10110,132.365146,-0.000739921,0.00209406,
10110,207.620942,-0.000853355,0.00237575,
10110,309.052087,-0.00107395,0.00295689,
10110,430.949282,-0.00134933,0.00369183,
10110,555.266677,-0.00167264,0.00454473,
10210,674.072989,-0.00233707,0.00625905,
10210,787.160541,-0.00262747,0.00702937,
10210,863.875965,-0.00276922,0.00742771,
10210,889.491289,-0.00285238,0.00764892,
10210,905.528048,-0.00285675,0.00766931,
10210,870.459724,-0.00272516,0.00731069,
10210,794.821448,-0.00249344,0.00670173,
10210,682.328001,-0.00220317,0.00592158,
10210,572.346635,-0.00190562,0.00511448,
10210,446.952046,-0.00156006,0.0042113,
10210,316.973757,-0.00123866,0.00334871,
10210,214.547568,-0.00100087,0.00271123,
10210,143.088371,-0.000820147,0.00224421,
10210,93.713233,-0.000717185,0.00199954,
10210,97.248999,-0.000757506,0.00209074,
10210,134.746475,-0.000874342,0.00238941,
10210,206.249142,-0.00108629,0.00294604,
10210,309.636552,-0.00137151,0.00370268,
10210,431.103851,-0.00168879,0.00454409,
10210,554.822289,-0.00201644,0.00541428,
10310,672.276111,-0.00233881,0.00626668,
10310,788.290839,-0.00263233,0.00703924,
10310,862.291612,-0.00277511,0.00743898,
10310,889.022745,-0.00285487,0.0076498,
10310,904.832478,-0.00287381,0.00767591,
10310,869.227986,-0.00274118,0.00732093,
10310,794.41087,-0.00250897,0.00671182,
10310,681.506847,-0.00221274,0.00591771,
10310,570.21647,-0.00191171,0.00511865,
10310,445.957006,-0.00157421,0.00421099,
10310,315.33629,-0.00101042,0.00272551,
10310,140.117748,-0.000820536,0.00223049,
10310,94.114147,-0.000739566,0.00201416,
10310,98.765708,-0.000774275,0.00209484,
10310,133.046215,-0.000884908,0.00239504,
10310,207.340786,-0.00109312,0.00295126,
10310,308.037727,-0.0013814,0.00370127,
10310,432.127873,-0.00170375,0.00455892,
10310,553.503616,-0.00234701,0.00627276,
10410,785.247729,-0.00265658,0.0070405,
10410,862.842271,-0.00280259,0.00744387,
10410,889.631369,-0.0028868,0.00766856,
10410,906.035235,-0.00289146,0.00768819,
10410,868.653175,-0.00275259,0.00733047,
10410,794.430191,-0.00252154,0.00671093,
10410,680.801621,-0.00222968,0.00593413,
10410,569.820385,-0.00191902,0.00512026,
10410,444.363008,-0.00158174,0.0042259,
10410,318.393862,-0.0012554,0.0033771,
10410,212.837648,-0.00100591,0.00271724,
10410,141.397772,-0.000834145,0.00225916,
10410,96.23947,-0.000744687,0.00203704,
10410,98.29717,-0.000768645,0.00210592,
10410,131.790342,-0.000883545,0.00240159,
10410,209.644831,-0.00109647,0.00298384,
10410,308.747779,-0.00137297,0.00370885,
10410,430.524216,-0.0016999,0.00458071,
10410,556.266549,-0.00202506,0.00543327,
10510,676.879403,-0.00237316,0.00628642,
10510,788.822175,-0.00266417,0.00704369,
10510,862.905066,-0.00280501,0.00742274,
10510,890.723027,-0.00289435,0.00765316,
10510,906.098029,-0.00290061,0.00767218,
10510,869.691699,-0.00276861,0.00730499,
10510,793.343366,-0.00254275,0.00668269,
10510,680.32825,-0.0022536,0.00589769,
10510,570.945846,-0.00195455,0.00508857,
10510,444.512747,-0.00161382,0.00417594,
10510,316.529371,-0.00129993,0.00333744,
10510,214.740779,-0.00105588,0.00269571,
10510,139.035765,-0.000872754,0.00221068,
10510,96.017278,-0.000791725,0.00199896,
10510,98.842992,-0.000822026,0.00206938,
10510,133.81423,-0.000925319,0.00237257,
10510,208.712586,-0.00114119,0.00294282,
10510,311.240207,-0.00141548,0.00368912,
10510,430.881657,-0.00172916,0.0045431,
10510,556.836525,-0.00204889,0.005417,
10610,677.053294,-0.0023597,0.00629061,
10610,787.464852,-0.00263769,0.0070318,
10610,863.185226,-0.00278468,0.0074414,
10610,891.761552,-0.00287126,0.0076501,
10610,904.286648,-0.00287462,0.0076691,
10610,869.28112,-0.00275116,0.00732258,
10610,794.797297,-0.00250844,0.00668529,
10610,678.241552,-0.00221362,0.00590368,
10610,571.96021,-0.00191779,0.00512018,
10610,443.870318,-0.00158263,0.00419129,
10610,315.940076,-0.00126131,0.00335378,
10610,216.185034,-0.00101889,0.00271475,
10610,138.402998,-0.000836257,0.00223529,
10610,96.379549,-0.000753393,0.00202403,
10610,98.896125,-0.000773387,0.00209035,
10610,134.645039,-0.000898003,0.00239852,
10610,209.80423,-0.00112112,0.00297291,
10610,310.192035,-0.00139884,0.00371235,
10610,432.07474,-0.00171673,0.00457237,
10610,556.672295,-0.00203456,0.00541706,
10710,678.917797,-0.00238902,0.00630055,
10710,787.054274,-0.00266506,0.00704002,
10710,863.156244,-0.00281199,0.00743743,
10710,890.515322,-0.00290147,0.00766676,
10710,905.672959,-0.0029058,0.00767392,
10710,868.199123,-0.00276269,0.00731197,
10710,792.681611,-0.00253627,0.0067012,
10710,680.424856,-0.00223812,0.00591034,
10710,567.042959,-0.00193928,0.0051082,
10710,445.512618,-0.00160328,0.00420405,
10710,314.336421,-0.00127506,0.00334255,
10710,216.242997,-0.00104643,0.00272851,
10710,142.093333,-0.000854904,0.00223488,
10710,92.133731,-0.000774566,0.00201833,
10710,100.17132,-0.000807253,0.00211516,
10710,134.775456,-0.000914535,0.00240372,
10710,207.369767,-0.00113363,0.0029701,
10710,312.259398,-0.00173898,0.0045761,
10710,557.23261,-0.00206163,0.00542866,
10810,677.053294,-0.00234402,0.00629522,
10810,786.445652,-0.00263875,0.00705876,
10810,866.373253,-0.00279096,0.00747446,
10810,889.356039,-0.00285888,0.0076616,
10810,904.107925,-0.00287231,0.00768634,
10810,868.904353,-0.00273727,0.0073275,
10810,792.855503,-0.00250468,0.00670129,
10810,679.338034,-0.00220961,0.00592076,
10810,568.086305,-0.00190721,0.00510876,
10810,443.063659,-0.00156669,0.00420704,
10810,314.519972,-0.00124389,0.00335202,
10810,213.827856,-0.00100962,0.0027267,
10810,141.151428,-0.000827235,0.0022426,
10810,94.355661,-0.000739548,0.00202394,
10810,98.504872,-0.000773922,0.00211953,
10810,135.582113,-0.000886933,0.00240976,
10810,206.8964,-0.00110003,0.0029799,
10810,313.935507,-0.00139219,0.00373649,
10810,433.205029,-0.00170898,0.00457893,
10810,556.75441,-0.00203229,0.00543614,
10910,676.502638,-0.00235179,0.00629629,
10910,790.078062,-0.00264609,0.00707894,
10910,864.755088,-0.00278421,0.00746389,
10910,889.186977,-0.00286705,0.00767616,
10910,905.301022,-0.00287408,0.00769965,
10910,868.503435,-0.00274001,0.00733507,
10910,790.430676,-0.00250348,0.00669389,
10910,680.806451,-0.00221786,0.00593694,
10910,567.448705,-0.00191459,0.00511732,
10910,442.826975,-0.00156711,0.00420478,
10910,313.756786,-0.00124647,0.00335302,
10910,214.378508,-0.00100801,0.00273717,
10910,139.190334,-0.000828127,0.00224637,
10910,94.563363,-0.000750899,0.00204159,
10910,98.664272,-0.000767595,0.00211237,
10910,131.935251,-0.000897381,0.00241912,
10910,210.649529,-0.00111207,0.00300588,
10910,311.525194,-0.0013882,0.00373439,
10910,432.350067,-0.00171395,0.00460698,
10910,557.904023,-0.00203157,0.00544352,
11010,677.884109,-0.00242567,0.00632904,
11010,788.976746,-0.00271751,0.00709385,
11010,862.953369,-0.00285146,0.0074721,
11010,890.167537,-0.00293967,0.00769423,
11010,905.151281,-0.00294863,0.00771147,
11010,868.170141,-0.00281512,0.00734989,
11010,792.67195,-0.00257943,0.00672114,
11010,677.826145,-0.00227978,0.00593651,
11010,567.352099,-0.00197651,0.00513687,
11010,443.276192,-0.00164754,0.00422182,
11010,312.259398,-0.00131712,0.00336441,
11010,214.610362,-0.00108475,0.00274802,
11010,138.209787,-0.00090017,0.00226008,
11010,94.061014,-0.000819661,0.00205137,
11010,98.572496,-0.000850074,0.00212485,
11010,135.021801,-0.000968811,0.00244641,
11010,209.094178,-0.00118968,0.00300704,
11010,311.940599,-0.0014636,0.00376372,
11010,434.514038,-0.00179893,0.00461476,
11010,557.817077,-0.002112,0.00547552,
11110,679.149652,-0.00232477,0.00633121,
11110,788.798024,-0.00260255,0.00707513,
11110,864.532892,-0.00275601,0.00748229,
11110,889.834243,-0.00283384,0.00768172,
11110,905.571521,-0.00284441,0.00770231,
11110,867.199242,-0.00270079,0.0073321,
11110,791.411233,-0.00247278,0.00671163,
11110,677.44455,-0.00218721,0.00592741,
11110,567.815808,-0.001883,0.0051179,
11110,441.793292,-0.00153668,0.00420098,
11110,316.978588,-0.00122324,0.00336984,
11110,213.132295,-0.000987052,0.00271915,
11110,140.083936,-0.00080768,0.00226932,
11110,93.959578,-0.000721258,0.00203205,
11110,97.079939,-0.000752842,0.00211091,
11110,134.881722,-0.000874657,0.0024359,
11110,209.311541,-0.00108315,0.00300392,
11110,313.776108,-0.00137642,0.00375527,
11110,436.330229,-0.00169572,0.00460922,
11110,558.541623,-0.00202719,0.0054709,
11210,678.589335,-0.00236091,0.00631855,
11210,788.981576,-0.00265302,0.00708339,
11210,865.62455,-0.00279501,0.00747489,
11210,889.718315,-0.00287074,0.00767696,
11210,906.189806,-0.00287871,0.00770267,
11210,867.764392,-0.00274792,0.00733655,
11210,791.07794,-0.00250225,0.00669907,
11210,676.38671,-0.00221601,0.00591906,
11210,567.081602,-0.00190887,0.0051057,
11210,442.488854,-0.00157598,0.00420896,
11210,312.356003,-0.00124959,0.00334465,
11210,213.035689,-0.0010119,0.00272543,
11210,140.576625,-0.000836574,0.0022444,
11210,93.394435,-0.000746121,0.00203482,
11210,97.577458,-0.000782547,0.00211427,
11210,136.190729,-0.000899357,0.00242401,
11210,209.026554,-0.00111829,0.00299599,
11210,311.974411,-0.00140112,0.00374607,
11210,435.794066,-0.0017243,0.00460931,
11210,558.739665,-0.00204153,0.00545442,
11310,678.690772,-0.00235912,0.0063328,
11310,790.536943,-0.00264357,0.00709946,
11310,866.991537,-0.0027903,0.00749303,
11310,889.959832,-0.00286607,0.00768829,
11310,904.561978,-0.00287861,0.00771449,
11310,869.029942,-0.00274125,0.00735195,
11310,790.768799,-0.00249796,0.00670632,
11310,678.700433,-0.00221614,0.00593505,
11310,563.26083,-0.00190057,0.00511328,
11310,442.26183,-0.00156879,0.00421527,
11310,313.491121,-0.00123957,0.00336851,
11310,212.914932,-0.00100826,0.00273801,
11310,138.543076,-0.000825581,0.00225658,
11310,95.19613,-0.000741686,0.00204623,
11310,100.17132,-0.000776574,0.00213671,
11310,135.17637,-0.000892769,0.00244332,
11310,211.064934,-0.00111915,0.00302132,
11310,314.814619,-0.00140704,0.00377845,
11310,435.542891,-0.0017153,0.00461841,
11310,558.763817,-0.00204048,0.00547682,
11410,679.405659,-0.00234792,0.00637699,
11410,789.063692,-0.00262569,0.00712224,
11410,864.330017,-0.00276934,0.00751248,
11410,889.612047,-0.00283895,0.00772054,
11410,904.436389,-0.00285352,0.00773711,
11410,866.991537,-0.00271441,0.00737018,
11410,789.18928,-0.00248254,0.00673118,
11410,678.589335,-0.00219255,0.00595755,
11410,564.410443,-0.00188504,0.00513624,
11410,438.991721,-0.00154684,0.00422952,
11410,313.051565,-0.00122549,0.00339956,
11410,210.712323,-0.00098096,0.00275133,
11410,138.055218,-0.000807028,0.00228726,
11410,94.220413,-0.00072901,0.00207016,
11410,97.794821,-0.000759821,0.0021515,
11410,137.176106,-0.000886586,0.00248695,
11410,210.963498,-0.00108662,0.0030342,
11410,313.418666,-0.00137773,0.00378523,
11410,436.726313,-0.00170138,0.0046538,
11410,559.715387,-0.00201289,0.00549773,
11510,679.473283,-0.00204559,0.00547424,
11510,792.850672,-0.00236757,0.0063358,
11510,864.822712,-0.00265692,0.00709767,
11510,891.321991,-0.00279089,0.00747327,
11510,905.846851,-0.00287754,0.00770009,
11510,865.648701,-0.00287516,0.00770363,
11510,793.425482,-0.0027392,0.00732124,
11510,675.61386,-0.00251447,0.0067202,
11510,564.821019,-0.00220309,0.00589717,
11510,442.305303,-0.00191055,0.00511193,
11510,311.752217,-0.00157295,0.00420937,
11510,211.562453,-0.00124078,0.00334128,
11510,139.910046,-0.0010134,0.00272664,
11510,91.288432,-0.000830893,0.00226061,
11510,99.287378,-0.000739391,0.00202671,
11510,137.354827,-0.000781521,0.00213167,
11510,209.335692,-0.000904156,0.0024495,
11510,316.50522,-0.00111769,0.00300685,
11510,436.228793,-0.00140946,0.00378855,
11510,560.56552,-0.00171727,0.00460997,
11610,682.598499,-0.00233499,0.00635207,
11610,788.45507,-0.00261199,0.00709161,
11610,865.851576,-0.00277216,0.00751575,
11610,892.413649,-0.00284618,0.00770785,
11610,901.871473,-0.00284348,0.00769793,
11610,867.754731,-0.00271529,0.00735666,
11610,789.710956,-0.00247319,0.0067057,
11610,674.25171,-0.00217786,0.00592095,
11610,565.704965,-0.00187952,0.00512661,
11610,440.305561,-0.00153862,0.00420812,
11610,310.27898,-0.00121769,0.00336432,
11610,211.277466,-0.000797893,0.00225827,
11610,94.606835,-0.000712191,0.00205075,
11610,98.171583,-0.000742846,0.0021359,
11610,135.978196,-0.000875907,0.0024603,
11610,211.132558,-0.00109025,0.00303077,
11610,315.365272,-0.00137466,0.00378156,
11610,436.257774,-0.00169216,0.00464467,
11610,559.831314,-0.00201975,0.00549409,
11710,681.366768,-0.00235443,0.00635826,
11710,789.252075,-0.0026395,0.00710178,
11710,867.556687,-0.00278677,0.007508,
11710,890.611929,-0.00286618,0.00770028,
11710,903.982336,-0.00287177,0.00771838,
11710,867.131617,-0.00273185,0.0073441,
11710,787.126729,-0.00249063,0.0066869,
11710,677.75369,-0.00221352,0.00594544,
11710,565.395825,-0.00190644,0.00510981,
11710,439.059345,-0.00156791,0.00420865,
11710,312.814881,-0.00124649,0.0033679,
11710,211.035952,-0.00100695,0.00272754,
11710,135.644907,-0.000828681,0.00225555,
11710,95.727461,-0.000752215,0.00206775,
11710,99.016882,-0.000783035,0.00212883,
11710,135.925063,-0.000905824,0.0024644,
11710,213.687777,-0.00111988,0.00303525,
11710,316.254045,-0.00141605,0.00379431,
11710,437.141718,-0.00173706,0.00463927,
11710,563.169055,-0.00206174,0.00551145,
11810,681.212198,-0.00236494,0.00638145,
11810,791.208359,-0.00263886,0.00711972,
11810,865.759799,-0.00278335,0.00751361,
11810,892.249417,-0.00286797,0.00772356,
11810,905.305852,-0.00287165,0.00772467,
11810,865.682514,-0.00272619,0.00735179,
11810,788.17008,-0.00249749,0.00671238,
11810,677.28998,-0.00220735,0.00594915,
11810,563.753522,-0.00189592,0.00511996,
11810,438.32031,-0.00155455,0.00421436,
11810,311.858484,-0.00123907,0.0033759,
11810,210.871722,-0.000998006,0.00274005,
11810,136.577151,-0.000822906,0.00227657,
11810,94.307358,-0.000742479,0.00206691,
11810,99.794558,-0.000775309,0.00216115,
11810,135.649737,-0.000897123,0.00247349,
11810,213.001877,-0.00111597,0.00304943,
11810,315.379763,-0.00140342,0.00379872,
11810,438.030492,-0.00172074,0.00466429,
11810,562.154691,-0.00204883,0.00551997,
11910,684.313262,-0.00241038,0.00637401,
11910,789.677144,-0.00268258,0.00709454,
11910,865.315408,-0.00283645,0.00750696,
11910,893.423192,-0.00291089,0.0076947,
11910,902.141972,-0.00290674,0.00769904,
11910,868.793255,-0.00278176,0.00735526,
11910,788.401936,-0.00252787,0.00668169,
11910,672.184335,-0.00224882,0.00591277,
11910,565.796741,-0.0019476,0.00512225,
11910,436.687671,-0.00159279,0.0041768,
11910,308.718797,-0.00128445,0.00336868,
11910,213.006708,-0.00104522,0.00272553,
11910,133.162142,-0.000863075,0.00224103,
11910,95.55357,-0.000794873,0.0020653,
11910,99.277717,-0.000811708,0.00212694,
11910,135.103915,-0.000940222,0.00246158,
11910,213.953443,-0.00116592,0.00304174,
11910,315.046473,-0.001442,0.00377524,
11910,438.416916,-0.00177849,0.0046524,
11910,562.222315,-0.00207929,0.00549124,
12010,680.801621,-0.00243645,0.00637641,
12010,793.903685,-0.00272404,0.00714621,
12010,866.05928,-0.00284748,0.00750318,
12010,891.428258,-0.00293472,0.00772843,
12010,906.924019,-0.0029421,0.00773313,
12010,863.581314,-0.00256733,0.00672618,
12010,673.623769,-0.00226553,0.00592056,
12010,561.811739,-0.00196182,0.00512145,
12010,438.305819,-0.00162191,0.00421039,
12010,309.303262,-0.00129702,0.00336907,
12010,209.012064,-0.00106408,0.0027407,
12010,136.982895,-0.000878356,0.00225981,
12010,94.848349,-0.00079893,0.00206253,
12010,99.306699,-0.000837145,0.00215227,
12010,136.673757,-0.000952105,0.00247565,
12010,212.856969,-0.00117379,0.00305495,
12010,317.398823,-0.00146074,0.00380528,
12010,437.040282,-0.00177855,0.00465219,
12010,563.56997,-0.00211246,0.00553329,
12110,681.043137,-0.0023678,0.00637992,
12110,793.193626,-0.00265608,0.00714583,
12110,867.749901,-0.00279033,0.00751161,
12110,890.312448,-0.00286227,0.00770762,
12110,905.349325,-0.00287774,0.00773252,
12110,864.692293,-0.00272236,0.00733959,
12110,787.363415,-0.00249252,0.00671159,
12110,675.372344,-0.00219893,0.00593028,
12110,561.280405,-0.00188916,0.00509821,
12110,436.528271,-0.00156376,0.00421117,
12110,310.414228,-0.00123209,0.00335422,
12110,208.804361,-0.000993137,0.00272172,
12110,135.644907,-0.000827896,0.00227223,
12110,93.99339,-0.000736411,0.00205922,
12110,97.664403,-0.000779383,0.00215316,
12110,137.060179,-0.000890658,0.00246529,
12110,212.997047,-0.00111438,0.00304796,
12110,316.118797,-0.00140202,0.00380452,
12110,439.870834,-0.00172447,0.00466635,
12110,562.082236,-0.00204345,0.00551321,
12210,685.264835,-0.00236345,0.00640292,
12210,794.4157,-0.00264158,0.0071367,
12210,864.813052,-0.00277531,0.00750889,
12210,891.911293,-0.00286044,0.00773006,
12210,906.614877,-0.00286536,0.00773404,
12210,863.760037,-0.00271603,0.00734609,
12210,788.793193,-0.0024795,0.00670559,
12210,674.879652,-0.00219207,0.00593114,
12210,563.333285,-0.00187943,0.0051134,
12210,437.190021,-0.00154295,0.0042053,
12210,309.805612,-0.00121905,0.00336351,
12210,209.876684,-0.000989085,0.00274456,
12210,136.393601,-0.000803551,0.0022608,
12210,92.63125,-0.00072483,0.0020677,
12210,100.533591,-0.000760571,0.00215616,
12210,138.180805,-0.000889312,0.00248222,
12210,212.509188,-0.00110317,0.00305956,
12210,317.128327,-0.00139435,0.00381658,
12210,439.919137,-0.0017198,0.00468033,
12210,562.874406,-0.00204055,0.00552577,
12310,682.376305,-0.00236693,0.00638236,
12310,794.831109,-0.00265274,0.00715044,
12310,866.561636,-0.00278237,0.00751937,
12310,892.157641,-0.00286206,0.00771889,
12310,904.86146,-0.0028673,0.00773211,
12310,865.305747,-0.00272384,0.00734834,
12310,787.107407,-0.00248066,0.00669787,
12310,673.744527,-0.00219848,0.00593066,
12310,562.024272,-0.00188866,0.00511432,
12310,436.84224,-0.0015498,0.00420484,
12310,309.366056,-0.00122287,0.00336246,
12310,208.036346,-0.000986718,0.00273706,
12310,136.668927,-0.000813474,0.00227495,
12310,92.935558,-0.000728303,0.00206547,
12310,98.157092,-0.000771675,0.00216273,
12310,139.050256,-0.00089345,0.002489,
12310,214.513756,-0.00110891,0.0030621,
12310,316.896473,-0.00140131,0.00382184,
12310,441.43585,-0.00172155,0.00468632,
12310,562.082236,-0.00203539,0.00552772,
12410,683.173307,-0.00239073,0.00640963,
12410,794.058256,-0.00266831,0.00714598,
12410,865.054569,-0.0027987,0.007518,
12410,894.423074,-0.00289041,0.00774226,
12410,905.513557,-0.00288455,0.00773328,
12410,863.634448,-0.00273461,0.00735072,
12410,786.223456,-0.00250191,0.00671314,
12410,673.111755,-0.00219978,0.00592652,
12410,562.893727,-0.00190535,0.00512886,
12410,435.982448,-0.00155784,0.00420959,
12410,306.719059,-0.00123252,0.00337097,
12410,212.750703,-0.00100533,0.00275538,
12410,135.514489,-0.000815325,0.00226472,
12410,94.896652,-0.000750008,0.00209339,
12410,101.944033,-0.000778855,0.00217525,
12410,137.060179,-0.00089815,0.00248755,
12410,214.75044,-0.00112347,0.00309105,
12410,319.640076,-0.00141714,0.00384045,
12410,441.353735,-0.00172857,0.00469054,
12410,564.671279,-0.00204295,0.00554399,
12510,686.742912,-0.00239282,0.00641772,
12510,794.869752,-0.0026723,0.00716208,
12510,866.204191,-0.00280753,0.00753003,
12510,893.447344,-0.00289652,0.00774749,
12510,905.238227,-0.00288825,0.00774392,
12510,863.122431,-0.00274888,0.00735166,
12510,785.672799,-0.00250757,0.00671954,
12510,673.044131,-0.00221717,0.00593457,
12510,558.271126,-0.00191373,0.00512741,
12510,435.6878,-0.00157211,0.00421717,
12510,308.168145,-0.00125192,0.00336058,
12510,208.157103,-0.00102434,0.00274503,
12510,136.553,-0.000838417,0.00228459,
12510,92.578117,-0.000760413,0.002075,
12510,100.074714,-0.000792789,0.00217158,
12510,138.818402,-0.000918287,0.00250172,
12510,215.27211,-0.00113873,0.00308254,
12510,317.171799,-0.00142861,0.00383956,
12510,441.348905,-0.00175632,0.00470224,
12510,563.521667,-0.00207339,0.00554874,
12610,684.071746,-0.00238857,0.00639952,
12610,794.662047,-0.00266984,0.00715214,
12610,867.566348,-0.00281423,0.00752252,
12610,890.3366,-0.00288894,0.00772036,
12610,906.155994,-0.00288946,0.00773277,
12610,864.465267,-0.00273888,0.00733606,
12610,786.078547,-0.00250436,0.00669617,
12610,674.493226,-0.00221068,0.00592297,
12610,559.91826,-0.00190166,0.00509743,
12610,432.842757,-0.00156244,0.00419252,
12610,306.728719,-0.00124647,0.00335526,
12610,207.229689,-0.00100647,0.00271764,
12610,137.852346,-0.000836578,0.00227341,
12610,93.983729,-0.00075571,0.00205732,
12610,98.785029,-0.000795263,0.00215017,
12610,139.866573,-0.000922676,0.00249761,
12610,212.939084,-0.00113213,0.00306527,
12610,318.87206,-0.00143403,0.0038332,
12610,441.498644,-0.00174561,0.00468446,
12610,563.072449,-0.00206864,0.00554305,
12710,685.902437,-0.00238009,0.00641057,
12710,796.830867,-0.00266486,0.00716263,
12710,866.774171,-0.00279375,0.00751714,
12710,892.215605,-0.00287456,0.00773573,
12710,907.097912,-0.00287762,0.00773725,
12710,863.489538,-0.0027377,0.00734821,
12710,785.721102,-0.00219785,0.00591482,
12710,558.077914,-0.00188658,0.00510727,
12710,435.895502,-0.00155536,0.00419545,
12710,307.008876,-0.00122764,0.00334814,
12710,208.031516,-0.000996351,0.0027274,
12710,138.427149,-0.000820521,0.002271,
12710,91.853575,-0.000736831,0.00206126,
12710,99.770406,-0.000784667,0.00216747,
12710,140.214353,-0.000900738,0.0024973,
12710,214.050049,-0.00112287,0.00306968,
12710,319.920233,-0.0014143,0.00384107,
12710,443.198907,-0.00173272,0.00469635,
12710,562.516963,-0.00205054,0.00553666,
12810,686.134292,-0.00240748,0.0064163,
12810,793.386839,-0.00268731,0.00715795,
12810,867.489062,-0.00282783,0.00752858,
12810,894.394092,-0.00290975,0.00773991,
12810,904.856629,-0.00289941,0.00773266,
12810,863.330136,-0.00275428,0.00733715,
12810,784.716393,-0.00252241,0.00669901,
12810,671.295556,-0.00222237,0.0059123,
12810,559.942411,-0.00191627,0.00510332,
12810,434.320827,-0.00158084,0.00418693,
12810,307.612662,-0.0012585,0.00335721,
12810,208.712586,-0.00102897,0.00272917,
12810,135.384072,-0.000841344,0.00225229,
12810,91.814933,-0.000778153,0.00207723,
12810,101.663876,-0.00080855,0.00216755,
12810,137.403129,-0.000928943,0.00249117,
12810,215.257619,-0.00115553,0.00307753,
12810,321.209919,-0.00144131,0.00383791,
12810,439.175272,-0.00175908,0.00468175,
12810,566.869068,-0.00209278,0.00556339,
12910,684.651384,-0.00240117,0.00641281,
12910,797.217294,-0.00269248,0.00717594,
12910,867.063992,-0.00282402,0.00752166,
12910,892.133489,-0.00290393,0.00772986,
12910,905.890324,-0.00290777,0.00773972,
12910,861.175803,-0.00275307,0.00733686,
12910,785.170444,-0.0025189,0.00669686,
12910,672.029765,-0.0022243,0.0059064,
12910,558.106895,-0.00191272,0.00509042,
12910,435.059862,-0.00158497,0.00419972,
12910,306.269842,-0.00102078,0.00272126,
12910,135.920233,-0.00085232,0.00226021,
12910,93.645609,-0.000770885,0.00206668,
12910,99.968448,-0.00080664,0.00215607,
12910,139.856913,-0.00094001,0.00250177,
12910,216.223676,-0.00115705,0.00307165,
12910,320.678588,-0.00144616,0.00383066,
12910,442.121752,-0.00176272,0.00469313,
12910,566.724159,-0.00208976,0.00554412,
13010,685.588466,-0.00239487,0.00641224,
13010,796.198093,-0.00267966,0.00718502,
13010,869.14104,-0.00281335,0.00754151,
13010,892.297721,-0.00288929,0.00773632,
13010,904.460541,-0.00288834,0.00775126,
13010,863.460556,-0.00274174,0.00734636,
13010,783.025777,-0.00249828,0.00669595,
13010,671.65783,-0.00220393,0.00592052,
13010,558.266295,-0.00189863,0.00509738,
13010,434.296675,-0.00156273,0.00421046,
13010,306.593471,-0.00123763,0.00334966,
13010,206.374729,-0.00101012,0.00272736,
13010,135.52898,-0.00083548,0.00228848,
13010,93.404095,-0.000757254,0.00207405,
13010,98.11845,-0.0007966,0.00216954,
13010,139.629889,-0.000925859,0.00251316,
13010,216.146392,-0.00114259,0.00308207,
13010,321.349997,-0.00143065,0.00386239,
13010,442.411569,-0.00175575,0.00470687,
13010,566.57442,-0.0020732,0.00556114,
13110,686.129462,-0.00242229,0.00643137,
13110,796.941965,-0.00270205,0.0071782,
13110,864.938641,-0.00283348,0.00753321,
13110,893.215487,-0.00291537,0.00775026,
13110,904.508844,-0.00291061,0.00774163,
13110,861.301392,-0.00276423,0.00735395,
13110,785.638986,-0.00251673,0.00669242,
13110,669.725704,-0.00223001,0.00591927,
13110,558.372562,-0.0019209,0.0050981,
13110,435.581533,-0.00158347,0.00419358,
13110,304.463315,-0.00125809,0.00334447,
13110,204.896662,-0.00102274,0.00273257,
13110,136.04582,-0.000848118,0.00226896,
13110,93.515192,-0.000766145,0.00207162,
13110,100.509439,-0.000808589,0.00217847,
13110,139.257958,-0.000936686,0.002509,
13110,216.015974,-0.00116463,0.00309215,
13110,320.258353,-0.0014505,0.00386224,
13110,443.165095,-0.00176942,0.00471262,
13110,565.395825,-0.00208251,0.00555844,
13210,689.399587,-0.00239759,0.00643915,
13210,794.381888,-0.00267448,0.00717399,
13210,868.812577,-0.00282068,0.00756237,
13210,894.437565,-0.0028923,0.00775697,
13210,901.629955,-0.00288525,0.0077362,
13210,863.977402,-0.00274809,0.00736953,
13210,783.025777,-0.00249883,0.00668948,
13210,667.305715,-0.00220174,0.00592456,
13210,559.275829,-0.00190016,0.00510788,
13210,430.833354,-0.00155469,0.00418925,
13210,307.660965,-0.00124856,0.00337377,
13210,203.771207,-0.000998873,0.00272058,
13210,132.997913,-0.000832415,0.00228417,
13210,95.210621,-0.000759081,0.00209503,
13210,99.098997,-0.000785574,0.0021703,
13210,140.15639,-0.000921409,0.00252771,
13210,216.441039,-0.00113572,0.00310011,
13210,321.72193,-0.00143102,0.00387377,
13210,442.179715,-0.00175211,0.00472217,
13210,567.298965,-0.00207289,0.0055824,
13310,687.240435,-0.00239688,0.00643638,
13310,797.487792,-0.00268435,0.00721444,
13310,869.541959,-0.00281216,0.00755,
13310,890.133725,-0.0028915,0.00774836,
13310,905.373477,-0.00289946,0.00777041,
13310,862.552451,-0.00273757,0.0073422,
13310,780.306301,-0.00249424,0.00669716,
13310,671.96697,-0.00221351,0.0059317,
13310,558.135877,-0.00189414,0.00509787,
13310,430.775391,-0.00155909,0.00419816,
13310,304.289425,-0.00124611,0.00335615,
13310,205.70815,-0.0010082,0.00274406,
13310,134.920365,-0.000828046,0.00227605,
13310,91.718327,-0.000756588,0.00208043,
13310,99.717273,-0.000798962,0.00218681,
13310,139.108219,-0.000928556,0.00252466,
13310,217.426417,-0.00114985,0.00310905,
13310,321.625324,-0.00143626,0.00387127,
13310,445.169667,-0.00176203,0.0047332,
13310,566.598571,-0.0020766,0.00557888,
13410,687.670333,-0.00241208,0.00645326,
13410,799.144597,-0.00269327,0.00720836,
13410,866.769341,-0.00282818,0.00755482,
13410,894.036646,-0.00290944,0.00777215,
13410,903.615229,-0.00289813,0.00774787,
13410,861.682989,-0.00275481,0.00736593,
13410,784.590804,-0.00250469,0.00670885,
13410,667.218769,-0.00220797,0.00591545,
13410,558.121386,-0.00191335,0.00511398,
13410,431.103851,-0.00156348,0.00418963,
13410,303.37167,-0.0012498,0.00335655,
13410,208.002534,-0.0010236,0.00274969,
13410,132.036687,-0.000838396,0.00226179,
13410,90.829555,-0.000769326,0.00209241,
13410,101.924712,-0.000811734,0.00219996,
13410,138.055218,-0.00093508,0.00251892,
13410,216.885425,-0.00115597,0.00311829,
13410,324.291642,-0.00144105,0.00388482,
13410,443.044338,-0.00176219,0.00473498,
13410,568.018681,-0.00209667,0.0056023,
13510,688.98418,-0.00238636,0.0064651,
13510,797.526435,-0.00267317,0.00721505,
13510,868.7208,-0.00279863,0.00756244,
13510,891.191571,-0.00287594,0.00776219,
13510,904.388085,-0.00287552,0.00776382,
13510,862.842272,-0.00272556,0.00736433,
13510,780.88594,-0.00247237,0.00669931,
13510,669.416563,-0.00219183,0.00594072,
13510,556.087828,-0.00187623,0.00510012,
13510,428.809461,-0.00154227,0.00420026,
13510,305.598432,-0.00122671,0.00336488,
13510,203.259197,-0.000981082,0.00272698,
13510,134.678851,-0.00081711,0.00228851,
13510,94.225243,-0.000739484,0.00209381,
13510,100.016751,-0.000779038,0.00219187,
13510,138.002084,-0.000908608,0.0025256,
13510,221.904089,-0.00113998,0.00313465,
13510,320.973235,-0.00141968,0.00387307,
13510,445.744473,-0.00174172,0.00475,
13510,568.250536,-0.00206586,0.00559686,
13610,689.008332,-0.00240829,0.00646634,
13610,799.405435,-0.00268702,0.007212,
13610,864.967623,-0.00280829,0.00754467,
13610,893.766147,-0.0029026,0.00777985,
13610,903.948523,-0.00289599,0.00775569,
13610,859.547977,-0.00273804,0.00735567,
13610,781.3255,-0.00249986,0.00670165,
13610,667.291224,-0.00220256,0.00591819,
13610,558.135877,-0.00189983,0.00510583,
13610,430.282701,-0.00156065,0.00419146,
13610,303.20261,-0.00124112,0.0033524,
13610,206.427862,-0.00100693,0.00274527,
13610,131.457053,-0.000824527,0.00227082,
13610,92.63125,-0.000758463,0.00209487,
13610,99.809048,-0.000798682,0.0021834,
13610,141.194901,-0.000924153,0.00254302,
13610,217.518192,-0.0011492,0.00312148,
13610,324.803653,-0.00144002,0.00389195,
13610,443.991076,-0.00176281,0.0047396,
13610,569.627173,-0.00208748,0.0056085,
13710,691.09986,-0.00243675,0.00651198,
13710,800.77725,-0.00271842,0.00726049,
13710,866.841796,-0.0028436,0.0076002,
13710,892.916006,-0.00291767,0.00780909,
13710,903.335069,-0.00291745,0.00779707,
13710,863.146583,-0.00276554,0.00740699,
13710,781.856837,-0.00251572,0.00672499,
13710,665.793826,-0.00222307,0.00595063,
13710,558.749326,-0.00192607,0.0051526,
13710,431.504765,-0.00156905,0.00421778,
13710,302.618146,-0.00125648,0.00338987,
13710,206.939872,-0.0010274,0.00277674,
13710,133.070367,-0.000837966,0.00229822,
13710,91.650703,-0.000770506,0.00212834,
13710,100.364531,-0.000812173,0.00223149,
13710,139.286939,-0.000941943,0.00256529,
13710,218.213753,-0.00116756,0.00316764,
13710,325.542687,-0.00145752,0.00392798,
13710,443.396949,-0.00176949,0.00476921,
13710,570.631876,-0.00210497,0.00565077,
13810,690.621658,-0.00242799,0.00649892,
13810,802.583795,-0.00271222,0.00725349,
13810,867.406946,-0.00282996,0.00757723,
13810,892.481274,-0.00291071,0.00779223,
13810,906.38302,-0.00291227,0.00779699,
13810,861.204785,-0.00276278,0.00738037,
13810,779.147021,-0.0025082,0.00671554,
13810,666.798532,-0.00221866,0.00594602,
13810,554.856101,-0.00191233,0.00512708,
13810,429.756199,-0.00156445,0.00420229,
13810,303.077023,-0.00125229,0.00337817,
13810,203.201233,-0.00101128,0.00275038,
13810,132.906137,-0.000836629,0.00230127,
13810,92.723026,-0.000769343,0.00211475,
13810,99.437117,-0.000807984,0.00222006,
13810,139.712004,-0.00093776,0.00255925,
13810,219.266755,-0.00116227,0.00315399,
13810,322.369188,-0.00145651,0.00391504,
13810,445.662358,-0.00177498,0.00477815,
13810,568.603148,-0.00209655,0.00563373,
13910,691.486285,-0.00243059,0.00649721,
13910,797.589229,-0.00270812,0.00722224,
13910,869.493655,-0.00284735,0.00760306,
13910,894.804672,-0.00291985,0.00779482,
13910,902.055026,-0.00290791,0.00776685,
13910,861.98247,-0.0027726,0.00738338,
13910,781.204742,-0.00251773,0.00671508,
13910,666.204403,-0.0022202,0.00593083,
13910,555.150749,-0.00191824,0.00511756,
13910,429.838314,-0.00157604,0.00420228,
13910,303.183289,-0.00126222,0.00337349,
13910,205.03191,-0.00101844,0.00274059,
13910,132.002875,-0.000848301,0.00229505,
13910,94.732423,-0.000780054,0.0021159,
13910,99.548213,-0.000814256,0.00220796,
13910,140.996859,-0.000939748,0.00255883,
13910,222.362966,-0.00117706,0.00316171,
13910,323.736159,-0.00146136,0.00391218,
13910,445.903872,-0.00178897,0.00477643,
13910,571.462689,-0.00212093,0.00564769,
14010,692.640732,-0.00242627,0.00650992,
14010,799.313659,-0.00269843,0.00723251,
14010,868.276408,-0.00283472,0.00759835,
14010,894.693574,-0.00291255,0.00778991,
14010,901.939098,-0.00290359,0.00777586,
14010,861.726462,-0.00276359,0.00738605,
14010,780.1469,-0.00250161,0.00670309,
14010,665.025806,-0.00221295,0.00592589,
14010,556.160283,-0.00191126,0.00513427,
14010,428.765989,-0.00156119,0.0041871,
14010,299.98081,-0.00125084,0.00337412,
14010,205.828907,-0.00100928,0.00275142,
14010,131.336296,-0.000837004,0.00228795,
14010,93.819499,-0.000776776,0.0021248,
14010,102.146905,-0.000809158,0.00221557,
14010,140.16122,-0.000942894,0.00256064,
14010,221.807484,-0.00116025,0.00315843,
14010,322.214619,-0.00145065,0.00390928,
14010,447.937426,-0.00177983,0.00479303,
14010,570.573912,-0.00209847,0.00562773,
14110,692.693865,-0.00240757,0.00651337,
14110,798.043281,-0.00268185,0.00724479,
14110,869.213495,-0.00281505,0.007611,
14110,893.11888,-0.00289261,0.00780423,
14110,902.475267,-0.00287755,0.0077752,
14110,860.779715,-0.00273849,0.00739232,
14110,780.084105,-0.00248469,0.00672141,
14110,666.045003,-0.00219605,0.00593935,
14110,553.832076,-0.00188878,0.00511934,
14110,427.944839,-0.00154687,0.00420399,
14110,302.593994,-0.00123123,0.00336646,
14110,203.805019,-0.000997699,0.00274403,
14110,131.722718,-0.000821347,0.00229827,
14110,94.529551,-0.000747409,0.00212272,
14110,100.393512,-0.000786504,0.00221008,
14110,141.421924,-0.000920717,0.00256783,
14110,221.266492,-0.00115276,0.00316821,
14110,324.25783,-0.00143479,0.0039273,
14110,448.145129,-0.00176431,0.00478439,
14110,570.279264,-0.00209215,0.00564376,
14210,693.138254,-0.0024261,0.00650456,
14210,799.313658,-0.00271564,0.00724602,
14210,870.594974,-0.00285045,0.00761211,
14210,893.626067,-0.00292168,0.00780128,
14210,904.615112,-0.00291196,0.0077936,
14210,862.040435,-0.00276027,0.0073881,
14210,778.084348,-0.0025108,0.00669588,
14210,666.552186,-0.00221995,0.00594215,
14210,554.503488,-0.00191381,0.00511109,
14210,425.9934,-0.00156548,0.00419705,
14210,301.425065,-0.0012466,0.00336021,
14210,202.095098,-0.00101277,0.0027404,
14210,132.427939,-0.000842114,0.00229028,
14210,92.713365,-0.000776008,0.00211098,
14210,98.780198,-0.00081013,0.00220769,
14210,141.156258,-0.000946194,0.0025636,
14210,222.140773,-0.00117577,0.00316552,
14210,324.610441,-0.00145741,0.003917,
14210,449.652181,-0.00178993,0.00479854,
14210,571.588277,-0.00211654,0.00565126,
14310,692.853266,-0.00245961,0.00651829,
14310,801.36655,-0.00273242,0.007258,
14310,868.691818,-0.00286872,0.00760173,
14310,892.616524,-0.00294158,0.00780275,
14310,903.383372,-0.0029318,0.00778807,
14310,860.369136,-0.0027882,0.00738211,
14310,778.654327,-0.00253823,0.00670856,
14310,665.190037,-0.0022469,0.00592802,
14310,552.397476,-0.00193916,0.00510799,
14310,427.684003,-0.00159159,0.00419873,
14310,297.96175,-0.00127294,0.0033526,
14310,203.379954,-0.00103712,0.00274602,
14310,130.833946,-0.000864071,0.00227572,
14310,91.312583,-0.000794186,0.00209984,
14310,101.267793,-0.000843517,0.00222227,
14310,141.745553,-0.000964664,0.00255515,
14310,220.054091,-0.00118706,0.00315668,
14310,327.61488,-0.00149177,0.00393482,
14310,447.874633,-0.00181124,0.00478415,
14310,571.288798,-0.00213741,0.00565351,
14410,694.698448,-0.00242981,0.00653758,
14410,799.758049,-0.00270678,0.00726266,
14410,867.17992,-0.00283562,0.00762066,
14410,897.089427,-0.00292586,0.00783893,
14410,901.610634,-0.00289792,0.00778383,
14410,860.021351,-0.00275763,0.00740129,
14410,778.6978,-0.00250321,0.00670965,
14410,664.871236,-0.00220592,0.00594291,
14410,554.624246,-0.00189839,0.00511746,
14410,424.607106,-0.00154847,0.00418473,
14410,300.434856,-0.00124555,0.00336637,
14410,204.944965,-0.00100199,0.0027442,
14410,129.389692,-0.000828758,0.00228152,
14410,94.080335,-0.000769429,0.00212232,
14410,100.717141,-0.00079878,0.00221367,
14410,139.919706,-0.00116596,0.00317997,
14410,325.875977,-0.00146103,0.00392988,
14410,446.502829,-0.00177952,0.00479064,
14410,573.278884,-0.00211726,0.00567381,
14510,694.070506,-0.0023863,0.00654233,
14510,802.675571,-0.00267195,0.00730038,
14510,868.976808,-0.00279196,0.00762313,
14510,892.28806,-0.00286849,0.00782641,
14510,902.895507,-0.00286704,0.0078057,
14510,859.234005,-0.00270505,0.00739432,
14510,777.910456,-0.00246045,0.00672392,
14510,665.735862,-0.00216471,0.00594925,
14510,552.981943,-0.00185211,0.00511501,
14510,424.727864,-0.00151048,0.00419921,
14510,301.545822,-0.00118936,0.00337424,
14510,202.360764,-0.000954452,0.00274418,
14510,132.138123,-0.000782164,0.0022964,
14510,93.877463,-0.000717127,0.0021201,
14510,100.238943,-0.000751387,0.0022224,
14510,141.36396,-0.000887231,0.00258087,
14510,221.768841,-0.00112096,0.00318264,
14510,325.856655,-0.00141436,0.00395195,
14510,450.492653,-0.0017287,0.0048147,
14510,571.549634,-0.0020577,0.00567347,
14610,692.930551,-0.00237498,0.006556,
14610,801.830262,-0.0026679,0.00730828,
14610,871.585195,-0.0027955,0.00765334,
14610,892.848381,-0.00286574,0.0078342,
14610,902.088839,-0.00286041,0.00782343,
14610,861.465624,-0.00271299,0.0074272,
14610,776.070101,-0.00245036,0.00672078,
14610,663.71196,-0.00217082,0.00596872,
14610,554.097743,-0.00185984,0.00514233,
14610,424.220683,-0.00150917,0.00419469,
14610,300.811619,-0.0012045,0.00339376,
14610,204.887002,-0.000978715,0.00276997,
14610,129.592564,-0.000789631,0.00229079,
14610,93.326811,-0.000742699,0.00214759,
14610,102.166226,-0.000773905,0.00224123,
14610,142.605343,-0.000918911,0.00260043,
14610,222.488553,-0.00113987,0.00319273,
14610,327.648692,-0.00144784,0.00396942,
14610,448.869673,-0.00177421,0.00482835,
14610,573.959957,-0.00210677,0.00569318,
14710,693.486037,-0.00244075,0.00657328,
14710,803.907306,-0.00272718,0.00732457,
14710,867.914133,-0.00284751,0.00764598,
14710,894.481038,-0.0029391,0.0078688,
14710,904.267327,-0.00292282,0.007839,
14710,859.86195,-0.00276796,0.00742912,
14710,778.094009,-0.00251096,0.00673583,
14710,664.460659,-0.00221682,0.00596472,
14710,552.030373,-0.00190363,0.00513913,
14710,425.500711,-0.0015595,0.00422063,
14710,299.338382,-0.00124303,0.00338589,
14710,203.597316,-0.00101137,0.00276457,
14710,130.061101,-0.000834692,0.00231521,
14710,93.14326,-0.000804169,0.00224701,
14710,143.817744,-0.000939124,0.00260546,
14710,222.372627,-0.00117364,0.00320705,
14710,328.440859,-0.00146267,0.00396636,
14710,450.043435,-0.00178297,0.0048374,
14710,574.220793,-0.00212051,0.00571867,
14810,697.586979,-0.00247926,0.00663062,
14810,803.665789,-0.00275129,0.00734665,
14810,868.208784,-0.00288455,0.00769039,
14810,896.02675,-0.00296928,0.00790811,
14810,903.431676,-0.00294732,0.00787095,
14810,859.717039,-0.00280361,0.00747106,
14810,778.852371,-0.00253506,0.00676529,
14810,664.489641,-0.00224099,0.00599948,
14810,550.590942,-0.0019224,0.00516157,
14810,424.684391,-0.00157634,0.00424344,
14810,297.889296,-0.00126567,0.00340616,
14810,202.97421,-0.00103211,0.00279704,
14810,131.094782,-0.000853446,0.00232735,
14810,91.713497,-0.000783644,0.00215623,
14810,100.910353,-0.000834325,0.002277,
14810,144.914218,-0.00096916,0.00263078,
14810,222.754219,-0.00118894,0.00322254,
14810,329.348953,-0.00149245,0.00401399,
14810,450.226986,-0.00181112,0.00486311,
14810,573.69912,-0.00214979,0.00574207,
14910,696.630576,-0.0025164,0.00666032,
14910,803.158604,-0.00278911,0.00738593,
14910,869.773815,-0.00292445,0.00773769,
14910,893.25896,-0.00300464,0.00794681,
14910,904.475032,-0.00298739,0.00791419,
14910,860.29185,-0.00283266,0.0074934,
14910,776.572455,-0.00257848,0.00680624,
14910,665.020976,-0.00227677,0.00602073,
14910,549.325403,-0.00196435,0.00518325,
14910,424.33661,-0.00161186,0.00425805,
14910,297.531855,-0.00128625,0.00340871,
14910,201.94536,-0.0010461,0.00279272,
14910,131.703397,-0.000864572,0.00232242,
14910,92.012974,-0.000800455,0.00214656,
14910,101.924712,-0.000846872,0.00227658,
14910,143.093201,-0.000982833,0.0026261,
14910,222.652783,-0.0012108,0.00322998,
14910,329.489032,-0.00151397,0.00401402,
14910,451.052967,-0.00184738,0.0048893,
14910,575.669885,-0.00217433,0.00576215,
